customer_id,order_id,product_id,order_date,quantity,unit_price,total_value
C00346,O000976,P0067,2024-01-01 08:30:00,1,16.43,16.43
C00482,O003363,P0156,2024-01-01 12:03:00,3,51.6,154.8
C00443,O001979,P0054,2024-01-01 12:57:00,4,18.2,72.8
C00296,O001879,P0137,2024-01-01 14:49:00,1,26.62,26.62
C00348,O002952,P0055,2024-01-01 19:43:00,1,15.91,15.91
C00527,O000422,P0153,2024-01-01 21:18:00,1,8.56,8.56
C00395,O001249,P0148,2024-01-02 10:04:00,1,17.81,17.81
C00554,O001295,P0139,2024-01-02 15:35:00,2,62.71,125.42
C00442,O001764,P0072,2024-01-02 15:43:00,1,10.55,10.55
C00442,O001764,P0043,2024-01-02 15:43:00,2,13.11,26.22
C00442,O001764,P0044,2024-01-02 15:43:00,3,23.77,71.31
C00442,O001764,P0213,2024-01-02 15:43:00,4,22.32,89.28
C00578,O003334,P0190,2024-01-02 17:53:00,3,45.27,135.81
C00578,O003334,P0204,2024-01-02 17:53:00,2,26.26,52.52
C00578,O003334,P0053,2024-01-02 17:53:00,1,9.35,9.35
C00578,O003334,P0067,2024-01-02 17:53:00,3,15.77,47.31
C00024,O001238,P0220,2024-01-02 21:39:00,3,14.44,43.32
C00024,O001238,P0067,2024-01-02 21:39:00,2,13.95,27.9
C00024,O001238,P0100,2024-01-02 21:39:00,5,13.1,65.5
C00282,O002611,P0117,2024-01-03 15:26:00,1,23.64,23.64
C00282,O002611,P0119,2024-01-03 15:26:00,3,51.25,153.75
C00013,O000544,P0044,2024-01-03 20:06:00,3,24.57,73.71
C00217,O002414,P0025,2024-01-03 20:32:00,3,15.76,47.28
C00213,O002131,P0083,2024-01-03 21:20:00,2,15.79,31.58
C00213,O002131,P0192,2024-01-03 21:20:00,1,19.94,19.94
C00213,O002131,P0137,2024-01-03 21:20:00,2,22.8,45.6
C00213,O002131,P0032,2024-01-03 21:20:00,1,16.49,16.49
C00504,O003394,P0097,2024-01-03 22:50:00,1,9.58,9.58
C00145,O003157,P0103,2024-01-04 14:49:00,3,16.02,48.06
C00182,O000786,P0076,2024-01-04 15:59:00,1,29.18,29.18
C00050,O000332,P0220,2024-01-04 19:16:00,5,15.48,77.4
C00050,O000332,P0075,2024-01-04 19:16:00,4,23.7,94.8
C00407,O002460,P0153,2024-01-05 08:40:00,1,7.15,7.15
C00407,O002460,P0174,2024-01-05 08:40:00,3,9.99,29.97
C00573,O000861,P0067,2024-01-05 12:53:00,1,18.24,18.24
C00120,O002973,P0129,2024-01-05 21:17:00,1,14.32,14.32
C00120,O002973,P0172,2024-01-05 21:17:00,1,25.05,25.05
C00120,O002973,P0044,2024-01-05 21:17:00,2,25.35,50.7
C00527,O003201,P0184,2024-01-05 22:25:00,1,38.42,38.42
C00454,O002716,P0004,2024-01-06 10:00:00,1,29.08,29.08
C00028,O002480,P0028,2024-01-06 12:15:00,4,26.27,105.08
C00578,O002070,P0185,2024-01-06 13:01:00,3,24.25,72.75
C00531,O000970,P0080,2024-01-07 12:02:00,1,15.83,15.83
C00290,O002044,P0062,2024-01-07 13:27:00,2,17.18,34.36
C00290,O002044,P0074,2024-01-07 13:27:00,3,25.38,76.14
C00374,O001313,P0065,2024-01-07 17:53:00,1,25.72,25.72
C00264,O001264,P0076,2024-01-07 18:53:00,1,28.65,28.65
C00120,O002818,P0032,2024-01-08 08:24:00,2,15.38,30.76
C00120,O002818,P0129,2024-01-08 08:24:00,2,14.17,28.34
C00330,O001884,P0213,2024-01-08 09:14:00,1,21.84,21.84
C00330,O001884,P0025,2024-01-08 09:14:00,4,16.26,65.04
C00330,O001884,P0175,2024-01-08 09:14:00,1,9.68,9.68
C00134,O000645,P0049,2024-01-08 10:56:00,1,27.44,27.44
C00134,O000645,P0188,2024-01-08 10:56:00,1,10.52,10.52
C00235,O003238,P0168,2024-01-08 19:14:00,4,26.1,104.4
C00235,O003238,P0022,2024-01-08 19:14:00,1,12.89,12.89
C00235,O003238,P0188,2024-01-08 19:14:00,1,10.78,10.78
C00235,O003238,P0107,2024-01-08 19:14:00,1,11.26,11.26
C00355,O001159,P0087,2024-01-08 19:40:00,2,16.05,32.1
C00384,O001160,P0002,2024-01-09 15:13:00,1,11.97,11.97
C00376,O000394,P0010,2024-01-09 18:20:00,4,13.06,52.24
C00278,O002432,P0188,2024-01-10 13:11:00,1,10.54,10.54
C00450,O001717,P0215,2024-01-10 13:30:00,2,16.27,32.54
C00548,O003063,P0166,2024-01-10 13:51:00,2,12.02,24.04
C00213,O001847,P0168,2024-01-10 14:55:00,1,26.99,26.99
C00426,O000600,P0163,2024-01-10 15:56:00,2,60.91,121.82
C00400,O001955,P0025,2024-01-10 16:38:00,1,17.65,17.65
C00400,O001955,P0202,2024-01-10 16:38:00,3,40.37,121.11
C00539,O001630,P0093,2024-01-10 17:43:00,5,18.11,90.55
C00347,O003364,P0141,2024-01-11 11:44:00,1,25.82,25.82
C00347,O003364,P0157,2024-01-11 11:44:00,1,20.08,20.08
C00347,O003364,P0028,2024-01-11 11:44:00,2,24.25,48.5
C00558,O000279,P0189,2024-01-11 17:01:00,4,9.78,39.12
C00558,O000279,P0067,2024-01-11 17:01:00,1,18.18,18.18
C00598,O002195,P0185,2024-01-11 17:18:00,1,26.98,26.98
C00598,O002195,P0019,2024-01-11 17:18:00,3,31.55,94.65
C00064,O002938,P0061,2024-01-11 20:13:00,2,7.29,14.58
C00255,O001728,P0092,2024-01-12 10:58:00,2,18.35,36.7
C00255,O001728,P0044,2024-01-12 10:58:00,1,21.04,21.04
C00538,O002149,P0214,2024-01-12 20:35:00,1,15.16,15.16
C00538,O002149,P0131,2024-01-12 20:35:00,4,17.2,68.8
C00004,O001807,P0156,2024-01-12 21:35:00,1,54.17,54.17
C00224,O002715,P0136,2024-01-13 09:11:00,1,13.33,13.33
C00527,O002009,P0004,2024-01-13 15:42:00,1,32.45,32.45
C00527,O002009,P0137,2024-01-13 15:42:00,5,26.13,130.65
C00203,O002627,P0169,2024-01-13 16:48:00,1,18.96,18.96
C00203,O002627,P0053,2024-01-13 16:48:00,1,8.86,8.86
C00203,O002627,P0125,2024-01-13 16:48:00,1,30.82,30.82
C00203,O002627,P0088,2024-01-13 16:48:00,2,17.22,34.44
C00153,O002946,P0184,2024-01-13 17:52:00,2,41.36,82.72
C00063,O002629,P0176,2024-01-13 22:34:00,1,22.62,22.62
C00063,O002629,P0038,2024-01-13 22:34:00,1,12.47,12.47
C00063,O002629,P0061,2024-01-13 22:34:00,4,6.62,26.48
C00077,O000283,P0170,2024-01-14 09:40:00,4,19.95,79.8
C00505,O003239,P0136,2024-01-14 12:10:00,2,10.33,20.66
C00475,O000660,P0043,2024-01-14 14:33:00,5,12.49,62.45
C00203,O001568,P0156,2024-01-14 14:45:00,2,52.77,105.54
C00596,O001483,P0152,2024-01-14 19:25:00,1,11.56,11.56
C00590,O002550,P0153,2024-01-14 19:50:00,3,8.44,25.32
C00590,O002550,P0013,2024-01-14 19:50:00,1,22.15,22.15
C00299,O002426,P0007,2024-01-15 11:04:00,2,21.29,42.58
C00261,O001692,P0123,2024-01-15 14:45:00,4,25.47,101.88
C00056,O003533,P0019,2024-01-15 15:13:00,1,32.66,32.66
C00259,O001854,P0194,2024-01-15 15:32:00,2,41.59,83.18
C00362,O001932,P0087,2024-01-15 20:02:00,1,16.93,16.93
C00362,O001932,P0043,2024-01-15 20:02:00,5,14.5,72.5
C00521,O001898,P0004,2024-01-15 20:49:00,1,37.5,37.5
C00521,O001898,P0196,2024-01-15 20:49:00,2,12.85,25.7
C00322,O002513,P0061,2024-01-16 10:16:00,2,7.93,15.86
C00322,O002513,P0190,2024-01-16 10:16:00,2,51.87,103.74
C00521,O003266,P0210,2024-01-16 11:20:00,1,18.07,18.07
C00217,O000181,P0189,2024-01-16 18:41:00,2,9.07,18.14
C00354,O000839,P0140,2024-01-16 21:30:00,3,102.98,308.94
C00354,O000839,P0204,2024-01-16 21:30:00,1,31.57,31.57
C00354,O000839,P0220,2024-01-16 21:30:00,2,13.2,26.4
C00207,O001632,P0176,2024-01-16 21:58:00,2,22.59,45.18
C00597,O000877,P0103,2024-01-17 10:08:00,1,17.82,17.82
C00187,O001057,P0156,2024-01-17 11:44:00,5,49.96,249.8
C00443,O001372,P0088,2024-01-17 13:25:00,4,21.51,86.04
C00448,O001416,P0110,2024-01-17 22:09:00,1,7.4,7.4
C00448,O001416,P0053,2024-01-17 22:09:00,3,10.23,30.69
C00448,O001416,P0200,2024-01-17 22:09:00,1,19.71,19.71
C00095,O003212,P0019,2024-01-18 14:45:00,1,34.38,34.38
C00534,O002379,P0188,2024-01-18 17:19:00,3,10.79,32.37
C00076,O002913,P0088,2024-01-18 17:48:00,3,22.44,67.32
C00076,O002913,P0137,2024-01-18 17:48:00,5,24.05,120.25
C00205,O003135,P0120,2024-01-18 19:20:00,1,17.14,17.14
C00205,O003135,P0080,2024-01-18 19:20:00,1,15.98,15.98
C00563,O001418,P0185,2024-01-18 19:58:00,5,25.16,125.8
C00563,O001418,P0072,2024-01-18 19:58:00,1,9.99,9.99
C00563,O001418,P0137,2024-01-18 19:58:00,2,22.23,44.46
C00204,O002317,P0025,2024-01-18 21:59:00,2,16.24,32.48
C00056,O001122,P0059,2024-01-19 17:44:00,1,11.99,11.99
C00461,O002413,P0218,2024-01-19 18:47:00,2,37.28,74.56
C00461,O002413,P0137,2024-01-19 18:47:00,3,25.39,76.17
C00287,O003117,P0043,2024-01-19 19:19:00,1,13.21,13.21
C00558,O002251,P0093,2024-01-19 20:21:00,1,15.2,15.2
C00322,O001363,P0189,2024-01-19 22:54:00,2,8.79,17.58
C00322,O001363,P0090,2024-01-19 22:54:00,1,26.33,26.33
C00249,O003441,P0171,2024-01-20 14:15:00,2,14.96,29.92
C00376,O001939,P0196,2024-01-20 16:22:00,1,11.82,11.82
C00376,O001939,P0137,2024-01-20 16:22:00,1,24.24,24.24
C00538,O000930,P0088,2024-01-20 18:32:00,1,21.4,21.4
C00546,O002509,P0194,2024-01-20 19:04:00,1,48.95,48.95
C00113,O001502,P0052,2024-01-20 21:36:00,2,25.61,51.22
C00113,O001502,P0149,2024-01-20 21:36:00,1,37.48,37.48
C00113,O001502,P0012,2024-01-20 21:36:00,4,28.44,113.76
C00009,O000481,P0137,2024-01-21 10:06:00,1,21.93,21.93
C00582,O001339,P0002,2024-01-21 12:20:00,5,10.12,50.6
C00348,O001748,P0094,2024-01-21 16:33:00,2,18.24,36.48
C00419,O002588,P0073,2024-01-21 19:43:00,2,11.83,23.66
C00348,O003120,P0166,2024-01-21 22:42:00,1,11.78,11.78
C00348,O003120,P0051,2024-01-21 22:42:00,2,25.98,51.96
C00348,O003120,P0135,2024-01-21 22:42:00,3,9.21,27.63
C00517,O001157,P0153,2024-01-22 09:43:00,2,7.23,14.46
C00591,O000917,P0062,2024-01-22 15:02:00,4,16.5,66.0
C00591,O000917,P0185,2024-01-22 15:02:00,1,27.09,27.09
C00333,O000993,P0071,2024-01-22 16:39:00,2,9.46,18.92
C00333,O000993,P0112,2024-01-22 16:39:00,2,22.11,44.22
C00446,O002193,P0076,2024-01-22 22:31:00,4,28.76,115.04
C00584,O001207,P0168,2024-01-23 08:01:00,1,28.56,28.56
C00227,O000408,P0093,2024-01-23 08:26:00,1,14.82,14.82
C00227,O000408,P0170,2024-01-23 08:26:00,1,20.32,20.32
C00564,O003168,P0170,2024-01-23 11:25:00,3,18.58,55.74
C00564,O003168,P0077,2024-01-23 11:25:00,3,16.09,48.27
C00564,O003168,P0059,2024-01-23 11:25:00,1,12.52,12.52
C00148,O003116,P0172,2024-01-23 12:10:00,1,25.0,25.0
C00148,O003116,P0120,2024-01-23 12:10:00,2,17.6,35.2
C00148,O003116,P0202,2024-01-23 12:10:00,1,45.59,45.59
C00376,O000161,P0094,2024-01-23 17:08:00,1,17.45,17.45
C00112,O002059,P0094,2024-01-23 17:36:00,2,17.81,35.62
C00112,O002059,P0034,2024-01-23 17:36:00,2,12.89,25.78
C00395,O001771,P0209,2024-01-23 18:48:00,3,11.4,34.2
C00373,O000224,P0075,2024-01-23 19:24:00,1,23.7,23.7
C00093,O001817,P0215,2024-01-24 08:08:00,2,16.41,32.82
C00093,O001817,P0137,2024-01-24 08:08:00,2,27.07,54.14
C00370,O001664,P0159,2024-01-24 13:15:00,3,15.59,46.77
C00202,O003251,P0138,2024-01-24 15:23:00,5,30.93,154.65
C00277,O000849,P0014,2024-01-24 22:42:00,1,33.05,33.05
C00277,O000849,P0168,2024-01-24 22:42:00,1,27.16,27.16
C00077,O000694,P0210,2024-01-25 08:38:00,1,17.58,17.58
C00077,O000694,P0214,2024-01-25 08:38:00,1,14.88,14.88
C00581,O001663,P0023,2024-01-25 10:54:00,1,44.39,44.39
C00581,O001663,P0088,2024-01-25 10:54:00,2,19.26,38.52
C00581,O001663,P0075,2024-01-25 10:54:00,1,23.54,23.54
C00448,O002001,P0197,2024-01-25 19:17:00,1,23.54,23.54
C00242,O001304,P0193,2024-01-25 20:53:00,2,16.42,32.84
C00121,O002665,P0122,2024-01-26 14:42:00,5,22.23,111.15
C00121,O002665,P0189,2024-01-26 14:42:00,4,9.28,37.12
C00195,O001401,P0077,2024-01-26 20:07:00,1,15.73,15.73
C00195,O001401,P0149,2024-01-26 20:07:00,1,34.3,34.3
C00268,O000040,P0162,2024-01-27 08:11:00,1,12.49,12.49
C00532,O001580,P0133,2024-01-27 08:49:00,1,30.69,30.69
C00368,O000444,P0062,2024-01-27 11:08:00,1,18.15,18.15
C00200,O002586,P0090,2024-01-27 13:26:00,2,28.99,57.98
C00179,O000321,P0038,2024-01-27 17:40:00,1,13.04,13.04
C00473,O002597,P0190,2024-01-27 21:42:00,2,50.01,100.02
C00331,O002800,P0150,2024-01-28 10:27:00,2,22.18,44.36
C00331,O002800,P0083,2024-01-28 10:27:00,3,17.08,51.24
C00349,O002015,P0093,2024-01-28 12:13:00,1,16.97,16.97
C00043,O000613,P0044,2024-01-28 14:59:00,2,22.19,44.38
C00206,O001610,P0038,2024-01-28 16:38:00,4,12.68,50.72
C00028,O002744,P0143,2024-01-28 21:17:00,1,6.57,6.57
C00028,O002744,P0051,2024-01-28 21:17:00,1,23.27,23.27
C00028,O002744,P0185,2024-01-28 21:17:00,4,25.98,103.92
C00493,O002755,P0079,2024-01-29 08:31:00,2,29.67,59.34
C00493,O002755,P0210,2024-01-29 08:31:00,2,16.87,33.74
C00474,O002220,P0034,2024-01-29 13:06:00,1,13.68,13.68
C00281,O000661,P0185,2024-01-29 13:37:00,4,26.87,107.48
C00281,O000661,P0137,2024-01-29 13:37:00,2,23.08,46.16
C00201,O003174,P0082,2024-01-30 11:27:00,1,13.65,13.65
C00201,O003174,P0055,2024-01-30 11:27:00,1,15.55,15.55
C00201,O003174,P0037,2024-01-30 11:27:00,1,18.94,18.94
C00201,O003174,P0202,2024-01-30 11:27:00,1,45.01,45.01
C00355,O002126,P0096,2024-01-30 11:47:00,3,9.85,29.55
C00060,O002119,P0013,2024-01-30 13:51:00,2,20.24,40.48
C00060,O002119,P0077,2024-01-30 13:51:00,4,14.26,57.04
C00060,O002119,P0033,2024-01-30 13:51:00,1,16.25,16.25
C00060,O002119,P0157,2024-01-30 13:51:00,2,20.32,40.64
C00230,O001081,P0128,2024-01-30 14:57:00,4,10.98,43.92
C00230,O001081,P0156,2024-01-30 14:57:00,1,55.6,55.6
C00230,O001081,P0022,2024-01-30 14:57:00,1,13.3,13.3
C00453,O002841,P0121,2024-01-30 17:26:00,3,10.65,31.95
C00453,O002841,P0053,2024-01-30 17:26:00,3,9.33,27.99
C00453,O002841,P0181,2024-01-30 17:26:00,2,40.38,80.76
C00461,O002742,P0071,2024-01-31 08:36:00,1,10.11,10.11
C00145,O003051,P0045,2024-01-31 10:09:00,3,22.68,68.04
C00145,O003051,P0210,2024-01-31 10:09:00,3,15.67,47.01
C00145,O003051,P0061,2024-01-31 10:09:00,2,7.86,15.72
C00399,O003115,P0067,2024-01-31 12:43:00,5,16.48,82.4
C00399,O003115,P0137,2024-01-31 12:43:00,5,24.32,121.6
C00554,O002691,P0188,2024-01-31 14:36:00,1,11.33,11.33
C00554,O002691,P0136,2024-01-31 14:36:00,2,11.26,22.52
C00002,O003186,P0202,2024-01-31 17:18:00,2,40.08,80.16
C00002,O003186,P0132,2024-01-31 17:18:00,2,9.65,19.3
C00587,O002624,P0091,2024-01-31 18:49:00,2,28.18,56.36
C00410,O003502,P0017,2024-01-31 22:58:00,3,27.3,81.9
C00078,O000485,P0087,2024-02-01 13:56:00,1,17.18,17.18
C00496,O002672,P0215,2024-02-02 09:07:00,1,16.31,16.31
C00028,O001108,P0119,2024-02-02 09:14:00,1,52.16,52.16
C00446,O002686,P0067,2024-02-02 13:50:00,2,16.15,32.3
C00446,O002686,P0210,2024-02-02 13:50:00,1,16.21,16.21
C00294,O001255,P0137,2024-02-02 18:42:00,5,23.27,116.35
C00294,O001255,P0067,2024-02-02 18:42:00,1,15.74,15.74
C00527,O003508,P0076,2024-02-02 19:46:00,2,28.27,56.54
C00527,O003508,P0168,2024-02-02 19:46:00,2,26.73,53.46
C00527,O003508,P0052,2024-02-02 19:46:00,2,29.31,58.62
C00288,O002832,P0090,2024-02-02 21:54:00,2,27.67,55.34
C00108,O002495,P0170,2024-02-02 22:11:00,2,18.16,36.32
C00454,O002971,P0075,2024-02-03 12:17:00,3,20.17,60.51
C00454,O002971,P0067,2024-02-03 12:17:00,3,15.39,46.17
C00354,O001025,P0176,2024-02-03 13:13:00,4,20.58,82.32
C00354,O001025,P0213,2024-02-03 13:13:00,2,21.34,42.68
C00120,O000362,P0044,2024-02-03 16:53:00,1,20.56,20.56
C00120,O000362,P0063,2024-02-03 16:53:00,1,22.26,22.26
C00150,O002698,P0137,2024-02-03 17:29:00,3,25.61,76.83
C00249,O001426,P0087,2024-02-04 10:03:00,1,17.54,17.54
C00588,O002286,P0117,2024-02-04 11:46:00,2,22.13,44.26
C00588,O002286,P0202,2024-02-04 11:46:00,3,41.41,124.23
C00113,O001109,P0122,2024-02-04 12:15:00,1,21.04,21.04
C00113,O001109,P0171,2024-02-04 12:15:00,5,13.56,67.8
C00021,O001822,P0108,2024-02-04 14:53:00,1,16.32,16.32
C00021,O001822,P0005,2024-02-04 14:53:00,1,7.36,7.36
C00021,O001822,P0133,2024-02-04 14:53:00,1,29.91,29.91
C00358,O001403,P0176,2024-02-04 18:00:00,1,21.38,21.38
C00358,O001403,P0033,2024-02-04 18:00:00,1,15.12,15.12
C00282,O001597,P0210,2024-02-04 19:21:00,4,15.73,62.92
C00318,O003265,P0137,2024-02-04 20:56:00,3,24.61,73.83
C00318,O000651,P0004,2024-02-04 21:28:00,1,37.69,37.69
C00094,O002302,P0055,2024-02-05 09:07:00,1,17.4,17.4
C00094,O002302,P0137,2024-02-05 09:07:00,3,26.73,80.19
C00282,O000928,P0087,2024-02-05 12:46:00,2,16.07,32.14
C00549,O003446,P0007,2024-02-05 22:39:00,1,21.91,21.91
C00549,O003446,P0091,2024-02-05 22:39:00,2,32.46,64.92
C00549,O003446,P0124,2024-02-05 22:39:00,1,46.07,46.07
C00472,O000328,P0009,2024-02-06 13:17:00,1,17.45,17.45
C00521,O003086,P0043,2024-02-06 13:37:00,1,13.86,13.86
C00521,O003086,P0137,2024-02-06 13:37:00,2,26.83,53.66
C00521,O003086,P0213,2024-02-06 13:37:00,2,20.04,40.08
C00521,O003086,P0103,2024-02-06 13:37:00,3,15.07,45.21
C00133,O002329,P0100,2024-02-06 14:56:00,3,11.58,34.74
C00578,O000443,P0176,2024-02-06 22:13:00,3,22.82,68.46
C00157,O002346,P0125,2024-02-07 08:16:00,1,31.51,31.51
C00157,O002346,P0203,2024-02-07 08:16:00,1,20.24,20.24
C00342,O001055,P0177,2024-02-07 11:46:00,1,51.4,51.4
C00504,O003143,P0025,2024-02-07 15:36:00,1,15.4,15.4
C00504,O003143,P0093,2024-02-07 15:36:00,4,15.35,61.4
C00376,O001010,P0210,2024-02-07 22:15:00,1,16.29,16.29
C00064,O001220,P0012,2024-02-08 10:30:00,1,28.02,28.02
C00086,O002699,P0214,2024-02-08 13:13:00,2,17.04,34.08
C00086,O002699,P0178,2024-02-08 13:13:00,3,24.45,73.35
C00282,O000243,P0019,2024-02-08 16:12:00,1,28.92,28.92
C00578,O002485,P0059,2024-02-08 17:36:00,2,14.71,29.42
C00354,O000263,P0100,2024-02-09 08:24:00,1,12.37,12.37
C00071,O002232,P0137,2024-02-09 09:43:00,1,23.3,23.3
C00071,O002232,P0094,2024-02-09 09:43:00,4,18.74,74.96
C00442,O002142,P0013,2024-02-09 13:38:00,4,17.95,71.8
C00342,O001412,P0094,2024-02-09 16:19:00,2,21.46,42.92
C00342,O001412,P0176,2024-02-09 16:19:00,2,22.27,44.54
C00342,O001412,P0220,2024-02-09 16:19:00,3,14.76,44.28
C00342,O001412,P0119,2024-02-09 16:19:00,1,49.96,49.96
C00025,O002381,P0038,2024-02-09 19:53:00,1,13.17,13.17
C00025,O002381,P0181,2024-02-09 19:53:00,1,37.95,37.95
C00025,O002381,P0052,2024-02-09 19:53:00,2,29.73,59.46
C00314,O002551,P0103,2024-02-10 08:37:00,1,15.47,15.47
C00050,O002301,P0125,2024-02-10 10:51:00,1,31.71,31.71
C00050,O002301,P0088,2024-02-10 10:51:00,5,20.45,102.25
C00050,O002301,P0130,2024-02-10 10:51:00,1,11.59,11.59
C00121,O002405,P0137,2024-02-10 15:04:00,2,24.63,49.26
C00121,O002405,P0202,2024-02-10 15:04:00,3,44.45,133.35
C00121,O002405,P0175,2024-02-10 15:04:00,3,9.5,28.5
C00037,O001755,P0066,2024-02-10 17:44:00,3,30.25,90.75
C00317,O001843,P0091,2024-02-10 20:30:00,2,28.83,57.66
C00317,O001843,P0009,2024-02-10 20:30:00,2,20.88,41.76
C00377,O000144,P0052,2024-02-11 08:44:00,1,30.5,30.5
C00377,O000144,P0196,2024-02-11 08:44:00,1,10.8,10.8
C00575,O003499,P0049,2024-02-11 12:00:00,2,27.61,55.22
C00575,O003499,P0080,2024-02-11 12:00:00,1,18.72,18.72
C00424,O000830,P0132,2024-02-11 12:37:00,2,8.43,16.86
C00580,O003099,P0053,2024-02-11 14:33:00,3,8.75,26.25
C00584,O000556,P0112,2024-02-12 08:07:00,1,22.38,22.38
C00270,O003500,P0081,2024-02-12 12:33:00,1,23.61,23.61
C00270,O003500,P0090,2024-02-12 12:33:00,1,23.43,23.43
C00028,O000118,P0018,2024-02-12 12:42:00,1,13.12,13.12
C00028,O000118,P0155,2024-02-12 12:42:00,2,17.78,35.56
C00028,O000118,P0044,2024-02-12 12:42:00,2,27.71,55.42
C00028,O000118,P0004,2024-02-12 12:42:00,2,35.18,70.36
C00510,O002505,P0210,2024-02-12 16:24:00,2,16.34,32.68
C00510,O002505,P0091,2024-02-12 16:24:00,3,30.04,90.12
C00510,O002505,P0189,2024-02-12 16:24:00,1,9.95,9.95
C00247,O000991,P0052,2024-02-12 20:41:00,4,34.48,137.92
C00242,O000872,P0189,2024-02-13 08:36:00,2,8.78,17.56
C00242,O000872,P0092,2024-02-13 08:36:00,1,18.29,18.29
C00306,O002055,P0010,2024-02-13 13:57:00,3,12.47,37.41
C00306,O002055,P0177,2024-02-13 13:57:00,3,49.36,148.08
C00144,O002370,P0133,2024-02-13 14:27:00,1,30.59,30.59
C00144,O002370,P0128,2024-02-13 14:27:00,1,10.95,10.95
C00144,O002370,P0189,2024-02-13 14:27:00,4,10.77,43.08
C00331,O002395,P0076,2024-02-13 16:20:00,1,26.2,26.2
C00370,O001644,P0189,2024-02-13 17:37:00,1,9.38,9.38
C00370,O001644,P0156,2024-02-13 17:37:00,2,47.11,94.22
C00370,O001644,P0087,2024-02-13 17:37:00,4,14.84,59.36
C00173,O003552,P0156,2024-02-13 22:28:00,3,51.41,154.23
C00048,O001713,P0185,2024-02-14 08:48:00,4,26.77,107.08
C00521,O002360,P0110,2024-02-14 10:25:00,2,7.85,15.7
C00271,O000781,P0075,2024-02-14 14:51:00,5,22.89,114.45
C00390,O001826,P0213,2024-02-14 16:05:00,2,20.23,40.46
C00390,O001826,P0067,2024-02-14 16:05:00,1,16.58,16.58
C00557,O002336,P0095,2024-02-14 17:39:00,2,8.64,17.28
C00395,O002820,P0125,2024-02-14 18:40:00,1,28.2,28.2
C00214,O002158,P0182,2024-02-14 20:50:00,3,22.74,68.22
C00214,O002158,P0090,2024-02-14 20:50:00,1,23.84,23.84
C00574,O001565,P0176,2024-02-14 20:52:00,1,19.25,19.25
C00574,O001565,P0034,2024-02-14 20:52:00,1,13.58,13.58
C00581,O002996,P0202,2024-02-14 21:13:00,2,40.87,81.74
C00370,O000988,P0137,2024-02-14 21:32:00,2,24.1,48.2
C00370,O000988,P0034,2024-02-14 21:32:00,2,10.58,21.16
C00370,O000988,P0119,2024-02-14 21:32:00,1,42.53,42.53
C00124,O003353,P0166,2024-02-15 08:11:00,1,12.96,12.96
C00322,O002330,P0176,2024-02-15 08:26:00,3,19.89,59.67
C00247,O001583,P0202,2024-02-15 10:35:00,1,41.18,41.18
C00146,O001457,P0019,2024-02-15 17:51:00,1,31.53,31.53
C00150,O003395,P0170,2024-02-15 21:38:00,1,21.46,21.46
C00057,O003138,P0120,2024-02-16 11:35:00,2,18.79,37.58
C00504,O003275,P0155,2024-02-16 11:35:00,1,18.61,18.61
C00504,O003275,P0103,2024-02-16 11:35:00,2,15.36,30.72
C00446,O002213,P0012,2024-02-16 11:42:00,4,29.73,118.92
C00446,O002213,P0213,2024-02-16 11:42:00,1,19.64,19.64
C00123,O000359,P0137,2024-02-16 12:51:00,1,23.13,23.13
C00149,O002851,P0204,2024-02-16 17:12:00,1,28.8,28.8
C00024,O002689,P0062,2024-02-16 18:25:00,3,16.97,50.91
C00282,O001515,P0200,2024-02-16 21:53:00,1,17.94,17.94
C00431,O001721,P0202,2024-02-16 22:09:00,2,41.96,83.92
C00504,O000949,P0004,2024-02-17 09:47:00,5,35.4,177.0
C00507,O003253,P0004,2024-02-17 15:24:00,1,30.38,30.38
C00507,O003253,P0100,2024-02-17 15:24:00,5,12.78,63.9
C00507,O003253,P0143,2024-02-17 15:24:00,4,6.77,27.08
C00507,O003253,P0172,2024-02-17 15:24:00,1,26.01,26.01
C00481,O003087,P0072,2024-02-17 16:34:00,2,8.67,17.34
C00115,O001550,P0178,2024-02-17 20:10:00,1,22.68,22.68
C00195,O000535,P0055,2024-02-17 22:14:00,1,17.51,17.51
C00201,O000866,P0049,2024-02-17 22:55:00,1,26.99,26.99
C00201,O000866,P0106,2024-02-17 22:55:00,4,17.22,68.88
C00201,O000866,P0220,2024-02-17 22:55:00,2,14.17,28.34
C00339,O000427,P0165,2024-02-18 08:28:00,1,29.65,29.65
C00161,O000725,P0176,2024-02-18 14:18:00,1,23.02,23.02
C00191,O003067,P0168,2024-02-18 14:35:00,3,23.93,71.79
C00191,O003067,P0120,2024-02-18 14:35:00,2,17.92,35.84
C00191,O003067,P0176,2024-02-18 14:35:00,1,21.98,21.98
C00498,O002486,P0053,2024-02-18 16:43:00,1,8.97,8.97
C00498,O002486,P0088,2024-02-18 16:43:00,5,20.32,101.6
C00498,O002486,P0185,2024-02-18 16:43:00,3,25.97,77.91
C00542,O001881,P0091,2024-02-18 17:46:00,1,31.8,31.8
C00309,O002192,P0156,2024-02-18 19:20:00,1,47.05,47.05
C00309,O002192,P0137,2024-02-18 19:20:00,2,24.56,49.12
C00277,O002562,P0150,2024-02-18 20:02:00,2,20.26,40.52
C00455,O003092,P0165,2024-02-18 20:24:00,2,32.29,64.58
C00319,O001718,P0140,2024-02-18 20:54:00,2,102.0,204.0
C00386,O001060,P0185,2024-02-18 21:55:00,1,24.59,24.59
C00386,O001060,P0002,2024-02-18 21:55:00,2,11.9,23.8
C00386,O001060,P0137,2024-02-18 21:55:00,2,25.71,51.42
C00386,O001060,P0093,2024-02-18 21:55:00,2,15.41,30.82
C00059,O000034,P0200,2024-02-19 19:56:00,1,20.94,20.94
C00059,O000034,P0040,2024-02-19 19:56:00,2,30.19,60.38
C00536,O003006,P0208,2024-02-19 21:18:00,1,10.0,10.0
C00377,O002375,P0209,2024-02-19 22:14:00,2,12.63,25.26
C00376,O002400,P0137,2024-02-20 10:24:00,2,21.31,42.62
C00376,O002400,P0090,2024-02-20 10:24:00,1,24.98,24.98
C00376,O002400,P0093,2024-02-20 10:24:00,1,16.83,16.83
C00277,O000241,P0123,2024-02-20 10:37:00,1,23.18,23.18
C00412,O000060,P0152,2024-02-20 10:57:00,3,9.8,29.4
C00412,O000060,P0094,2024-02-20 10:57:00,1,16.99,16.99
C00134,O000841,P0036,2024-02-20 12:40:00,1,36.03,36.03
C00134,O000841,P0172,2024-02-20 12:40:00,3,27.28,81.84
C00331,O001194,P0042,2024-02-20 16:42:00,1,25.92,25.92
C00290,O002614,P0103,2024-02-20 17:07:00,3,17.86,53.58
C00290,O002614,P0007,2024-02-20 17:07:00,1,19.66,19.66
C00290,O002614,P0019,2024-02-20 17:07:00,2,32.19,64.38
C00290,O002614,P0065,2024-02-20 17:07:00,4,29.51,118.04
C00590,O002417,P0137,2024-02-20 17:35:00,2,25.93,51.86
C00590,O002417,P0169,2024-02-20 17:35:00,1,18.14,18.14
C00379,O001201,P0004,2024-02-21 18:02:00,1,34.81,34.81
C00578,O000146,P0137,2024-02-21 22:08:00,1,22.56,22.56
C00578,O000146,P0157,2024-02-21 22:08:00,1,19.87,19.87
C00226,O002341,P0172,2024-02-22 19:26:00,3,23.4,70.2
C00226,O002341,P0044,2024-02-22 19:26:00,1,26.06,26.06
C00226,O002341,P0157,2024-02-22 19:26:00,2,19.1,38.2
C00546,O001088,P0004,2024-02-22 20:35:00,2,37.88,75.76
C00446,O001369,P0045,2024-02-22 21:13:00,1,19.5,19.5
C00446,O001369,P0032,2024-02-22 21:13:00,1,17.53,17.53
C00446,O001369,P0215,2024-02-22 21:13:00,3,14.61,43.83
C00043,O002159,P0220,2024-02-23 11:31:00,2,11.24,22.48
C00043,O002159,P0043,2024-02-23 11:31:00,4,12.62,50.48
C00043,O002159,P0208,2024-02-23 11:31:00,2,10.58,21.16
C00230,O000894,P0202,2024-02-23 12:18:00,2,43.17,86.34
C00538,O000382,P0086,2024-02-23 12:24:00,1,25.79,25.79
C00598,O001190,P0055,2024-02-24 08:54:00,1,16.37,16.37
C00598,O001190,P0073,2024-02-24 08:54:00,1,12.41,12.41
C00098,O000409,P0172,2024-02-24 09:22:00,1,26.92,26.92
C00098,O000409,P0213,2024-02-24 09:22:00,1,19.49,19.49
C00498,O001935,P0202,2024-02-24 09:24:00,1,45.44,45.44
C00377,O002280,P0076,2024-02-24 13:51:00,1,30.36,30.36
C00299,O001486,P0075,2024-02-24 14:39:00,1,21.88,21.88
C00299,O001486,P0170,2024-02-24 14:39:00,1,18.96,18.96
C00578,O003326,P0139,2024-02-24 15:06:00,2,68.86,137.72
C00578,O003326,P0132,2024-02-24 15:06:00,3,10.32,30.96
C00578,O003326,P0190,2024-02-24 15:06:00,1,47.87,47.87
C00021,O000649,P0097,2024-02-24 15:34:00,2,7.96,15.92
C00370,O002303,P0130,2024-02-24 17:55:00,1,11.93,11.93
C00370,O002303,P0200,2024-02-24 17:55:00,1,18.88,18.88
C00538,O000312,P0170,2024-02-25 09:38:00,1,18.31,18.31
C00538,O000312,P0061,2024-02-25 09:38:00,1,7.78,7.78
C00538,O000312,P0114,2024-02-25 09:38:00,5,8.5,42.5
C00590,O000790,P0170,2024-02-25 14:10:00,3,18.94,56.82
C00021,O002844,P0166,2024-02-25 16:35:00,2,13.65,27.3
C00009,O003098,P0150,2024-02-25 18:01:00,3,22.6,67.8
C00009,O003098,P0044,2024-02-25 18:01:00,1,21.86,21.86
C00049,O002919,P0135,2024-02-25 19:06:00,2,9.09,18.18
C00403,O002696,P0195,2024-02-26 09:03:00,5,10.7,53.5
C00403,O002696,P0007,2024-02-26 09:03:00,1,21.5,21.5
C00403,O002696,P0083,2024-02-26 09:03:00,1,15.05,15.05
C00265,O001989,P0196,2024-02-26 09:04:00,4,13.31,53.24
C00471,O001922,P0189,2024-02-26 10:27:00,1,9.81,9.81
C00105,O000078,P0176,2024-02-26 11:27:00,4,21.82,87.28
C00496,O001458,P0137,2024-02-26 22:20:00,1,24.72,24.72
C00316,O002246,P0199,2024-02-26 22:24:00,2,20.01,40.02
C00316,O002246,P0075,2024-02-26 22:24:00,2,23.88,47.76
C00496,O002389,P0202,2024-02-27 08:12:00,2,46.87,93.74
C00496,O002389,P0124,2024-02-27 08:12:00,1,42.45,42.45
C00149,O000735,P0092,2024-02-27 08:43:00,3,17.79,53.37
C00470,O001050,P0185,2024-02-27 14:38:00,1,26.46,26.46
C00031,O002757,P0172,2024-02-28 10:36:00,2,27.91,55.82
C00031,O002757,P0161,2024-02-28 10:36:00,5,10.92,54.6
C00419,O000989,P0214,2024-02-28 20:21:00,1,17.32,17.32
C00093,O001719,P0024,2024-02-28 21:26:00,1,18.3,18.3
C00134,O001073,P0092,2024-02-29 11:39:00,2,17.35,34.7
C00359,O000812,P0185,2024-02-29 12:46:00,3,22.16,66.48
C00359,O000812,P0136,2024-02-29 12:46:00,1,11.22,11.22
C00133,O000629,P0202,2024-02-29 21:25:00,1,44.23,44.23
C00133,O000629,P0088,2024-02-29 21:25:00,2,18.45,36.9
C00050,O003064,P0099,2024-03-01 08:09:00,1,25.11,25.11
C00424,O003596,P0123,2024-03-01 16:01:00,3,22.16,66.48
C00424,O003596,P0055,2024-03-01 16:01:00,4,13.14,52.56
C00424,O003596,P0076,2024-03-01 16:01:00,1,26.61,26.61
C00004,O003578,P0015,2024-03-01 22:41:00,2,27.35,54.7
C00004,O003578,P0067,2024-03-01 22:41:00,2,15.72,31.44
C00004,O003578,P0004,2024-03-01 22:41:00,2,30.19,60.38
C00004,O003578,P0176,2024-03-01 22:41:00,1,22.16,22.16
C00082,O003465,P0025,2024-03-02 18:11:00,1,15.87,15.87
C00163,O003472,P0008,2024-03-02 18:12:00,2,17.1,34.2
C00053,O003567,P0202,2024-03-03 09:13:00,1,42.67,42.67
C00037,O003600,P0176,2024-03-03 15:36:00,4,22.94,91.76
C00150,O002250,P0072,2024-03-03 19:46:00,2,10.44,20.88
C00397,O000503,P0049,2024-03-03 20:29:00,3,30.13,90.39
C00397,O000503,P0010,2024-03-03 20:29:00,1,13.43,13.43
C00500,O002921,P0094,2024-03-03 22:01:00,1,19.64,19.64
C00500,O002921,P0075,2024-03-03 22:01:00,5,23.38,116.9
C00355,O002634,P0067,2024-03-04 09:55:00,1,16.7,16.7
C00355,O002634,P0195,2024-03-04 09:55:00,1,10.15,10.15
C00426,O001944,P0083,2024-03-04 11:06:00,2,16.02,32.04
C00426,O001944,P0100,2024-03-04 11:06:00,1,11.01,11.01
C00056,O003292,P0066,2024-03-04 11:17:00,3,31.84,95.52
C00056,O003292,P0107,2024-03-04 11:17:00,1,11.8,11.8
C00331,O000417,P0217,2024-03-04 15:43:00,1,25.24,25.24
C00492,O001482,P0007,2024-03-04 16:36:00,1,21.27,21.27
C00492,O001482,P0193,2024-03-04 16:36:00,2,15.04,30.08
C00561,O002923,P0188,2024-03-05 09:18:00,1,9.84,9.84
C00354,O001735,P0048,2024-03-05 10:44:00,1,22.05,22.05
C00123,O003549,P0103,2024-03-05 12:11:00,3,16.97,50.91
C00123,O003549,P0073,2024-03-05 12:11:00,5,13.16,65.8
C00271,O001575,P0044,2024-03-05 14:16:00,2,23.37,46.74
C00113,O001859,P0139,2024-03-05 18:38:00,1,66.1,66.1
C00113,O001859,P0101,2024-03-05 18:38:00,3,16.7,50.1
C00113,O001859,P0202,2024-03-05 18:38:00,1,41.13,41.13
C00361,O002656,P0159,2024-03-05 19:48:00,4,15.86,63.44
C00361,O002656,P0209,2024-03-05 19:48:00,1,12.21,12.21
C00361,O002656,P0088,2024-03-05 19:48:00,1,18.78,18.78
C00072,O000448,P0123,2024-03-05 21:46:00,2,22.25,44.5
C00072,O000448,P0202,2024-03-05 21:46:00,1,46.62,46.62
C00552,O000022,P0075,2024-03-06 08:30:00,3,22.02,66.06
C00043,O002392,P0144,2024-03-06 09:58:00,2,21.61,43.22
C00043,O002392,P0204,2024-03-06 09:58:00,3,30.69,92.07
C00043,O002392,P0156,2024-03-06 09:58:00,2,56.56,113.12
C00035,O000901,P0019,2024-03-06 16:36:00,1,35.61,35.61
C00035,O000901,P0033,2024-03-06 16:36:00,2,13.45,26.9
C00168,O001168,P0203,2024-03-06 17:51:00,2,21.27,42.54
C00130,O002564,P0127,2024-03-06 17:55:00,1,46.1,46.1
C00188,O001094,P0174,2024-03-07 20:43:00,5,10.98,54.9
C00188,O001094,P0019,2024-03-07 20:43:00,3,36.34,109.02
C00258,O001433,P0156,2024-03-08 08:31:00,1,50.46,50.46
C00076,O002292,P0197,2024-03-08 09:11:00,2,26.98,53.96
C00076,O002292,P0195,2024-03-08 09:11:00,1,10.96,10.96
C00374,O000728,P0055,2024-03-08 12:58:00,1,16.19,16.19
C00374,O000728,P0065,2024-03-08 12:58:00,1,33.01,33.01
C00374,O000728,P0079,2024-03-08 12:58:00,1,29.24,29.24
C00101,O003370,P0195,2024-03-08 19:04:00,2,11.42,22.84
C00014,O003268,P0137,2024-03-08 20:30:00,4,23.89,95.56
C00430,O000100,P0202,2024-03-09 15:50:00,3,47.83,143.49
C00416,O000099,P0048,2024-03-09 16:59:00,3,20.35,61.05
C00416,O000099,P0176,2024-03-09 16:59:00,1,19.37,19.37
C00416,O000099,P0083,2024-03-09 16:59:00,1,17.93,17.93
C00451,O002917,P0075,2024-03-09 18:22:00,5,20.22,101.1
C00325,O001236,P0136,2024-03-09 22:12:00,3,11.92,35.76
C00325,O001236,P0156,2024-03-09 22:12:00,4,53.42,213.68
C00533,O003074,P0032,2024-03-09 22:19:00,1,17.8,17.8
C00021,O002007,P0019,2024-03-10 08:15:00,1,32.35,32.35
C00412,O003021,P0140,2024-03-10 08:39:00,1,102.9,102.9
C00289,O003019,P0204,2024-03-10 10:22:00,2,26.65,53.3
C00289,O003019,P0189,2024-03-10 10:22:00,1,8.99,8.99
C00312,O000258,P0135,2024-03-10 13:46:00,3,8.38,25.14
C00271,O001402,P0180,2024-03-10 20:50:00,1,23.57,23.57
C00271,O001402,P0185,2024-03-10 20:50:00,2,23.2,46.4
C00479,O003059,P0088,2024-03-10 20:52:00,4,22.44,89.76
C00479,O003059,P0208,2024-03-10 20:52:00,1,8.89,8.89
C00479,O003059,P0139,2024-03-10 20:52:00,2,62.44,124.88
C00479,O003059,P0171,2024-03-10 20:52:00,2,13.77,27.54
C00594,O001297,P0176,2024-03-11 12:20:00,1,21.45,21.45
C00240,O003118,P0111,2024-03-11 19:27:00,3,25.06,75.18
C00171,O003091,P0149,2024-03-12 09:52:00,1,36.94,36.94
C00171,O003091,P0066,2024-03-12 09:52:00,3,38.35,115.05
C00262,O001839,P0077,2024-03-12 10:00:00,1,13.01,13.01
C00124,O002829,P0150,2024-03-12 10:04:00,1,23.18,23.18
C00124,O002829,P0125,2024-03-12 10:04:00,2,32.17,64.34
C00299,O003318,P0148,2024-03-12 10:20:00,2,17.87,35.74
C00454,O003048,P0041,2024-03-12 14:26:00,2,31.07,62.14
C00538,O000562,P0184,2024-03-12 15:26:00,4,37.9,151.6
C00123,O001337,P0093,2024-03-12 15:51:00,3,16.25,48.75
C00379,O002470,P0025,2024-03-12 17:31:00,2,15.78,31.56
C00168,O002986,P0078,2024-03-12 17:59:00,2,24.75,49.5
C00218,O001107,P0137,2024-03-12 18:29:00,1,26.45,26.45
C00218,O001107,P0213,2024-03-12 18:29:00,4,19.87,79.48
C00379,O002410,P0185,2024-03-12 18:31:00,1,26.22,26.22
C00379,O002410,P0182,2024-03-12 18:31:00,2,24.19,48.38
C00379,O002410,P0043,2024-03-12 18:31:00,1,13.85,13.85
C00227,O001514,P0202,2024-03-12 20:02:00,3,45.27,135.81
C00227,O001514,P0087,2024-03-12 20:02:00,2,15.71,31.42
C00354,O001813,P0043,2024-03-13 08:52:00,2,14.32,28.64
C00354,O001813,P0101,2024-03-13 08:52:00,1,16.68,16.68
C00306,O001661,P0019,2024-03-13 09:49:00,1,33.16,33.16
C00359,O001452,P0202,2024-03-14 12:52:00,1,47.16,47.16
C00004,O001123,P0074,2024-03-14 15:40:00,3,25.61,76.83
C00004,O001123,P0200,2024-03-14 15:40:00,1,16.88,16.88
C00354,O001046,P0061,2024-03-15 08:17:00,4,8.06,32.24
C00149,O002826,P0033,2024-03-15 10:20:00,3,14.67,44.01
C00040,O001914,P0176,2024-03-15 11:01:00,1,19.39,19.39
C00306,O001923,P0215,2024-03-15 13:14:00,4,16.57,66.28
C00224,O001587,P0208,2024-03-15 15:29:00,4,11.52,46.08
C00224,O001587,P0075,2024-03-15 15:29:00,2,21.31,42.62
C00211,O002082,P0103,2024-03-15 15:46:00,3,18.17,54.51
C00211,O002082,P0215,2024-03-15 15:46:00,1,17.05,17.05
C00170,O001293,P0065,2024-03-15 16:08:00,2,30.86,61.72
C00030,O002132,P0012,2024-03-15 17:53:00,1,26.29,26.29
C00030,O002132,P0189,2024-03-15 17:53:00,2,9.76,19.52
C00030,O002132,P0152,2024-03-15 17:53:00,1,11.01,11.01
C00030,O002132,P0218,2024-03-15 17:53:00,1,43.82,43.82
C00305,O002154,P0046,2024-03-15 18:55:00,1,25.4,25.4
C00002,O001645,P0044,2024-03-15 21:10:00,2,22.84,45.68
C00002,O001645,P0091,2024-03-15 21:10:00,2,26.88,53.76
C00478,O000802,P0022,2024-03-15 21:59:00,1,12.94,12.94
C00437,O001202,P0075,2024-03-16 12:10:00,2,22.01,44.02
C00437,O001202,P0087,2024-03-16 12:10:00,1,15.21,15.21
C00370,O001526,P0059,2024-03-16 13:24:00,3,11.08,33.24
C00596,O000954,P0203,2024-03-16 16:12:00,1,21.14,21.14
C00568,O001266,P0161,2024-03-16 16:19:00,1,12.56,12.56
C00160,O003456,P0067,2024-03-16 18:15:00,1,15.88,15.88
C00339,O001805,P0004,2024-03-17 08:13:00,2,32.28,64.56
C00339,O001805,P0172,2024-03-17 08:13:00,2,28.17,56.34
C00261,O000867,P0044,2024-03-17 20:48:00,1,25.81,25.81
C00564,O002105,P0189,2024-03-17 21:31:00,1,8.82,8.82
C00312,O000934,P0018,2024-03-18 09:09:00,4,10.93,43.72
C00468,O002761,P0080,2024-03-18 09:49:00,1,14.83,14.83
C00468,O002761,P0182,2024-03-18 09:49:00,2,23.65,47.3
C00468,O002761,P0059,2024-03-18 09:49:00,1,12.99,12.99
C00493,O001417,P0047,2024-03-18 12:18:00,3,32.03,96.09
C00123,O001005,P0048,2024-03-18 13:33:00,1,22.74,22.74
C00375,O002975,P0075,2024-03-18 13:39:00,2,23.28,46.56
C00158,O002654,P0169,2024-03-18 17:00:00,1,18.07,18.07
C00158,O002654,P0214,2024-03-18 17:00:00,2,16.32,32.64
C00109,O000960,P0048,2024-03-18 18:44:00,2,24.8,49.6
C00355,O001345,P0120,2024-03-18 21:24:00,1,16.6,16.6
C00129,O000521,P0169,2024-03-19 08:04:00,5,17.33,86.65
C00347,O002860,P0087,2024-03-19 09:32:00,4,15.09,60.36
C00347,O002860,P0044,2024-03-19 09:32:00,4,21.68,86.72
C00347,O002860,P0009,2024-03-19 09:32:00,2,20.57,41.14
C00568,O002831,P0032,2024-03-19 14:02:00,1,15.1,15.1
C00568,O002831,P0037,2024-03-19 14:02:00,2,21.6,43.2
C00480,O001112,P0094,2024-03-19 14:37:00,1,18.3,18.3
C00480,O001112,P0047,2024-03-19 14:37:00,1,30.55,30.55
C00375,O000223,P0072,2024-03-19 16:33:00,2,11.25,22.5
C00375,O000223,P0127,2024-03-19 16:33:00,1,42.54,42.54
C00078,O002651,P0121,2024-03-19 18:45:00,1,11.08,11.08
C00308,O002031,P0168,2024-03-19 20:06:00,2,25.15,50.3
C00308,O002031,P0119,2024-03-19 20:06:00,1,46.42,46.42
C00308,O002031,P0177,2024-03-19 20:06:00,4,52.61,210.44
C00023,O002682,P0193,2024-03-20 09:42:00,1,15.28,15.28
C00023,O002682,P0124,2024-03-20 09:42:00,1,42.34,42.34
C00023,O002682,P0090,2024-03-20 09:42:00,1,26.41,26.41
C00071,O000546,P0091,2024-03-20 10:59:00,3,30.58,91.74
C00064,O001537,P0047,2024-03-20 12:36:00,1,31.86,31.86
C00125,O002040,P0122,2024-03-20 20:00:00,4,23.77,95.08
C00492,O000526,P0157,2024-03-20 20:13:00,2,20.14,40.28
C00331,O002262,P0019,2024-03-21 09:12:00,1,32.84,32.84
C00331,O002262,P0160,2024-03-21 09:12:00,2,11.16,22.32
C00521,O000545,P0166,2024-03-21 11:32:00,1,12.25,12.25
C00097,O000738,P0015,2024-03-21 19:04:00,1,26.18,26.18
C00476,O001999,P0156,2024-03-21 19:18:00,1,54.56,54.56
C00397,O000750,P0042,2024-03-21 21:21:00,3,29.16,87.48
C00397,O000750,P0120,2024-03-21 21:21:00,1,18.39,18.39
C00397,O000750,P0137,2024-03-21 21:21:00,4,23.57,94.28
C00112,O003481,P0073,2024-03-21 22:06:00,1,13.72,13.72
C00112,O003481,P0171,2024-03-21 22:06:00,5,13.55,67.75
C00112,O003481,P0131,2024-03-21 22:06:00,1,15.16,15.16
C00279,O002927,P0160,2024-03-21 22:31:00,1,8.92,8.92
C00463,O001223,P0167,2024-03-21 22:40:00,2,34.22,68.44
C00463,O001223,P0057,2024-03-21 22:40:00,3,14.05,42.15
C00079,O003016,P0044,2024-03-22 08:17:00,1,23.93,23.93
C00079,O003016,P0174,2024-03-22 08:17:00,4,9.66,38.64
C00079,O003016,P0137,2024-03-22 08:17:00,1,24.09,24.09
C00370,O003222,P0004,2024-03-22 09:12:00,1,30.92,30.92
C00389,O002920,P0038,2024-03-22 09:47:00,3,12.86,38.58
C00043,O000838,P0220,2024-03-22 15:15:00,1,11.79,11.79
C00573,O000654,P0072,2024-03-22 17:30:00,2,9.76,19.52
C00573,O000654,P0037,2024-03-22 17:30:00,4,19.06,76.24
C00397,O002520,P0083,2024-03-22 17:31:00,3,17.17,51.51
C00594,O002703,P0037,2024-03-22 18:34:00,1,20.61,20.61
C00594,O002703,P0203,2024-03-22 18:34:00,1,20.29,20.29
C00318,O003163,P0142,2024-03-22 19:40:00,2,12.01,24.02
C00376,O001804,P0158,2024-03-23 10:52:00,2,32.26,64.52
C00376,O001804,P0053,2024-03-23 10:52:00,1,10.01,10.01
C00376,O001804,P0112,2024-03-23 10:52:00,2,25.43,50.86
C00376,O001804,P0103,2024-03-23 10:52:00,1,18.24,18.24
C00454,O000527,P0073,2024-03-23 12:03:00,2,11.14,22.28
C00011,O002221,P0054,2024-03-23 12:53:00,2,18.73,37.46
C00398,O002219,P0042,2024-03-23 15:49:00,1,29.18,29.18
C00130,O002086,P0075,2024-03-23 17:18:00,1,19.41,19.41
C00130,O002086,P0011,2024-03-23 17:18:00,2,31.78,63.56
C00130,O002086,P0170,2024-03-23 17:18:00,4,18.76,75.04
C00397,O000392,P0065,2024-03-23 22:45:00,2,26.08,52.16
C00397,O000392,P0219,2024-03-23 22:45:00,1,21.18,21.18
C00199,O001400,P0153,2024-03-24 09:36:00,5,8.3,41.5
C00199,O001400,P0025,2024-03-24 09:36:00,2,16.27,32.54
C00199,O001400,P0162,2024-03-24 09:36:00,2,13.99,27.98
C00199,O001400,P0157,2024-03-24 09:36:00,1,21.07,21.07
C00523,O003216,P0125,2024-03-25 11:10:00,1,30.29,30.29
C00475,O003557,P0153,2024-03-25 13:49:00,1,8.19,8.19
C00510,O001348,P0137,2024-03-25 17:49:00,3,23.44,70.32
C00510,O001348,P0169,2024-03-25 17:49:00,3,20.75,62.25
C00399,O000075,P0088,2024-03-25 19:14:00,1,20.53,20.53
C00399,O000075,P0011,2024-03-25 19:14:00,5,32.86,164.3
C00521,O001543,P0215,2024-03-25 20:21:00,3,17.57,52.71
C00521,O001543,P0075,2024-03-25 20:21:00,2,21.35,42.7
C00521,O001543,P0033,2024-03-25 20:21:00,2,16.22,32.44
C00479,O003102,P0093,2024-03-26 10:17:00,1,16.22,16.22
C00376,O000754,P0192,2024-03-26 16:34:00,1,20.54,20.54
C00376,O000754,P0091,2024-03-26 16:34:00,2,25.69,51.38
C00120,O001076,P0220,2024-03-26 17:42:00,3,13.24,39.72
C00138,O000476,P0004,2024-03-26 20:25:00,3,33.31,99.93
C00221,O002129,P0048,2024-03-27 10:59:00,2,22.7,45.4
C00142,O003421,P0093,2024-03-27 12:49:00,3,15.53,46.59
C00415,O002650,P0032,2024-03-27 13:57:00,1,16.05,16.05
C00415,O002650,P0066,2024-03-27 13:57:00,3,32.09,96.27
C00474,O002810,P0053,2024-03-27 20:50:00,1,8.25,8.25
C00474,O002810,P0013,2024-03-27 20:50:00,3,19.24,57.72
C00474,O002810,P0116,2024-03-27 20:50:00,1,15.75,15.75
C00191,O001594,P0080,2024-03-27 22:40:00,4,16.14,64.56
C00191,O001594,P0075,2024-03-27 22:40:00,1,23.85,23.85
C00118,O000820,P0078,2024-03-28 14:54:00,1,21.41,21.41
C00118,O000820,P0210,2024-03-28 14:54:00,3,15.11,45.33
C00219,O002210,P0132,2024-03-28 18:47:00,2,8.64,17.28
C00219,O002210,P0220,2024-03-28 18:47:00,2,13.87,27.74
C00199,O000746,P0202,2024-03-28 22:12:00,4,39.44,157.76
C00215,O002327,P0176,2024-03-28 22:24:00,1,21.52,21.52
C00059,O001453,P0073,2024-03-29 16:29:00,1,12.79,12.79
C00059,O001453,P0137,2024-03-29 16:29:00,4,23.09,92.36
C00550,O002594,P0192,2024-03-29 18:13:00,4,18.81,75.24
C00550,O002594,P0087,2024-03-29 18:13:00,5,17.92,89.6
C00493,O001712,P0120,2024-03-29 22:03:00,1,15.9,15.9
C00158,O000380,P0102,2024-03-30 18:10:00,1,41.33,41.33
C00221,O003049,P0032,2024-03-30 22:55:00,4,15.59,62.36
C00221,O003049,P0076,2024-03-30 22:55:00,2,31.27,62.54
C00550,O000003,P0025,2024-03-31 11:05:00,3,16.14,48.42
C00550,O000003,P0044,2024-03-31 11:05:00,1,26.02,26.02
C00550,O000003,P0077,2024-03-31 11:05:00,2,14.74,29.48
C00550,O000003,P0155,2024-03-31 11:05:00,1,18.61,18.61
C00224,O002503,P0019,2024-03-31 12:50:00,1,34.63,34.63
C00584,O001390,P0143,2024-03-31 15:23:00,1,6.32,6.32
C00584,O001390,P0044,2024-03-31 15:23:00,1,21.12,21.12
C00236,O001697,P0218,2024-03-31 17:36:00,2,38.09,76.18
C00236,O001697,P0107,2024-03-31 17:36:00,1,10.35,10.35
C00236,O001697,P0202,2024-03-31 17:36:00,1,42.5,42.5
C00536,O003158,P0137,2024-03-31 19:58:00,1,20.89,20.89
C00342,O002073,P0121,2024-04-01 10:52:00,1,12.68,12.68
C00342,O002073,P0129,2024-04-01 10:52:00,1,13.49,13.49
C00120,O000609,P0132,2024-04-01 10:59:00,3,9.91,29.73
C00075,O001242,P0171,2024-04-01 12:14:00,1,14.59,14.59
C00318,O002861,P0149,2024-04-01 20:17:00,4,35.55,142.2
C00395,O001844,P0205,2024-04-02 08:55:00,1,5.56,5.56
C00303,O002652,P0083,2024-04-02 11:40:00,2,15.93,31.86
C00077,O003586,P0061,2024-04-02 11:58:00,1,6.93,6.93
C00532,O001113,P0143,2024-04-02 12:08:00,1,6.41,6.41
C00348,O001462,P0200,2024-04-02 14:15:00,4,18.75,75.0
C00348,O001462,P0202,2024-04-02 14:15:00,2,46.6,93.2
C00145,O003162,P0091,2024-04-02 15:46:00,2,29.14,58.28
C00145,O003162,P0054,2024-04-02 15:46:00,1,19.11,19.11
C00364,O000950,P0073,2024-04-02 19:57:00,1,11.08,11.08
C00364,O000950,P0077,2024-04-02 19:57:00,1,17.11,17.11
C00364,O000950,P0188,2024-04-02 19:57:00,1,8.03,8.03
C00342,O000882,P0215,2024-04-02 20:24:00,2,18.12,36.24
C00342,O000882,P0125,2024-04-02 20:24:00,1,31.16,31.16
C00399,O001198,P0138,2024-04-02 20:53:00,1,33.33,33.33
C00399,O001198,P0044,2024-04-02 20:53:00,2,26.9,53.8
C00530,O002345,P0125,2024-04-03 10:41:00,1,29.44,29.44
C00588,O003414,P0176,2024-04-03 11:46:00,1,20.91,20.91
C00431,O002937,P0202,2024-04-03 16:39:00,1,44.9,44.9
C00542,O002477,P0027,2024-04-03 17:31:00,1,26.38,26.38
C00060,O001310,P0168,2024-04-03 17:59:00,1,24.24,24.24
C00060,O001310,P0213,2024-04-03 17:59:00,3,20.26,60.78
C00060,O001310,P0032,2024-04-03 17:59:00,2,17.64,35.28
C00060,O001310,P0103,2024-04-03 17:59:00,3,14.7,44.1
C00412,O002963,P0183,2024-04-03 22:41:00,3,17.9,53.7
C00412,O002963,P0055,2024-04-03 22:41:00,1,15.12,15.12
C00578,O003154,P0124,2024-04-04 08:08:00,1,40.63,40.63
C00096,O003590,P0192,2024-04-04 12:34:00,1,18.36,18.36
C00096,O003590,P0096,2024-04-04 12:34:00,1,8.55,8.55
C00096,O003590,P0088,2024-04-04 12:34:00,4,18.44,73.76
C00473,O001316,P0046,2024-04-05 11:22:00,1,20.34,20.34
C00404,O000787,P0076,2024-04-05 11:24:00,5,30.86,154.3
C00404,O000787,P0210,2024-04-05 11:24:00,1,19.06,19.06
C00455,O003558,P0094,2024-04-05 11:57:00,1,19.16,19.16
C00322,O003419,P0200,2024-04-05 13:17:00,1,17.11,17.11
C00490,O003207,P0007,2024-04-05 17:21:00,5,19.18,95.9
C00303,O000163,P0067,2024-04-06 08:08:00,5,15.07,75.35
C00496,O001325,P0052,2024-04-06 10:04:00,2,25.34,50.68
C00496,O001325,P0075,2024-04-06 10:04:00,5,20.72,103.6
C00322,O002911,P0107,2024-04-06 10:37:00,2,13.47,26.94
C00322,O002911,P0103,2024-04-06 10:37:00,5,16.06,80.3
C00382,O001695,P0014,2024-04-06 20:32:00,1,33.61,33.61
C00028,O000962,P0061,2024-04-06 20:58:00,5,8.19,40.95
C00076,O002747,P0061,2024-04-07 08:07:00,2,7.6,15.2
C00076,O002747,P0044,2024-04-07 08:07:00,1,25.79,25.79
C00590,O000054,P0136,2024-04-07 12:02:00,1,12.14,12.14
C00590,O000054,P0019,2024-04-07 12:02:00,3,27.88,83.64
C00013,O001621,P0061,2024-04-07 20:56:00,4,9.41,37.64
C00013,O001621,P0076,2024-04-07 20:56:00,1,29.06,29.06
C00013,O001621,P0150,2024-04-07 20:56:00,1,21.05,21.05
C00130,O001360,P0066,2024-04-08 09:44:00,2,34.51,69.02
C00376,O002403,P0159,2024-04-08 14:10:00,2,15.87,31.74
C00376,O002403,P0073,2024-04-08 14:10:00,3,13.11,39.33
C00473,O002483,P0100,2024-04-08 15:17:00,1,11.57,11.57
C00473,O002483,P0075,2024-04-08 15:17:00,2,22.04,44.08
C00552,O002000,P0204,2024-04-08 19:04:00,2,26.72,53.44
C00552,O002000,P0053,2024-04-08 19:04:00,2,9.0,18.0
C00552,O002000,P0052,2024-04-08 19:04:00,1,30.97,30.97
C00456,O001511,P0092,2024-04-08 19:34:00,1,20.49,20.49
C00456,O001511,P0109,2024-04-08 19:34:00,2,30.22,60.44
C00456,O001511,P0143,2024-04-08 19:34:00,2,6.8,13.6
C00558,O002051,P0123,2024-04-08 20:33:00,3,22.54,67.62
C00558,O002051,P0088,2024-04-08 20:33:00,1,21.22,21.22
C00528,O001915,P0087,2024-04-08 21:16:00,1,14.43,14.43
C00039,O003365,P0203,2024-04-08 21:41:00,1,23.53,23.53
C00039,O003365,P0176,2024-04-08 21:41:00,2,25.22,50.44
C00039,O003365,P0202,2024-04-08 21:41:00,5,42.08,210.4
C00410,O001303,P0104,2024-04-08 21:46:00,1,28.4,28.4
C00410,O001303,P0055,2024-04-08 21:46:00,1,15.29,15.29
C00026,O000792,P0076,2024-04-09 09:49:00,1,28.64,28.64
C00400,O003368,P0061,2024-04-09 19:19:00,3,7.85,23.55
C00335,O001862,P0144,2024-04-09 21:54:00,1,24.37,24.37
C00390,O000554,P0059,2024-04-10 10:53:00,4,13.41,53.64
C00390,O000554,P0189,2024-04-10 10:53:00,1,9.73,9.73
C00544,O003338,P0044,2024-04-10 13:00:00,1,22.97,22.97
C00117,O000334,P0176,2024-04-10 14:28:00,1,20.99,20.99
C00117,O000334,P0054,2024-04-10 14:28:00,1,16.15,16.15
C00117,O000334,P0094,2024-04-10 14:28:00,3,17.2,51.6
C00473,O001674,P0129,2024-04-10 16:28:00,1,12.38,12.38
C00294,O003350,P0033,2024-04-10 17:28:00,3,16.06,48.18
C00294,O003350,P0061,2024-04-10 17:28:00,3,8.55,25.65
C00294,O003350,P0124,2024-04-10 17:28:00,2,37.16,74.32
C00294,O003350,P0075,2024-04-10 17:28:00,2,18.04,36.08
C00567,O001222,P0138,2024-04-10 18:57:00,1,28.76,28.76
C00128,O000884,P0176,2024-04-10 19:35:00,2,21.46,42.92
C00322,O001044,P0129,2024-04-10 21:58:00,1,14.85,14.85
C00397,O001225,P0202,2024-04-11 13:59:00,1,45.86,45.86
C00397,O001225,P0080,2024-04-11 13:59:00,2,16.31,32.62
C00397,O001225,P0147,2024-04-11 13:59:00,2,14.88,29.76
C00100,O002380,P0184,2024-04-11 14:31:00,1,35.63,35.63
C00410,O000176,P0192,2024-04-11 15:38:00,2,18.95,37.9
C00128,O000727,P0123,2024-04-11 20:53:00,2,22.36,44.72
C00494,O000127,P0103,2024-04-12 12:54:00,2,15.65,31.3
C00335,O000587,P0048,2024-04-12 13:14:00,2,22.11,44.22
C00463,O002881,P0185,2024-04-12 15:43:00,4,24.12,96.48
C00026,O000006,P0144,2024-04-12 18:36:00,1,23.62,23.62
C00494,O002047,P0044,2024-04-12 19:30:00,2,21.91,43.82
C00196,O002548,P0075,2024-04-13 09:03:00,3,21.76,65.28
C00144,O001382,P0176,2024-04-13 10:47:00,1,21.07,21.07
C00144,O001382,P0028,2024-04-13 10:47:00,1,22.75,22.75
C00453,O002883,P0083,2024-04-13 12:36:00,1,17.36,17.36
C00453,O002883,P0107,2024-04-13 12:36:00,2,11.05,22.1
C00309,O001679,P0200,2024-04-14 09:58:00,3,18.25,54.75
C00157,O002294,P0168,2024-04-14 11:35:00,1,23.65,23.65
C00157,O002294,P0133,2024-04-14 11:35:00,1,29.41,29.41
C00281,O000175,P0214,2024-04-14 12:52:00,3,16.61,49.83
C00281,O000175,P0007,2024-04-14 12:52:00,1,19.13,19.13
C00454,O000322,P0196,2024-04-14 13:44:00,2,12.41,24.82
C00454,O000322,P0079,2024-04-14 13:44:00,2,26.55,53.1
C00454,O000322,P0073,2024-04-14 13:44:00,1,11.71,11.71
C00454,O000322,P0100,2024-04-14 13:44:00,3,11.91,35.73
C00172,O000559,P0195,2024-04-14 19:04:00,5,10.65,53.25
C00172,O000559,P0127,2024-04-14 19:04:00,3,48.6,145.8
C00199,O002112,P0043,2024-04-14 19:38:00,2,13.98,27.96
C00102,O000705,P0140,2024-04-14 20:40:00,4,91.96,367.84
C00102,O000705,P0012,2024-04-14 20:40:00,1,30.41,30.41
C00102,O000705,P0025,2024-04-14 20:40:00,1,16.17,16.17
C00490,O000902,P0125,2024-04-15 13:51:00,3,32.2,96.6
C00150,O003214,P0197,2024-04-15 16:58:00,1,28.41,28.41
C00480,O002949,P0133,2024-04-16 09:58:00,1,30.31,30.31
C00480,O002949,P0215,2024-04-16 09:58:00,1,16.24,16.24
C00480,O002949,P0202,2024-04-16 09:58:00,1,46.39,46.39
C00358,O002576,P0213,2024-04-16 15:39:00,1,20.69,20.69
C00318,O000670,P0204,2024-04-16 15:59:00,1,30.55,30.55
C00152,O000776,P0202,2024-04-16 16:24:00,1,41.99,41.99
C00308,O001314,P0094,2024-04-16 18:46:00,2,20.13,40.26
C00308,O001314,P0220,2024-04-16 18:46:00,1,13.13,13.13
C00071,O001494,P0079,2024-04-16 21:59:00,1,27.91,27.91
C00202,O001275,P0047,2024-04-16 22:24:00,3,32.03,96.09
C00202,O001275,P0202,2024-04-16 22:24:00,1,40.9,40.9
C00521,O000606,P0102,2024-04-17 11:17:00,1,42.82,42.82
C00521,O000606,P0195,2024-04-17 11:17:00,2,10.78,21.56
C00521,O000606,P0103,2024-04-17 11:17:00,1,18.5,18.5
C00521,O000606,P0075,2024-04-17 11:17:00,2,21.66,43.32
C00142,O000406,P0176,2024-04-17 15:49:00,1,20.91,20.91
C00028,O003084,P0033,2024-04-17 17:06:00,2,14.57,29.14
C00028,O003084,P0160,2024-04-17 17:06:00,1,10.0,10.0
C00389,O003259,P0140,2024-04-18 17:08:00,1,97.1,97.1
C00538,O001259,P0176,2024-04-18 21:47:00,2,21.8,43.6
C00031,O002695,P0025,2024-04-19 11:46:00,1,16.08,16.08
C00031,O002695,P0162,2024-04-19 11:46:00,1,13.41,13.41
C00293,O000052,P0067,2024-04-19 14:19:00,1,17.18,17.18
C00335,O000794,P0107,2024-04-19 15:12:00,1,11.94,11.94
C00208,O001946,P0143,2024-04-20 09:41:00,4,5.99,23.96
C00004,O002843,P0123,2024-04-20 14:59:00,1,18.47,18.47
C00076,O002794,P0200,2024-04-20 19:32:00,2,16.92,33.84
C00076,O002794,P0002,2024-04-20 19:32:00,1,10.61,10.61
C00076,O002794,P0126,2024-04-20 19:32:00,2,24.2,48.4
C00230,O001947,P0152,2024-04-20 19:42:00,2,11.33,22.66
C00493,O003553,P0019,2024-04-20 20:45:00,1,31.28,31.28
C00493,O003553,P0128,2024-04-20 20:45:00,1,10.07,10.07
C00303,O000011,P0015,2024-04-20 22:17:00,4,26.26,105.04
C00370,O000255,P0176,2024-04-21 09:40:00,3,20.15,60.45
C00277,O002714,P0129,2024-04-21 10:36:00,2,15.17,30.34
C00339,O000272,P0171,2024-04-21 14:15:00,3,13.8,41.4
C00339,O000272,P0009,2024-04-21 14:15:00,1,19.7,19.7
C00339,O000272,P0176,2024-04-21 14:15:00,2,21.5,43.0
C00339,O000272,P0019,2024-04-21 14:15:00,3,28.36,85.08
C00002,O001876,P0185,2024-04-21 18:22:00,2,27.26,54.52
C00174,O000875,P0176,2024-04-22 14:01:00,1,20.42,20.42
C00071,O002157,P0157,2024-04-22 20:01:00,1,21.88,21.88
C00493,O002577,P0079,2024-04-23 08:31:00,2,30.69,61.38
C00317,O002734,P0055,2024-04-23 10:29:00,1,16.42,16.42
C00242,O000558,P0093,2024-04-23 13:25:00,1,15.41,15.41
C00218,O000320,P0044,2024-04-23 13:52:00,1,23.33,23.33
C00277,O002190,P0127,2024-04-23 19:34:00,2,41.37,82.74
C00277,O002190,P0109,2024-04-23 19:34:00,2,32.85,65.7
C00277,O002190,P0177,2024-04-23 19:34:00,1,49.03,49.03
C00530,O002164,P0194,2024-04-23 19:36:00,1,41.7,41.7
C00530,O002164,P0111,2024-04-23 19:36:00,1,23.83,23.83
C00530,O002164,P0066,2024-04-23 19:36:00,1,34.26,34.26
C00530,O002164,P0019,2024-04-23 19:36:00,1,31.27,31.27
C00386,O002628,P0073,2024-04-23 20:59:00,4,12.39,49.56
C00353,O003560,P0137,2024-04-24 08:12:00,1,23.26,23.26
C00374,O003435,P0176,2024-04-24 10:57:00,1,23.48,23.48
C00374,O003435,P0150,2024-04-24 10:57:00,4,26.67,106.68
C00382,O000717,P0044,2024-04-24 11:11:00,1,23.96,23.96
C00382,O000717,P0204,2024-04-24 11:11:00,1,27.49,27.49
C00201,O001260,P0053,2024-04-24 11:50:00,2,9.36,18.72
C00201,O001260,P0036,2024-04-24 11:50:00,3,38.33,114.99
C00576,O001323,P0171,2024-04-25 10:42:00,3,14.17,42.51
C00327,O001740,P0088,2024-04-25 12:39:00,4,19.82,79.28
C00346,O000605,P0185,2024-04-25 13:26:00,1,27.57,27.57
C00346,O000605,P0156,2024-04-25 13:26:00,2,45.59,91.18
C00346,O000605,P0125,2024-04-25 13:26:00,2,32.6,65.2
C00346,O000605,P0133,2024-04-25 13:26:00,4,28.3,113.2
C00493,O000235,P0075,2024-04-25 15:01:00,1,20.01,20.01
C00493,O000235,P0088,2024-04-25 15:01:00,2,20.55,41.1
C00493,O000235,P0125,2024-04-25 15:01:00,3,36.57,109.71
C00199,O002827,P0076,2024-04-25 21:09:00,2,28.36,56.72
C00199,O002827,P0214,2024-04-25 21:09:00,4,13.88,55.52
C00326,O000460,P0007,2024-04-25 22:03:00,2,21.39,42.78
C00326,O000460,P0041,2024-04-25 22:03:00,2,32.78,65.56
C00326,O000460,P0184,2024-04-25 22:03:00,1,36.77,36.77
C00476,O003345,P0094,2024-04-25 22:51:00,1,19.76,19.76
C00476,O003345,P0137,2024-04-25 22:51:00,2,23.34,46.68
C00144,O000540,P0033,2024-04-26 09:27:00,4,15.92,63.68
C00142,O003524,P0004,2024-04-26 13:21:00,2,33.97,67.94
C00142,O003524,P0202,2024-04-26 13:21:00,1,45.2,45.2
C00194,O000364,P0137,2024-04-26 14:08:00,1,25.76,25.76
C00194,O000364,P0083,2024-04-26 14:08:00,1,16.36,16.36
C00194,O000364,P0120,2024-04-26 14:08:00,1,17.58,17.58
C00200,O003498,P0192,2024-04-26 18:11:00,3,20.15,60.45
C00200,O003498,P0075,2024-04-26 18:11:00,3,23.05,69.15
C00200,O003498,P0092,2024-04-26 18:11:00,4,19.35,77.4
C00200,O003498,P0076,2024-04-26 18:11:00,1,29.29,29.29
C00249,O002780,P0010,2024-04-27 12:02:00,1,11.57,11.57
C00510,O002267,P0015,2024-04-27 14:17:00,5,24.81,124.05
C00582,O001618,P0033,2024-04-27 16:01:00,4,14.77,59.08
C00582,O001618,P0202,2024-04-27 16:01:00,3,43.42,130.26
C00014,O002476,P0091,2024-04-27 18:26:00,2,28.97,57.94
C00317,O001145,P0021,2024-04-27 19:22:00,2,20.04,40.08
C00317,O001145,P0170,2024-04-27 19:22:00,2,20.9,41.8
C00317,O001145,P0214,2024-04-27 19:22:00,1,13.02,13.02
C00026,O001017,P0019,2024-04-27 19:34:00,3,30.64,91.92
C00114,O001569,P0210,2024-04-27 19:40:00,3,17.04,51.12
C00114,O001569,P0188,2024-04-27 19:40:00,2,11.19,22.38
C00114,O001569,P0034,2024-04-27 19:40:00,4,12.29,49.16
C00114,O001569,P0185,2024-04-27 19:40:00,1,27.23,27.23
C00210,O002211,P0202,2024-04-27 22:35:00,1,39.65,39.65
C00210,O002211,P0129,2024-04-27 22:35:00,3,13.39,40.17
C00293,O000851,P0076,2024-04-28 09:17:00,3,31.32,93.96
C00134,O001629,P0107,2024-04-28 15:43:00,1,12.05,12.05
C00134,O001629,P0166,2024-04-28 15:43:00,2,12.24,24.48
C00134,O001629,P0177,2024-04-28 15:43:00,2,45.13,90.26
C00134,O001629,P0076,2024-04-28 15:43:00,4,27.92,111.68
C00105,O000951,P0165,2024-04-29 13:21:00,1,33.01,33.01
C00105,O000951,P0053,2024-04-29 13:21:00,1,9.16,9.16
C00201,O002284,P0129,2024-04-29 15:52:00,2,13.88,27.76
C00297,O003123,P0203,2024-04-29 18:48:00,2,20.04,40.08
C00333,O000611,P0004,2024-04-29 19:11:00,1,30.25,30.25
C00082,O001504,P0174,2024-04-29 19:44:00,3,9.24,27.72
C00082,O001504,P0073,2024-04-29 19:44:00,2,13.08,26.16
C00148,O002257,P0094,2024-04-29 20:49:00,3,19.69,59.07
C00435,O003585,P0109,2024-04-29 21:06:00,2,35.55,71.1
C00086,O002697,P0050,2024-04-30 08:53:00,1,21.7,21.7
C00086,O002697,P0044,2024-04-30 08:53:00,4,22.09,88.36
C00101,O003209,P0114,2024-04-30 09:49:00,1,9.71,9.71
C00481,O001616,P0209,2024-04-30 11:07:00,1,12.3,12.3
C00330,O002468,P0202,2024-04-30 11:21:00,3,46.47,139.41
C00584,O003373,P0137,2024-04-30 11:24:00,1,21.65,21.65
C00158,O000229,P0053,2024-04-30 17:40:00,1,10.16,10.16
C00209,O001696,P0102,2024-04-30 21:51:00,1,44.45,44.45
C00573,O000959,P0202,2024-05-01 11:17:00,1,42.84,42.84
C00157,O001860,P0083,2024-05-01 15:24:00,1,15.96,15.96
C00157,O001860,P0202,2024-05-01 15:24:00,2,43.68,87.36
C00492,O000094,P0202,2024-05-01 16:42:00,1,41.99,41.99
C00520,O003358,P0044,2024-05-01 20:03:00,1,21.38,21.38
C00412,O000358,P0125,2024-05-01 20:24:00,1,29.35,29.35
C00187,O001789,P0024,2024-05-01 22:46:00,4,20.37,81.48
C00187,O001789,P0087,2024-05-01 22:46:00,4,15.1,60.4
C00338,O000098,P0102,2024-05-02 08:20:00,1,42.09,42.09
C00322,O002296,P0157,2024-05-02 09:15:00,3,19.35,58.05
C00199,O000214,P0120,2024-05-02 16:12:00,1,17.62,17.62
C00527,O003061,P0137,2024-05-02 22:02:00,1,26.62,26.62
C00168,O002558,P0162,2024-05-02 22:46:00,2,15.0,30.0
C00564,O003550,P0018,2024-05-02 22:47:00,1,11.06,11.06
C00154,O000464,P0062,2024-05-03 09:16:00,1,16.16,16.16
C00504,O001665,P0091,2024-05-03 15:56:00,3,29.17,87.51
C00504,O001665,P0007,2024-05-03 15:56:00,5,20.91,104.55
C00504,O001665,P0053,2024-05-03 15:56:00,4,9.13,36.52
C00307,O001464,P0163,2024-05-03 22:33:00,1,67.19,67.19
C00370,O001581,P0195,2024-05-04 09:39:00,2,12.03,24.06
C00583,O002106,P0197,2024-05-04 12:11:00,2,31.55,63.1
C00077,O000627,P0090,2024-05-04 13:13:00,2,24.29,48.58
C00595,O003480,P0067,2024-05-04 14:24:00,2,16.54,33.08
C00595,O003480,P0073,2024-05-04 14:24:00,3,12.2,36.6
C00107,O003478,P0110,2024-05-04 14:52:00,1,8.22,8.22
C00366,O001885,P0202,2024-05-04 15:17:00,1,43.24,43.24
C00394,O000087,P0188,2024-05-04 20:04:00,3,9.65,28.95
C00230,O002701,P0054,2024-05-05 08:43:00,1,17.61,17.61
C00230,O002701,P0067,2024-05-05 08:43:00,1,15.72,15.72
C00530,O000538,P0194,2024-05-05 10:14:00,3,49.54,148.62
C00530,O000538,P0067,2024-05-05 10:14:00,2,17.17,34.34
C00530,O000538,P0122,2024-05-05 10:14:00,1,23.3,23.3
C00474,O002793,P0175,2024-05-05 11:11:00,1,11.19,11.19
C00474,O002793,P0052,2024-05-05 11:11:00,4,25.67,102.68
C00474,O002793,P0087,2024-05-05 11:11:00,2,17.03,34.06
C00133,O002256,P0025,2024-05-05 12:23:00,1,16.79,16.79
C00306,O001002,P0137,2024-05-05 14:06:00,1,28.37,28.37
C00306,O001002,P0093,2024-05-05 14:06:00,1,15.9,15.9
C00338,O002281,P0091,2024-05-05 16:38:00,2,30.8,61.6
C00417,O000261,P0009,2024-05-05 19:38:00,1,21.14,21.14
C00179,O001710,P0033,2024-05-05 20:12:00,1,14.98,14.98
C00530,O002712,P0007,2024-05-05 22:19:00,2,19.2,38.4
C00530,O002712,P0204,2024-05-05 22:19:00,1,25.47,25.47
C00450,O002418,P0185,2024-05-06 11:45:00,1,24.8,24.8
C00542,O000551,P0087,2024-05-06 12:44:00,1,13.38,13.38
C00542,O000551,P0123,2024-05-06 12:44:00,1,22.6,22.6
C00542,O000551,P0124,2024-05-06 12:44:00,3,41.17,123.51
C00542,O000551,P0153,2024-05-06 12:44:00,2,7.57,15.14
C00454,O000520,P0128,2024-05-06 14:47:00,3,10.06,30.18
C00207,O000424,P0159,2024-05-07 08:07:00,1,13.28,13.28
C00207,O000424,P0195,2024-05-07 08:07:00,2,12.27,24.54
C00207,O000424,P0175,2024-05-07 08:07:00,4,9.44,37.76
C00207,O000424,P0156,2024-05-07 08:07:00,1,52.37,52.37
C00031,O001344,P0176,2024-05-07 09:11:00,5,22.82,114.1
C00314,O001229,P0093,2024-05-07 14:46:00,4,18.3,73.2
C00375,O001808,P0053,2024-05-07 18:11:00,1,9.19,9.19
C00375,O001808,P0208,2024-05-07 18:11:00,1,10.15,10.15
C00375,O001808,P0093,2024-05-07 18:11:00,1,16.01,16.01
C00375,O001808,P0004,2024-05-07 18:11:00,1,32.98,32.98
C00049,O002767,P0156,2024-05-07 18:34:00,2,53.44,106.88
C00049,O002767,P0195,2024-05-07 18:34:00,3,9.37,28.11
C00355,O000071,P0119,2024-05-07 19:08:00,2,51.35,102.7
C00248,O002601,P0091,2024-05-07 22:45:00,2,27.02,54.04
C00598,O001691,P0073,2024-05-08 13:05:00,4,10.26,41.04
C00444,O003469,P0193,2024-05-08 15:43:00,2,15.66,31.32
C00444,O003469,P0135,2024-05-08 15:43:00,1,9.54,9.54
C00165,O003390,P0202,2024-05-08 16:07:00,2,38.26,76.52
C00165,O003390,P0061,2024-05-08 16:07:00,1,9.02,9.02
C00165,O003390,P0052,2024-05-08 16:07:00,4,29.73,118.92
C00326,O000411,P0019,2024-05-09 10:01:00,2,30.14,60.28
C00138,O002322,P0117,2024-05-09 11:24:00,4,23.61,94.44
C00356,O000240,P0088,2024-05-09 11:59:00,1,18.5,18.5
C00356,O000240,P0075,2024-05-09 11:59:00,1,22.33,22.33
C00356,O000240,P0032,2024-05-09 11:59:00,1,14.91,14.91
C00417,O000886,P0124,2024-05-09 13:16:00,1,35.86,35.86
C00383,O003492,P0053,2024-05-09 16:57:00,1,9.27,9.27
C00335,O000808,P0200,2024-05-09 19:01:00,2,16.64,33.28
C00335,O000808,P0202,2024-05-09 19:01:00,3,40.2,120.6
C00037,O002225,P0157,2024-05-09 20:37:00,1,20.33,20.33
C00137,O000256,P0137,2024-05-10 11:19:00,4,23.34,93.36
C00137,O000256,P0157,2024-05-10 11:19:00,2,20.31,40.62
C00038,O000927,P0170,2024-05-10 14:19:00,2,17.57,35.14
C00038,O000927,P0157,2024-05-10 14:19:00,1,19.95,19.95
C00334,O003240,P0095,2024-05-10 20:48:00,1,9.29,9.29
C00370,O003206,P0213,2024-05-10 21:23:00,1,22.46,22.46
C00196,O000975,P0138,2024-05-11 15:47:00,2,34.66,69.32
C00196,O000975,P0156,2024-05-11 15:47:00,3,51.85,155.55
C00196,O000975,P0030,2024-05-11 15:47:00,3,26.39,79.17
C00482,O001349,P0092,2024-05-11 16:20:00,1,18.71,18.71
C00335,O002463,P0188,2024-05-11 21:33:00,1,10.06,10.06
C00296,O000290,P0086,2024-05-11 21:35:00,1,26.87,26.87
C00296,O000290,P0200,2024-05-11 21:35:00,3,18.78,56.34
C00296,O000290,P0045,2024-05-11 21:35:00,1,21.49,21.49
C00530,O001009,P0068,2024-05-11 22:15:00,1,13.02,13.02
C00530,O001009,P0143,2024-05-11 22:15:00,2,6.2,12.4
C00150,O003255,P0189,2024-05-11 22:43:00,2,7.96,15.92
C00513,O000016,P0202,2024-05-12 08:34:00,1,45.9,45.9
C00460,O003416,P0165,2024-05-12 09:31:00,1,26.87,26.87
C00460,O003416,P0088,2024-05-12 09:31:00,1,18.73,18.73
C00319,O001321,P0054,2024-05-12 09:35:00,1,17.67,17.67
C00001,O002446,P0125,2024-05-12 13:00:00,2,30.59,61.18
C00161,O002779,P0043,2024-05-12 22:36:00,1,13.71,13.71
C00511,O001851,P0204,2024-05-13 16:45:00,1,27.88,27.88
C00536,O000136,P0072,2024-05-13 17:20:00,2,10.45,20.9
C00536,O000136,P0137,2024-05-13 17:20:00,1,27.81,27.81
C00588,O002291,P0188,2024-05-14 18:36:00,1,9.74,9.74
C00521,O000211,P0190,2024-05-14 19:57:00,4,47.52,190.08
C00521,O000211,P0195,2024-05-14 19:57:00,3,11.49,34.47
C00165,O000246,P0012,2024-05-14 22:10:00,1,32.73,32.73
C00165,O000246,P0129,2024-05-14 22:10:00,1,12.72,12.72
C00165,O000246,P0127,2024-05-14 22:10:00,1,42.54,42.54
C00526,O001384,P0053,2024-05-15 12:55:00,2,8.29,16.58
C00573,O003210,P0017,2024-05-15 14:17:00,1,26.03,26.03
C00573,O003210,P0188,2024-05-15 14:17:00,3,10.53,31.59
C00573,O003210,P0202,2024-05-15 14:17:00,1,43.43,43.43
C00200,O003203,P0136,2024-05-15 18:11:00,1,11.59,11.59
C00200,O003203,P0025,2024-05-15 18:11:00,1,15.9,15.9
C00415,O003076,P0157,2024-05-15 18:39:00,4,22.63,90.52
C00415,O003076,P0119,2024-05-15 18:39:00,2,46.83,93.66
C00078,O002790,P0061,2024-05-16 12:36:00,2,7.34,14.68
C00114,O001962,P0171,2024-05-16 16:48:00,2,14.32,28.64
C00493,O003089,P0204,2024-05-16 21:31:00,1,30.78,30.78
C00493,O003089,P0053,2024-05-16 21:31:00,1,9.42,9.42
C00530,O001171,P0127,2024-05-17 11:28:00,2,42.43,84.86
C00142,O000352,P0216,2024-05-17 12:44:00,1,30.93,30.93
C00059,O001364,P0129,2024-05-17 21:42:00,2,14.24,28.48
C00059,O001364,P0075,2024-05-17 21:42:00,1,21.71,21.71
C00302,O000349,P0168,2024-05-18 13:50:00,1,24.71,24.71
C00449,O000056,P0128,2024-05-18 15:53:00,4,11.6,46.4
C00449,O000056,P0066,2024-05-18 15:53:00,1,33.7,33.7
C00470,O003125,P0129,2024-05-18 18:25:00,2,14.58,29.16
C00211,O001658,P0168,2024-05-19 10:54:00,5,27.67,138.35
C00211,O001658,P0097,2024-05-19 10:54:00,1,10.23,10.23
C00330,O002870,P0181,2024-05-20 10:47:00,1,37.36,37.36
C00246,O000378,P0015,2024-05-20 16:00:00,1,25.43,25.43
C00246,O000378,P0197,2024-05-20 16:00:00,4,24.37,97.48
C00413,O000620,P0218,2024-05-20 18:49:00,4,43.11,172.44
C00120,O001835,P0088,2024-05-20 19:31:00,1,23.55,23.55
C00493,O002930,P0092,2024-05-20 22:48:00,3,20.63,61.89
C00493,O002930,P0032,2024-05-20 22:48:00,4,15.82,63.28
C00496,O003574,P0155,2024-05-21 09:32:00,1,18.8,18.8
C00067,O000066,P0088,2024-05-21 11:20:00,3,18.83,56.49
C00067,O000066,P0176,2024-05-21 11:20:00,1,23.63,23.63
C00021,O002868,P0072,2024-05-21 20:32:00,1,9.92,9.92
C00021,O002868,P0128,2024-05-21 20:32:00,2,10.67,21.34
C00021,O002868,P0062,2024-05-21 20:32:00,2,15.52,31.04
C00021,O002868,P0091,2024-05-21 20:32:00,2,27.47,54.94
C00524,O002893,P0137,2024-05-21 22:25:00,4,25.47,101.88
C00401,O001785,P0027,2024-05-22 09:26:00,3,29.92,89.76
C00401,O001785,P0197,2024-05-22 09:26:00,2,25.78,51.56
C00427,O000288,P0176,2024-05-22 10:34:00,2,21.41,42.82
C00230,O002842,P0053,2024-05-22 13:21:00,2,8.82,17.64
C00130,O002342,P0200,2024-05-22 16:53:00,2,17.74,35.48
C00130,O002342,P0102,2024-05-22 16:53:00,1,44.28,44.28
C00307,O000712,P0136,2024-05-22 18:23:00,2,11.31,22.62
C00307,O000712,P0213,2024-05-22 18:23:00,2,22.23,44.46
C00355,O003034,P0208,2024-05-22 19:58:00,1,8.56,8.56
C00235,O000742,P0076,2024-05-22 20:25:00,1,29.23,29.23
C00235,O000742,P0203,2024-05-22 20:25:00,2,19.34,38.68
C00399,O001035,P0048,2024-05-22 20:51:00,2,23.17,46.34
C00500,O001865,P0075,2024-05-23 09:49:00,1,20.79,20.79
C00333,O000330,P0204,2024-05-23 15:24:00,1,28.96,28.96
C00333,O000330,P0019,2024-05-23 15:24:00,4,32.43,129.72
C00333,O000330,P0115,2024-05-23 15:24:00,2,19.52,39.04
C00333,O000330,P0117,2024-05-23 15:24:00,1,23.51,23.51
C00060,O001032,P0190,2024-05-23 15:25:00,3,47.6,142.8
C00376,O002635,P0061,2024-05-23 15:39:00,2,8.94,17.88
C00266,O001110,P0103,2024-05-23 20:02:00,1,16.78,16.78
C00557,O001188,P0196,2024-05-23 21:40:00,1,11.72,11.72
C00557,O001188,P0083,2024-05-23 21:40:00,3,14.24,42.72
C00557,O001188,P0067,2024-05-23 21:40:00,1,17.16,17.16
C00171,O002825,P0180,2024-05-23 22:37:00,1,22.84,22.84
C00171,O002825,P0178,2024-05-23 22:37:00,3,23.1,69.3
C00322,O001185,P0208,2024-05-24 12:48:00,1,11.61,11.61
C00322,O001206,P0194,2024-05-24 17:42:00,2,40.04,80.08
C00048,O002879,P0103,2024-05-24 19:03:00,2,15.26,30.52
C00303,O001699,P0210,2024-05-25 10:07:00,2,14.97,29.94
C00303,O001699,P0125,2024-05-25 10:07:00,2,30.14,60.28
C00370,O001378,P0220,2024-05-25 12:41:00,3,16.54,49.62
C00370,O001378,P0023,2024-05-25 12:41:00,2,41.73,83.46
C00370,O001378,P0037,2024-05-25 12:41:00,1,18.06,18.06
C00065,O002466,P0100,2024-05-25 13:30:00,1,11.12,11.12
C00065,O002466,P0077,2024-05-25 13:30:00,1,13.97,13.97
C00151,O000819,P0075,2024-05-25 13:31:00,1,20.28,20.28
C00217,O002156,P0002,2024-05-25 14:45:00,3,11.34,34.02
C00217,O002156,P0053,2024-05-25 14:45:00,1,8.7,8.7
C00293,O001762,P0176,2024-05-25 16:22:00,3,20.84,62.52
C00121,O000496,P0092,2024-05-25 16:29:00,3,18.5,55.5
C00375,O000567,P0128,2024-05-25 16:30:00,1,10.19,10.19
C00149,O001391,P0153,2024-05-25 18:39:00,1,7.97,7.97
C00149,O001391,P0102,2024-05-25 18:39:00,2,39.16,78.32
C00149,O001391,P0220,2024-05-25 18:39:00,1,13.45,13.45
C00023,O000722,P0066,2024-05-25 19:15:00,2,27.43,54.86
C00023,O000722,P0137,2024-05-25 19:15:00,4,27.66,110.64
C00023,O000722,P0075,2024-05-25 19:15:00,1,23.42,23.42
C00307,O001098,P0200,2024-05-26 08:16:00,2,18.71,37.42
C00258,O002859,P0053,2024-05-26 09:45:00,3,8.96,26.88
C00258,O002859,P0220,2024-05-26 09:45:00,1,13.28,13.28
C00078,O003576,P0015,2024-05-26 16:10:00,2,28.6,57.2
C00375,O001449,P0220,2024-05-26 16:40:00,2,14.34,28.68
C00375,O001449,P0202,2024-05-26 16:40:00,1,45.88,45.88
C00198,O000042,P0170,2024-05-26 17:17:00,1,19.56,19.56
C00317,O000874,P0157,2024-05-26 18:20:00,5,22.14,110.7
C00317,O000874,P0075,2024-05-26 18:20:00,2,22.63,45.26
C00167,O001086,P0067,2024-05-26 19:11:00,3,17.85,53.55
C00167,O001086,P0204,2024-05-26 19:11:00,1,28.29,28.29
C00361,O000167,P0208,2024-05-26 20:55:00,1,10.03,10.03
C00361,O000167,P0059,2024-05-26 20:55:00,1,13.92,13.92
C00361,O000167,P0119,2024-05-26 20:55:00,1,49.63,49.63
C00331,O000730,P0137,2024-05-27 10:04:00,1,23.75,23.75
C00331,O000730,P0126,2024-05-27 10:04:00,1,24.68,24.68
C00331,O000730,P0132,2024-05-27 10:04:00,3,9.36,28.08
C00270,O001377,P0004,2024-05-27 11:06:00,1,35.97,35.97
C00270,O001377,P0214,2024-05-27 11:06:00,4,16.28,65.12
C00395,O003420,P0007,2024-05-27 11:34:00,3,21.52,64.56
C00395,O003420,P0170,2024-05-27 11:34:00,3,19.05,57.15
C00395,O003420,P0200,2024-05-27 11:34:00,1,18.64,18.64
C00080,O000708,P0210,2024-05-27 15:28:00,2,17.17,34.34
C00066,O002387,P0176,2024-05-27 15:56:00,4,20.21,80.84
C00066,O002387,P0152,2024-05-27 15:56:00,1,11.88,11.88
C00134,O001147,P0043,2024-05-27 16:53:00,3,13.08,39.24
C00134,O001147,P0220,2024-05-27 16:53:00,1,13.79,13.79
C00293,O002570,P0210,2024-05-27 22:24:00,1,15.2,15.2
C00293,O002570,P0075,2024-05-27 22:24:00,3,24.51,73.53
C00455,O002589,P0197,2024-05-27 22:45:00,3,29.44,88.32
C00218,O000981,P0088,2024-05-28 12:33:00,1,21.27,21.27
C00520,O002083,P0097,2024-05-28 13:46:00,1,9.52,9.52
C00262,O003597,P0176,2024-05-28 14:23:00,2,18.7,37.4
C00158,O000434,P0137,2024-05-28 16:53:00,2,24.09,48.18
C00158,O000434,P0190,2024-05-28 16:53:00,3,51.77,155.31
C00333,O001251,P0128,2024-05-29 20:17:00,1,10.71,10.71
C00070,O001770,P0169,2024-05-29 22:27:00,1,17.19,17.19
C00541,O003440,P0218,2024-05-30 08:16:00,2,39.39,78.78
C00578,O000138,P0024,2024-05-30 09:27:00,1,18.47,18.47
C00342,O001557,P0137,2024-05-30 11:17:00,1,21.38,21.38
C00342,O001557,P0181,2024-05-30 11:17:00,5,44.47,222.35
C00149,O002865,P0176,2024-05-30 14:10:00,2,21.98,43.96
C00230,O001827,P0156,2024-05-30 19:20:00,1,44.35,44.35
C00230,O001827,P0137,2024-05-30 19:20:00,2,27.85,55.7
C00230,O001827,P0075,2024-05-30 19:20:00,3,17.53,52.59
C00230,O001827,P0103,2024-05-30 19:20:00,1,18.41,18.41
C00174,O001853,P0080,2024-05-31 08:20:00,1,15.7,15.7
C00174,O001853,P0129,2024-05-31 08:20:00,3,15.47,46.41
C00174,O001853,P0110,2024-05-31 08:20:00,2,7.66,15.32
C00174,O001853,P0202,2024-05-31 08:20:00,5,46.13,230.65
C00373,O002590,P0033,2024-05-31 10:59:00,1,14.54,14.54
C00536,O002749,P0065,2024-05-31 15:30:00,3,25.57,76.71
C00343,O002079,P0220,2024-05-31 15:49:00,4,15.43,61.72
C00343,O002079,P0019,2024-05-31 15:49:00,3,35.77,107.31
C00343,O002079,P0209,2024-05-31 15:49:00,1,13.64,13.64
C00343,O002079,P0129,2024-05-31 15:49:00,1,14.63,14.63
C00322,O000969,P0092,2024-05-31 21:45:00,2,16.84,33.68
C00444,O002125,P0137,2024-05-31 22:59:00,1,24.08,24.08
C00412,O001347,P0019,2024-06-01 08:51:00,1,31.61,31.61
C00064,O003141,P0190,2024-06-01 09:45:00,1,49.68,49.68
C00064,O003141,P0157,2024-06-01 09:45:00,5,20.2,101.0
C00064,O003141,P0119,2024-06-01 09:45:00,2,50.89,101.78
C00333,O003556,P0192,2024-06-01 14:51:00,1,17.82,17.82
C00224,O002568,P0073,2024-06-01 15:37:00,4,11.87,47.48
C00224,O002568,P0047,2024-06-01 15:37:00,5,33.53,167.65
C00224,O002568,P0019,2024-06-01 15:37:00,2,33.74,67.48
C00365,O000379,P0200,2024-06-01 18:44:00,1,19.95,19.95
C00365,O000379,P0214,2024-06-01 18:44:00,3,15.84,47.52
C00224,O003119,P0075,2024-06-02 08:14:00,1,21.96,21.96
C00224,O003119,P0200,2024-06-02 08:14:00,1,19.3,19.3
C00492,O002992,P0092,2024-06-02 19:02:00,1,19.81,19.81
C00399,O001757,P0015,2024-06-03 14:26:00,1,27.55,27.55
C00399,O001757,P0153,2024-06-03 14:26:00,2,8.6,17.2
C00144,O001803,P0189,2024-06-03 17:25:00,1,9.25,9.25
C00144,O001803,P0076,2024-06-03 17:25:00,1,32.3,32.3
C00521,O000053,P0195,2024-06-03 17:34:00,1,10.9,10.9
C00521,O000053,P0062,2024-06-03 17:34:00,1,16.81,16.81
C00316,O001800,P0094,2024-06-03 18:19:00,1,18.97,18.97
C00316,O001800,P0024,2024-06-03 18:19:00,3,18.01,54.03
C00351,O003082,P0044,2024-06-03 18:55:00,2,24.21,48.42
C00580,O002343,P0184,2024-06-03 19:04:00,4,38.48,153.92
C00580,O002343,P0204,2024-06-03 19:04:00,1,28.64,28.64
C00580,O002343,P0036,2024-06-03 19:04:00,2,36.35,72.7
C00071,O001821,P0129,2024-06-03 19:24:00,2,15.12,30.24
C00412,O000276,P0137,2024-06-03 22:00:00,1,24.51,24.51
C00021,O001350,P0064,2024-06-04 08:18:00,1,27.3,27.3
C00021,O001350,P0087,2024-06-04 08:18:00,2,15.77,31.54
C00021,O001350,P0090,2024-06-04 08:18:00,1,24.12,24.12
C00021,O001350,P0075,2024-06-04 08:18:00,4,21.41,85.64
C00218,O003324,P0169,2024-06-04 11:52:00,1,15.42,15.42
C00218,O003324,P0165,2024-06-04 11:52:00,1,36.39,36.39
C00218,O003324,P0112,2024-06-04 11:52:00,1,23.74,23.74
C00551,O001828,P0067,2024-06-04 12:01:00,2,17.67,35.34
C00303,O002344,P0143,2024-06-05 11:38:00,2,6.87,13.74
C00203,O003256,P0176,2024-06-05 13:02:00,1,24.85,24.85
C00268,O003523,P0042,2024-06-05 18:58:00,2,27.14,54.28
C00322,O000835,P0022,2024-06-05 19:01:00,1,14.22,14.22
C00521,O001079,P0093,2024-06-06 10:09:00,1,15.83,15.83
C00167,O003551,P0080,2024-06-06 12:19:00,1,15.07,15.07
C00550,O003109,P0169,2024-06-06 17:19:00,2,16.26,32.52
C00375,O000350,P0139,2024-06-06 17:47:00,1,50.29,50.29
C00204,O003160,P0214,2024-06-06 18:06:00,2,15.38,30.76
C00584,O003510,P0073,2024-06-06 21:52:00,1,10.98,10.98
C00584,O003510,P0168,2024-06-06 21:52:00,4,24.23,96.92
C00290,O000376,P0204,2024-06-07 09:18:00,3,24.36,73.08
C00290,O000376,P0092,2024-06-07 09:18:00,2,19.03,38.06
C00290,O000376,P0036,2024-06-07 09:18:00,3,39.73,119.19
C00290,O000376,P0143,2024-06-07 09:18:00,3,6.4,19.2
C00444,O000104,P0133,2024-06-07 11:59:00,2,28.01,56.02
C00444,O000104,P0137,2024-06-07 11:59:00,5,26.2,131.0
C00444,O000104,P0081,2024-06-07 11:59:00,1,26.99,26.99
C00596,O000278,P0036,2024-06-07 12:21:00,2,40.31,80.62
C00436,O002236,P0061,2024-06-07 20:46:00,2,7.91,15.82
C00436,O002236,P0172,2024-06-07 20:46:00,1,27.05,27.05
C00026,O001608,P0213,2024-06-07 21:36:00,1,20.76,20.76
C00026,O001608,P0053,2024-06-07 21:36:00,4,9.4,37.6
C00081,O002045,P0012,2024-06-08 08:48:00,1,31.13,31.13
C00081,O002045,P0044,2024-06-08 08:48:00,2,23.12,46.24
C00441,O001091,P0033,2024-06-08 09:51:00,1,15.19,15.19
C00431,O003032,P0096,2024-06-08 10:03:00,1,8.54,8.54
C00235,O003233,P0044,2024-06-08 11:39:00,1,20.03,20.03
C00399,O002478,P0015,2024-06-08 12:46:00,1,25.62,25.62
C00399,O002478,P0202,2024-06-08 12:46:00,1,42.74,42.74
C00481,O003449,P0061,2024-06-09 09:44:00,1,8.02,8.02
C00474,O001013,P0019,2024-06-09 10:05:00,4,25.9,103.6
C00474,O001013,P0047,2024-06-09 10:05:00,2,36.49,72.98
C00474,O001013,P0146,2024-06-09 10:05:00,2,15.6,31.2
C00075,O002653,P0218,2024-06-09 12:39:00,1,43.48,43.48
C00309,O003159,P0087,2024-06-10 09:41:00,2,16.4,32.8
C00309,O003159,P0022,2024-06-10 09:41:00,4,14.27,57.08
C00568,O000139,P0155,2024-06-10 10:03:00,1,20.16,20.16
C00568,O000139,P0142,2024-06-10 10:03:00,1,11.95,11.95
C00038,O000205,P0156,2024-06-10 11:54:00,1,53.4,53.4
C00038,O000205,P0092,2024-06-10 11:54:00,1,17.67,17.67
C00038,O000205,P0062,2024-06-10 11:54:00,1,17.07,17.07
C00203,O002967,P0019,2024-06-10 12:42:00,1,33.51,33.51
C00493,O002642,P0022,2024-06-10 13:11:00,1,14.14,14.14
C00493,O002642,P0152,2024-06-10 13:11:00,1,11.7,11.7
C00376,O000103,P0126,2024-06-10 13:18:00,3,22.28,66.84
C00376,O000103,P0157,2024-06-10 13:18:00,4,21.32,85.28
C00028,O002117,P0139,2024-06-10 17:24:00,5,50.17,250.85
C00386,O003366,P0025,2024-06-10 18:07:00,2,15.3,30.6
C00386,O003366,P0061,2024-06-10 18:07:00,3,8.08,24.24
C00386,O003366,P0060,2024-06-10 18:07:00,1,32.94,32.94
C00148,O001649,P0158,2024-06-11 08:04:00,2,37.16,74.32
C00477,O001041,P0134,2024-06-11 08:26:00,1,15.98,15.98
C00479,O002798,P0044,2024-06-11 10:01:00,1,21.54,21.54
C00479,O002798,P0196,2024-06-11 10:01:00,2,12.26,24.52
C00412,O000686,P0076,2024-06-11 17:15:00,2,28.74,57.48
C00217,O000217,P0156,2024-06-11 17:17:00,2,55.78,111.56
C00217,O000217,P0213,2024-06-11 17:17:00,3,24.19,72.57
C00217,O000217,P0188,2024-06-11 17:17:00,3,8.85,26.55
C00224,O002833,P0033,2024-06-11 17:41:00,2,15.29,30.58
C00329,O002659,P0185,2024-06-11 18:49:00,3,25.06,75.18
C00329,O002659,P0202,2024-06-11 18:49:00,4,45.31,181.24
C00417,O000775,P0075,2024-06-11 19:48:00,1,24.45,24.45
C00417,O000775,P0171,2024-06-11 19:48:00,4,15.69,62.76
C00476,O000668,P0128,2024-06-11 22:46:00,1,11.35,11.35
C00316,O002127,P0090,2024-06-12 08:00:00,2,26.99,53.98
C00504,O003249,P0088,2024-06-12 11:55:00,2,21.29,42.58
C00408,O003520,P0175,2024-06-12 13:05:00,4,10.06,40.24
C00527,O002128,P0004,2024-06-12 13:51:00,3,31.1,93.3
C00355,O001850,P0071,2024-06-12 14:28:00,2,8.96,17.92
C00248,O002500,P0075,2024-06-12 18:24:00,1,21.44,21.44
C00248,O002500,P0073,2024-06-12 18:24:00,1,13.64,13.64
C00331,O000675,P0053,2024-06-12 20:45:00,3,9.28,27.84
C00513,O000636,P0076,2024-06-12 22:53:00,5,29.62,148.1
C00304,O000346,P0202,2024-06-13 08:13:00,3,47.3,141.9
C00179,O001648,P0137,2024-06-13 14:07:00,3,23.32,69.96
C00179,O001648,P0130,2024-06-13 14:07:00,5,13.47,67.35
C00288,O000721,P0175,2024-06-13 21:47:00,2,10.36,20.72
C00302,O001855,P0155,2024-06-13 22:48:00,2,17.58,35.16
C00302,O001855,P0111,2024-06-13 22:48:00,1,27.87,27.87
C00049,O002354,P0041,2024-06-14 11:09:00,2,27.1,54.2
C00113,O001614,P0215,2024-06-14 14:47:00,1,16.54,16.54
C00113,O001614,P0066,2024-06-14 14:47:00,1,30.83,30.83
C00546,O001611,P0088,2024-06-14 18:04:00,1,19.42,19.42
C00235,O000070,P0202,2024-06-14 19:37:00,2,45.88,91.76
C00235,O000070,P0044,2024-06-14 19:37:00,2,19.57,39.14
C00235,O000070,P0184,2024-06-14 19:37:00,1,41.6,41.6
C00101,O000200,P0100,2024-06-14 20:19:00,2,11.66,23.32
C00101,O000200,P0192,2024-06-14 20:19:00,1,19.54,19.54
C00101,O000200,P0137,2024-06-14 20:19:00,2,24.46,48.92
C00101,O000200,P0073,2024-06-14 20:19:00,4,12.45,49.8
C00140,O002141,P0072,2024-06-15 08:39:00,3,10.25,30.75
C00140,O002141,P0114,2024-06-15 08:39:00,1,9.22,9.22
C00325,O001883,P0169,2024-06-15 09:09:00,3,20.3,60.9
C00130,O002737,P0202,2024-06-15 10:36:00,1,47.91,47.91
C00130,O002737,P0189,2024-06-15 10:36:00,1,9.83,9.83
C00130,O002737,P0040,2024-06-15 10:36:00,1,30.71,30.71
C00132,O002096,P0143,2024-06-15 10:54:00,1,6.21,6.21
C00219,O000850,P0214,2024-06-15 13:21:00,2,14.45,28.9
C00142,O001702,P0143,2024-06-15 13:49:00,1,6.92,6.92
C00504,O000465,P0188,2024-06-15 18:37:00,1,10.13,10.13
C00471,O001439,P0060,2024-06-15 20:09:00,3,37.89,113.67
C00471,O001439,P0128,2024-06-15 20:09:00,2,10.24,20.48
C00593,O001231,P0127,2024-06-15 21:21:00,1,43.61,43.61
C00375,O002382,P0074,2024-06-16 10:02:00,1,27.79,27.79
C00249,O002441,P0202,2024-06-16 10:08:00,1,49.89,49.89
C00249,O002441,P0129,2024-06-16 10:08:00,1,16.23,16.23
C00158,O003315,P0088,2024-06-16 10:51:00,2,23.61,47.22
C00557,O002687,P0171,2024-06-16 16:17:00,1,13.88,13.88
C00307,O003461,P0100,2024-06-16 19:52:00,1,12.25,12.25
C00307,O003461,P0055,2024-06-16 19:52:00,2,15.19,30.38
C00307,O003461,P0137,2024-06-16 19:52:00,2,25.41,50.82
C00051,O001004,P0106,2024-06-17 11:02:00,4,17.73,70.92
C00351,O000852,P0137,2024-06-17 13:29:00,1,22.86,22.86
C00493,O002264,P0072,2024-06-17 16:04:00,1,12.02,12.02
C00344,O002993,P0102,2024-06-17 16:36:00,3,37.09,111.27
C00150,O001421,P0213,2024-06-18 08:50:00,3,18.01,54.03
C00150,O001421,P0139,2024-06-18 08:50:00,3,59.47,178.41
C00150,O001421,P0215,2024-06-18 08:50:00,4,18.18,72.72
C00049,O002867,P0044,2024-06-18 14:20:00,1,23.69,23.69
C00049,O002867,P0215,2024-06-18 14:20:00,3,17.49,52.47
C00342,O003072,P0076,2024-06-18 19:15:00,3,33.6,100.8
C00303,O001936,P0096,2024-06-18 21:27:00,1,8.95,8.95
C00303,O001936,P0172,2024-06-18 21:27:00,1,29.42,29.42
C00303,O001936,P0093,2024-06-18 21:27:00,1,15.37,15.37
C00306,O002815,P0218,2024-06-19 09:15:00,5,42.8,214.0
C00306,O002815,P0083,2024-06-19 09:15:00,1,20.14,20.14
C00261,O003208,P0011,2024-06-19 09:53:00,1,32.81,32.81
C00367,O003198,P0032,2024-06-19 11:30:00,3,18.48,55.44
C00367,O003198,P0007,2024-06-19 11:30:00,1,22.39,22.39
C00171,O002533,P0083,2024-06-19 22:01:00,1,17.11,17.11
C00060,O001274,P0143,2024-06-19 22:07:00,3,6.97,20.91
C00060,O001274,P0094,2024-06-19 22:07:00,1,17.32,17.32
C00060,O001274,P0152,2024-06-19 22:07:00,4,10.91,43.64
C00184,O002492,P0044,2024-06-20 09:36:00,2,22.69,45.38
C00122,O001555,P0153,2024-06-20 10:03:00,1,7.78,7.78
C00277,O000517,P0201,2024-06-20 11:23:00,5,25.86,129.3
C00277,O000517,P0015,2024-06-20 11:23:00,1,27.35,27.35
C00448,O001561,P0073,2024-06-20 11:49:00,1,11.81,11.81
C00448,O001561,P0100,2024-06-20 11:49:00,1,12.2,12.2
C00335,O002944,P0120,2024-06-20 15:31:00,3,17.74,53.22
C00593,O000244,P0062,2024-06-20 15:59:00,1,18.29,18.29
C00593,O000244,P0093,2024-06-20 15:59:00,1,14.11,14.11
C00593,O000244,P0023,2024-06-20 15:59:00,1,34.96,34.96
C00593,O000244,P0076,2024-06-20 15:59:00,1,27.22,27.22
C00145,O000805,P0188,2024-06-20 17:04:00,4,11.12,44.48
C00038,O000573,P0219,2024-06-20 17:20:00,1,21.59,21.59
C00038,O000573,P0169,2024-06-20 17:20:00,1,19.14,19.14
C00038,O000573,P0161,2024-06-20 17:20:00,1,11.28,11.28
C00031,O002685,P0103,2024-06-20 19:39:00,2,16.19,32.38
C00472,O001829,P0202,2024-06-21 09:26:00,3,49.27,147.81
C00535,O002469,P0204,2024-06-21 10:55:00,1,29.96,29.96
C00169,O001863,P0076,2024-06-21 16:12:00,1,29.52,29.52
C00111,O002508,P0176,2024-06-21 17:41:00,2,23.22,46.44
C00111,O002508,P0007,2024-06-21 17:41:00,1,18.82,18.82
C00111,O002508,P0189,2024-06-21 17:41:00,2,9.54,19.08
C00111,O002508,P0088,2024-06-21 17:41:00,2,20.33,40.66
C00521,O000938,P0202,2024-06-22 11:44:00,1,42.72,42.72
C00521,O000938,P0010,2024-06-22 11:44:00,2,12.53,25.06
C00023,O000619,P0059,2024-06-22 12:51:00,1,12.5,12.5
C00023,O000619,P0085,2024-06-22 12:51:00,2,10.23,20.46
C00023,O000619,P0053,2024-06-22 12:51:00,2,8.58,17.16
C00023,O000619,P0075,2024-06-22 12:51:00,2,20.85,41.7
C00303,O000323,P0085,2024-06-22 15:53:00,1,10.67,10.67
C00303,O000323,P0077,2024-06-22 15:53:00,1,15.55,15.55
C00303,O000323,P0097,2024-06-22 15:53:00,1,10.75,10.75
C00303,O000323,P0038,2024-06-22 15:53:00,1,13.42,13.42
C00573,O001724,P0195,2024-06-22 16:16:00,1,10.53,10.53
C00480,O003100,P0200,2024-06-22 20:37:00,5,16.85,84.25
C00480,O003100,P0076,2024-06-22 20:37:00,1,29.48,29.48
C00330,O001615,P0004,2024-06-23 10:07:00,3,33.27,99.81
C00330,O001615,P0174,2024-06-23 10:07:00,1,10.58,10.58
C00011,O003448,P0033,2024-06-23 13:05:00,2,15.63,31.26
C00595,O000018,P0122,2024-06-23 15:20:00,2,21.9,43.8
C00120,O003451,P0012,2024-06-23 15:38:00,1,33.34,33.34
C00120,O003451,P0189,2024-06-23 15:38:00,1,9.48,9.48
C00120,O003451,P0072,2024-06-23 15:38:00,3,10.75,32.25
C00120,O003451,P0015,2024-06-23 15:38:00,2,26.15,52.3
C00261,O001300,P0137,2024-06-24 20:58:00,3,26.12,78.36
C00261,O001300,P0044,2024-06-24 20:58:00,3,25.29,75.87
C00261,O001300,P0181,2024-06-24 20:58:00,1,39.72,39.72
C00165,O001897,P0052,2024-06-24 22:38:00,1,30.29,30.29
C00171,O000300,P0112,2024-06-25 08:21:00,3,23.29,69.87
C00370,O000484,P0019,2024-06-25 09:36:00,1,29.26,29.26
C00370,O000484,P0125,2024-06-25 09:36:00,3,30.89,92.67
C00370,O000484,P0085,2024-06-25 09:36:00,1,9.75,9.75
C00370,O000484,P0140,2024-06-25 09:36:00,5,110.89,554.45
C00303,O000946,P0097,2024-06-25 10:44:00,1,11.29,11.29
C00091,O002666,P0165,2024-06-25 10:50:00,2,31.23,62.46
C00218,O003466,P0038,2024-06-25 10:56:00,2,13.44,26.88
C00218,O003466,P0158,2024-06-25 10:56:00,1,34.87,34.87
C00201,O001039,P0143,2024-06-25 11:59:00,2,6.77,13.54
C00067,O000437,P0034,2024-06-25 16:32:00,1,13.3,13.3
C00067,O000437,P0075,2024-06-25 16:32:00,4,19.71,78.84
C00077,O003559,P0125,2024-06-25 18:56:00,2,32.53,65.06
C00246,O002788,P0107,2024-06-25 19:32:00,3,10.97,32.91
C00077,O002409,P0004,2024-06-25 20:02:00,5,32.94,164.7
C00261,O002324,P0197,2024-06-25 22:32:00,4,27.26,109.04
C00261,O002324,P0202,2024-06-25 22:32:00,2,44.27,88.54
C00261,O002324,P0032,2024-06-25 22:32:00,1,16.33,16.33
C00031,O003543,P0127,2024-06-26 11:33:00,5,50.35,251.75
C00370,O002985,P0055,2024-06-26 12:04:00,1,15.09,15.09
C00356,O003244,P0025,2024-06-26 13:05:00,2,16.53,33.06
C00182,O000155,P0129,2024-06-26 13:43:00,1,15.18,15.18
C00182,O000155,P0075,2024-06-26 13:43:00,4,22.9,91.6
C00182,O000155,P0202,2024-06-26 13:43:00,1,46.54,46.54
C00179,O002399,P0202,2024-06-26 14:21:00,1,41.35,41.35
C00179,O002399,P0033,2024-06-26 14:21:00,1,14.77,14.77
C00411,O000343,P0059,2024-06-26 16:42:00,2,12.64,25.28
C00339,O003565,P0122,2024-06-26 19:28:00,1,24.11,24.11
C00081,O002352,P0188,2024-06-26 20:20:00,2,9.73,19.46
C00195,O001312,P0213,2024-06-26 21:56:00,1,20.78,20.78
C00195,O001312,P0079,2024-06-26 21:56:00,3,27.63,82.89
C00474,O002066,P0156,2024-06-26 22:04:00,1,49.95,49.95
C00474,O002066,P0196,2024-06-26 22:04:00,2,12.16,24.32
C00474,O002066,P0076,2024-06-26 22:04:00,4,31.0,124.0
C00474,O002066,P0198,2024-06-26 22:04:00,3,16.57,49.71
C00219,O001612,P0115,2024-06-27 14:00:00,2,20.77,41.54
C00219,O001612,P0177,2024-06-27 14:00:00,3,43.98,131.94
C00219,O001612,P0043,2024-06-27 14:00:00,2,13.52,27.04
C00516,O002337,P0128,2024-06-27 16:53:00,3,10.83,32.49
C00516,O002337,P0218,2024-06-27 16:53:00,2,36.54,73.08
C00077,O003188,P0010,2024-06-27 21:05:00,1,11.4,11.4
C00107,O000828,P0202,2024-06-27 22:30:00,2,47.88,95.76
C00348,O000090,P0098,2024-06-28 13:28:00,2,11.06,22.12
C00348,O000090,P0090,2024-06-28 13:28:00,2,27.35,54.7
C00345,O001781,P0076,2024-06-28 21:26:00,1,27.43,27.43
C00446,O002364,P0055,2024-06-29 09:28:00,2,14.63,29.26
C00446,O002364,P0044,2024-06-29 09:28:00,2,25.0,50.0
C00446,O002364,P0200,2024-06-29 09:28:00,1,20.83,20.83
C00123,O002640,P0143,2024-06-29 14:24:00,4,6.31,25.24
C00314,O000096,P0128,2024-06-29 15:59:00,2,10.78,21.56
C00106,O003040,P0208,2024-06-29 19:23:00,1,10.28,10.28
C00106,O003040,P0076,2024-06-29 19:23:00,3,32.69,98.07
C00106,O003040,P0047,2024-06-29 19:23:00,1,33.19,33.19
C00370,O001602,P0189,2024-06-30 14:55:00,2,9.3,18.6
C00271,O003445,P0019,2024-06-30 19:32:00,3,36.75,110.25
C00358,O000590,P0015,2024-06-30 20:03:00,1,26.21,26.21
C00387,O003439,P0193,2024-07-01 15:55:00,1,14.17,14.17
C00387,O003439,P0161,2024-07-01 15:55:00,1,11.57,11.57
C00387,O003439,P0059,2024-07-01 15:55:00,1,10.92,10.92
C00428,O002397,P0044,2024-07-01 21:50:00,1,23.08,23.08
C00428,O002397,P0128,2024-07-01 21:50:00,4,9.99,39.96
C00481,O001604,P0073,2024-07-02 08:37:00,1,11.93,11.93
C00561,O000533,P0178,2024-07-02 08:40:00,1,22.91,22.91
C00581,O002061,P0196,2024-07-02 13:06:00,2,13.6,27.2
C00581,O002061,P0009,2024-07-02 13:06:00,3,19.44,58.32
C00123,O003591,P0204,2024-07-02 13:12:00,3,28.9,86.7
C00123,O003591,P0128,2024-07-02 13:12:00,1,10.0,10.0
C00204,O002328,P0220,2024-07-02 14:58:00,1,13.36,13.36
C00536,O000591,P0196,2024-07-02 15:46:00,2,12.46,24.92
C00536,O000591,P0088,2024-07-02 15:46:00,4,18.27,73.08
C00536,O000591,P0171,2024-07-02 15:46:00,3,11.5,34.5
C00057,O001101,P0196,2024-07-02 17:28:00,1,11.89,11.89
C00225,O003246,P0092,2024-07-02 17:35:00,1,21.06,21.06
C00225,O003246,P0076,2024-07-02 17:35:00,1,29.04,29.04
C00225,O003246,P0168,2024-07-02 17:35:00,4,22.69,90.76
C00016,O002623,P0022,2024-07-02 21:33:00,4,13.82,55.28
C00016,O002623,P0093,2024-07-02 21:33:00,3,15.81,47.43
C00123,O002552,P0090,2024-07-03 09:35:00,2,24.95,49.9
C00016,O001474,P0090,2024-07-03 15:08:00,3,26.66,79.98
C00446,O000308,P0162,2024-07-03 20:46:00,1,12.94,12.94
C00446,O000308,P0007,2024-07-03 20:46:00,5,20.61,103.05
C00417,O002064,P0188,2024-07-04 09:18:00,1,10.96,10.96
C00024,O002940,P0083,2024-07-04 11:17:00,4,18.07,72.28
C00263,O002948,P0048,2024-07-04 12:29:00,1,26.44,26.44
C00482,O002974,P0094,2024-07-05 11:03:00,1,22.2,22.2
C00482,O002974,P0208,2024-07-05 11:03:00,2,11.81,23.62
C00247,O000036,P0176,2024-07-05 11:20:00,1,23.03,23.03
C00348,O002386,P0185,2024-07-05 11:50:00,3,22.71,68.13
C00348,O002386,P0149,2024-07-05 11:50:00,1,37.46,37.46
C00290,O001346,P0087,2024-07-05 12:19:00,1,17.88,17.88
C00187,O001209,P0095,2024-07-05 16:11:00,4,7.66,30.64
C00304,O000845,P0053,2024-07-05 18:34:00,3,8.94,26.82
C00304,O000845,P0100,2024-07-05 18:34:00,5,14.01,70.05
C00322,O003043,P0185,2024-07-05 18:39:00,5,27.07,135.35
C00527,O000615,P0077,2024-07-05 18:47:00,1,17.54,17.54
C00355,O001234,P0122,2024-07-05 19:45:00,1,22.19,22.19
C00355,O001234,P0083,2024-07-05 19:45:00,3,17.09,51.27
C00555,O000221,P0129,2024-07-05 19:56:00,1,14.76,14.76
C00553,O002704,P0186,2024-07-05 21:18:00,1,49.69,49.69
C00113,O000124,P0204,2024-07-06 11:28:00,2,27.65,55.3
C00113,O000124,P0036,2024-07-06 11:28:00,2,34.23,68.46
C00219,O000774,P0172,2024-07-06 15:30:00,2,24.15,48.3
C00219,O000774,P0128,2024-07-06 15:30:00,2,9.28,18.56
C00224,O002610,P0079,2024-07-07 10:21:00,2,29.55,59.1
C00397,O001933,P0005,2024-07-07 11:23:00,2,6.45,12.9
C00390,O001062,P0101,2024-07-07 11:55:00,4,15.62,62.48
C00521,O000031,P0033,2024-07-07 15:46:00,4,14.37,57.48
C00266,O003515,P0125,2024-07-07 22:09:00,1,30.51,30.51
C00321,O002579,P0022,2024-07-08 13:22:00,3,14.1,42.3
C00321,O002579,P0087,2024-07-08 13:22:00,5,15.56,77.8
C00379,O000331,P0004,2024-07-08 13:38:00,1,31.46,31.46
C00104,O002876,P0169,2024-07-08 16:33:00,1,18.07,18.07
C00513,O001371,P0182,2024-07-08 18:06:00,1,21.82,21.82
C00187,O001199,P0088,2024-07-09 13:21:00,1,22.38,22.38
C00339,O001283,P0032,2024-07-09 17:15:00,2,17.99,35.98
C00339,O001283,P0044,2024-07-09 17:15:00,4,21.44,85.76
C00171,O000614,P0184,2024-07-09 18:33:00,4,37.15,148.6
C00031,O002690,P0123,2024-07-09 19:16:00,1,21.69,21.69
C00217,O001142,P0062,2024-07-10 12:08:00,3,17.97,53.91
C00207,O000216,P0015,2024-07-10 14:05:00,3,26.11,78.33
C00031,O002489,P0082,2024-07-10 17:59:00,5,12.5,62.5
C00031,O002489,P0044,2024-07-10 17:59:00,1,24.42,24.42
C00031,O002489,P0090,2024-07-10 17:59:00,4,28.97,115.88
C00393,O000357,P0096,2024-07-10 19:38:00,3,9.2,27.6
C00374,O000432,P0023,2024-07-10 20:13:00,1,39.56,39.56
C00374,O000432,P0094,2024-07-10 20:13:00,1,20.31,20.31
C00247,O003381,P0149,2024-07-10 21:24:00,2,37.92,75.84
C00247,O003381,P0184,2024-07-10 21:24:00,2,35.95,71.9
C00361,O000227,P0162,2024-07-11 11:22:00,1,12.21,12.21
C00066,O001357,P0075,2024-07-11 13:01:00,4,21.69,86.76
C00025,O000274,P0213,2024-07-11 16:27:00,1,21.95,21.95
C00025,O000274,P0073,2024-07-11 16:27:00,2,12.03,24.06
C00025,O000274,P0176,2024-07-11 16:27:00,5,20.73,103.65
C00025,O000274,P0202,2024-07-11 16:27:00,3,43.78,131.34
C00174,O001370,P0018,2024-07-11 21:09:00,4,11.19,44.76
C00174,O001370,P0213,2024-07-11 21:09:00,2,18.28,36.56
C00307,O001900,P0202,2024-07-11 21:13:00,4,42.69,170.76
C00307,O001900,P0213,2024-07-11 21:13:00,1,18.37,18.37
C00307,O001900,P0157,2024-07-11 21:13:00,3,21.5,64.5
C00307,O001900,P0137,2024-07-11 21:13:00,1,24.34,24.34
C00049,O001440,P0132,2024-07-12 09:29:00,1,9.06,9.06
C00049,O001440,P0076,2024-07-12 09:29:00,1,27.04,27.04
C00049,O001440,P0202,2024-07-12 09:29:00,3,44.7,134.1
C00230,O001290,P0051,2024-07-12 13:23:00,1,25.53,25.53
C00230,O001290,P0144,2024-07-12 13:23:00,2,24.02,48.04
C00075,O002960,P0076,2024-07-12 16:25:00,3,28.0,84.0
C00075,O002960,P0172,2024-07-12 16:25:00,4,24.81,99.24
C00497,O002918,P0213,2024-07-12 16:31:00,1,20.79,20.79
C00497,O002918,P0195,2024-07-12 16:31:00,1,10.47,10.47
C00497,O002918,P0218,2024-07-12 16:31:00,1,41.34,41.34
C00191,O002025,P0054,2024-07-12 18:55:00,5,16.55,82.75
C00043,O000825,P0169,2024-07-12 19:52:00,1,18.44,18.44
C00043,O000825,P0015,2024-07-12 19:52:00,1,26.98,26.98
C00130,O001574,P0045,2024-07-13 09:58:00,2,18.95,37.9
C00141,O000478,P0038,2024-07-13 11:01:00,2,12.93,25.86
C00125,O003030,P0168,2024-07-13 13:43:00,1,22.19,22.19
C00125,O003030,P0079,2024-07-13 13:43:00,1,25.6,25.6
C00526,O001833,P0176,2024-07-13 14:14:00,1,22.3,22.3
C00526,O001833,P0052,2024-07-13 14:14:00,3,31.5,94.5
C00104,O001921,P0075,2024-07-13 18:12:00,4,21.78,87.12
C00104,O001921,P0043,2024-07-13 18:12:00,1,15.33,15.33
C00104,O001921,P0087,2024-07-13 18:12:00,1,15.68,15.68
C00104,O001921,P0062,2024-07-13 18:12:00,1,15.76,15.76
C00063,O001937,P0218,2024-07-14 17:42:00,1,41.91,41.91
C00063,O001937,P0004,2024-07-14 17:42:00,1,35.46,35.46
C00112,O002206,P0220,2024-07-14 22:08:00,1,13.81,13.81
C00424,O002535,P0218,2024-07-15 10:56:00,1,37.66,37.66
C00262,O002574,P0052,2024-07-15 15:55:00,1,27.63,27.63
C00041,O001625,P0220,2024-07-15 18:46:00,1,13.54,13.54
C00539,O001169,P0100,2024-07-15 20:56:00,2,11.97,23.94
C00352,O000974,P0055,2024-07-15 22:20:00,4,18.18,72.72
C00343,O001772,P0053,2024-07-16 09:35:00,4,8.91,35.64
C00325,O000671,P0153,2024-07-16 11:33:00,2,8.52,17.04
C00325,O000671,P0214,2024-07-16 11:33:00,1,15.1,15.1
C00325,O000671,P0220,2024-07-16 11:33:00,1,13.21,13.21
C00137,O000454,P0196,2024-07-16 18:06:00,1,13.17,13.17
C00137,O000454,P0220,2024-07-16 18:06:00,1,13.69,13.69
C00375,O000009,P0097,2024-07-16 21:58:00,2,9.87,19.74
C00342,O001523,P0220,2024-07-17 20:29:00,1,13.06,13.06
C00247,O001626,P0195,2024-07-17 22:17:00,2,11.34,22.68
C00273,O000339,P0148,2024-07-18 13:00:00,1,18.21,18.21
C00137,O003376,P0083,2024-07-18 13:47:00,3,17.02,51.06
C00137,O003376,P0004,2024-07-18 13:47:00,1,33.36,33.36
C00077,O003015,P0202,2024-07-18 14:02:00,2,44.29,88.58
C00125,O003433,P0153,2024-07-18 15:24:00,2,8.12,16.24
C00125,O003433,P0195,2024-07-18 15:24:00,4,10.34,41.36
C00517,O002319,P0061,2024-07-18 15:26:00,2,8.35,16.7
C00450,O000885,P0210,2024-07-18 15:33:00,2,15.75,31.5
C00377,O000548,P0160,2024-07-18 15:34:00,2,11.02,22.04
C00226,O002599,P0062,2024-07-18 16:47:00,2,17.71,35.42
C00112,O001982,P0044,2024-07-18 18:03:00,2,22.74,45.48
C00476,O002904,P0090,2024-07-18 19:18:00,3,25.82,77.46
C00274,O001197,P0202,2024-07-18 22:10:00,4,40.26,161.04
C00374,O002534,P0012,2024-07-18 22:36:00,1,28.13,28.13
C00374,O002534,P0044,2024-07-18 22:36:00,3,21.33,63.99
C00184,O000045,P0202,2024-07-19 10:06:00,1,40.24,40.24
C00375,O002977,P0202,2024-07-19 15:12:00,1,43.93,43.93
C00591,O001127,P0123,2024-07-19 16:26:00,2,19.78,39.56
C00411,O003191,P0019,2024-07-19 17:11:00,2,31.12,62.24
C00248,O002528,P0205,2024-07-19 17:20:00,1,7.64,7.64
C00248,O002528,P0083,2024-07-19 17:20:00,4,15.03,60.12
C00248,O002528,P0004,2024-07-19 17:20:00,1,36.85,36.85
C00516,O002110,P0055,2024-07-19 20:29:00,1,13.92,13.92
C00516,O002110,P0129,2024-07-19 20:29:00,1,16.11,16.11
C00516,O002110,P0202,2024-07-19 20:29:00,3,39.91,119.73
C00249,O000026,P0202,2024-07-20 20:25:00,1,43.77,43.77
C00249,O000026,P0072,2024-07-20 20:25:00,1,10.8,10.8
C00249,O000026,P0093,2024-07-20 20:25:00,2,16.13,32.26
C00254,O002143,P0189,2024-07-20 20:41:00,3,10.07,30.21
C00254,O002143,P0034,2024-07-20 20:41:00,3,11.7,35.1
C00003,O003516,P0202,2024-07-20 21:13:00,2,43.47,86.94
C00003,O003516,P0004,2024-07-20 21:13:00,2,34.24,68.48
C00496,O003562,P0078,2024-07-21 08:45:00,3,19.56,58.68
C00090,O001211,P0025,2024-07-21 09:29:00,1,13.57,13.57
C00076,O000105,P0045,2024-07-21 11:38:00,1,20.83,20.83
C00076,O000105,P0052,2024-07-21 11:38:00,1,29.91,29.91
C00527,O002407,P0059,2024-07-21 17:15:00,1,13.33,13.33
C00411,O001408,P0080,2024-07-21 20:11:00,2,18.0,36.0
C00078,O001814,P0133,2024-07-21 21:36:00,4,27.03,108.12
C00078,O001814,P0137,2024-07-21 21:36:00,3,23.43,70.29
C00078,O001814,P0200,2024-07-21 21:36:00,4,18.06,72.24
C00078,O001814,P0125,2024-07-21 21:36:00,1,30.23,30.23
C00355,O002377,P0052,2024-07-21 22:09:00,1,28.98,28.98
C00355,O002377,P0202,2024-07-21 22:09:00,1,40.45,40.45
C00429,O000817,P0114,2024-07-21 22:48:00,1,8.86,8.86
C00194,O000853,P0044,2024-07-22 10:22:00,4,20.34,81.36
C00417,O002928,P0220,2024-07-22 11:42:00,3,13.7,41.1
C00417,O002928,P0188,2024-07-22 11:42:00,1,9.49,9.49
C00451,O000203,P0196,2024-07-22 13:14:00,1,11.26,11.26
C00340,O002631,P0128,2024-07-22 21:42:00,1,10.41,10.41
C00112,O000937,P0143,2024-07-23 13:56:00,1,6.53,6.53
C00365,O003169,P0194,2024-07-23 17:06:00,1,43.58,43.58
C00365,O003169,P0169,2024-07-23 17:06:00,1,19.69,19.69
C00063,O000268,P0032,2024-07-23 18:12:00,3,16.09,48.27
C00063,O000268,P0137,2024-07-23 18:12:00,1,24.8,24.8
C00401,O002438,P0107,2024-07-23 19:40:00,1,12.11,12.11
C00522,O000832,P0007,2024-07-24 10:14:00,1,23.63,23.63
C00002,O003514,P0153,2024-07-24 14:36:00,2,7.49,14.98
C00153,O003095,P0213,2024-07-24 15:47:00,1,21.2,21.2
C00335,O003055,P0169,2024-07-24 16:41:00,2,17.87,35.74
C00370,O003176,P0055,2024-07-24 21:55:00,5,14.65,73.25
C00149,O000226,P0073,2024-07-25 09:16:00,1,12.05,12.05
C00271,O002339,P0092,2024-07-25 11:09:00,1,19.59,19.59
C00271,O002339,P0210,2024-07-25 11:09:00,2,16.43,32.86
C00271,O002339,P0045,2024-07-25 11:09:00,2,23.56,47.12
C00415,O002922,P0139,2024-07-25 15:20:00,3,69.84,209.52
C00522,O002314,P0047,2024-07-25 16:47:00,3,33.3,99.9
C00124,O003354,P0185,2024-07-25 21:30:00,1,23.99,23.99
C00235,O001806,P0015,2024-07-25 22:20:00,4,27.74,110.96
C00470,O002310,P0204,2024-07-26 11:08:00,4,29.51,118.04
C00536,O002839,P0139,2024-07-26 13:04:00,4,61.18,244.72
C00536,O002839,P0096,2024-07-26 13:04:00,1,8.8,8.8
C00516,O001890,P0184,2024-07-26 13:18:00,5,41.69,208.45
C00077,O000967,P0109,2024-07-26 13:54:00,3,32.45,97.35
C00393,O003571,P0055,2024-07-26 13:55:00,1,16.9,16.9
C00393,O003571,P0152,2024-07-26 13:55:00,4,11.15,44.6
C00393,O003571,P0129,2024-07-26 13:55:00,1,14.41,14.41
C00026,O002075,P0103,2024-07-27 08:42:00,1,17.57,17.57
C00299,O000528,P0166,2024-07-27 09:43:00,1,13.56,13.56
C00511,O001326,P0033,2024-07-27 10:28:00,2,17.16,34.32
C00285,O002089,P0176,2024-07-27 17:46:00,1,23.73,23.73
C00285,O002089,P0116,2024-07-27 17:46:00,1,13.93,13.93
C00379,O001643,P0044,2024-07-27 22:14:00,3,20.74,62.22
C00379,O001643,P0055,2024-07-27 22:14:00,4,15.48,61.92
C00213,O003298,P0185,2024-07-28 16:51:00,4,23.75,95.0
C00213,O003298,P0019,2024-07-28 16:51:00,1,33.63,33.63
C00554,O002137,P0157,2024-07-28 18:01:00,2,21.69,43.38
C00023,O000077,P0002,2024-07-28 20:21:00,1,12.2,12.2
C00342,O000770,P0128,2024-07-29 17:55:00,1,8.67,8.67
C00513,O000050,P0093,2024-07-29 19:14:00,3,18.07,54.21
C00339,O002632,P0015,2024-07-29 20:00:00,3,23.99,71.97
C00339,O002632,P0168,2024-07-29 20:00:00,2,27.77,55.54
C00230,O000399,P0043,2024-07-29 20:24:00,4,13.75,55.0
C00499,O002711,P0060,2024-07-29 21:53:00,3,32.81,98.43
C00499,O002711,P0185,2024-07-29 21:53:00,1,27.82,27.82
C00011,O000291,P0051,2024-07-30 08:40:00,2,28.53,57.06
C00364,O000458,P0075,2024-07-30 14:10:00,4,19.44,77.76
C00364,O000458,P0073,2024-07-30 14:10:00,1,12.85,12.85
C00202,O001405,P0190,2024-07-30 15:12:00,1,47.36,47.36
C00482,O000491,P0093,2024-07-30 18:11:00,1,16.69,16.69
C00290,O000403,P0215,2024-07-30 21:12:00,2,17.64,35.28
C00317,O001436,P0130,2024-07-31 08:10:00,4,11.83,47.32
C00317,O001436,P0182,2024-07-31 08:10:00,3,24.0,72.0
C00596,O000368,P0189,2024-07-31 08:33:00,1,9.59,9.59
C00596,O000368,P0143,2024-07-31 08:33:00,3,5.91,17.73
C00056,O003404,P0025,2024-07-31 18:20:00,3,15.9,47.7
C00323,O001961,P0135,2024-07-31 20:11:00,1,8.09,8.09
C00323,O001961,P0004,2024-07-31 20:11:00,1,37.18,37.18
C00284,O003164,P0213,2024-08-01 16:07:00,1,19.14,19.14
C00172,O000897,P0044,2024-08-01 18:53:00,4,19.73,78.92
C00596,O001782,P0073,2024-08-01 19:14:00,1,12.34,12.34
C00423,O001203,P0024,2024-08-02 10:42:00,2,17.56,35.12
C00423,O001203,P0188,2024-08-02 10:42:00,4,10.43,41.72
C00423,O001203,P0075,2024-08-02 10:42:00,1,23.54,23.54
C00423,O001203,P0152,2024-08-02 10:42:00,3,10.64,31.92
C00266,O000664,P0202,2024-08-02 13:03:00,2,46.88,93.76
C00266,O000664,P0192,2024-08-02 13:03:00,1,18.21,18.21
C00266,O000664,P0013,2024-08-02 13:03:00,4,22.65,90.6
C00571,O002168,P0124,2024-08-02 18:01:00,2,43.69,87.38
C00412,O003343,P0137,2024-08-02 19:32:00,2,24.08,48.16
C00225,O003406,P0059,2024-08-02 20:34:00,1,12.05,12.05
C00225,O003406,P0176,2024-08-02 20:34:00,1,21.18,21.18
C00225,O003406,P0060,2024-08-02 20:34:00,4,31.2,124.8
C00303,O002182,P0220,2024-08-02 21:47:00,1,14.49,14.49
C00303,O002182,P0002,2024-08-02 21:47:00,2,10.67,21.34
C00303,O002182,P0088,2024-08-02 21:47:00,1,22.07,22.07
C00229,O000837,P0083,2024-08-03 08:54:00,2,15.12,30.24
C00077,O002026,P0073,2024-08-03 09:50:00,1,12.45,12.45
C00116,O001566,P0075,2024-08-03 12:11:00,4,25.6,102.4
C00242,O003378,P0202,2024-08-03 13:28:00,2,47.69,95.38
C00242,O003378,P0219,2024-08-03 13:28:00,1,18.03,18.03
C00018,O001701,P0163,2024-08-03 19:51:00,1,63.01,63.01
C00018,O001701,P0046,2024-08-03 19:51:00,2,22.63,45.26
C00018,O001701,P0202,2024-08-03 19:51:00,2,41.6,83.2
C00227,O000505,P0032,2024-08-03 21:34:00,1,15.75,15.75
C00227,O000505,P0108,2024-08-03 21:34:00,1,16.84,16.84
C00554,O001270,P0185,2024-08-04 10:17:00,2,25.39,50.78
C00168,O001150,P0174,2024-08-04 12:35:00,1,9.61,9.61
C00168,O001150,P0053,2024-08-04 12:35:00,1,9.18,9.18
C00193,O002078,P0195,2024-08-04 15:17:00,1,11.69,11.69
C00583,O000715,P0175,2024-08-04 16:29:00,4,10.67,42.68
C00024,O002357,P0103,2024-08-04 18:58:00,2,16.35,32.7
C00024,O002357,P0208,2024-08-04 18:58:00,4,9.8,39.2
C00496,O000757,P0156,2024-08-05 10:17:00,2,55.31,110.62
C00496,O000757,P0157,2024-08-05 10:17:00,1,19.63,19.63
C00496,O000757,P0114,2024-08-05 10:17:00,4,8.37,33.48
C00401,O000401,P0189,2024-08-05 11:44:00,1,8.63,8.63
C00538,O000696,P0088,2024-08-05 14:06:00,2,22.71,45.42
C00126,O000398,P0149,2024-08-05 15:54:00,4,38.29,153.16
C00126,O000398,P0144,2024-08-05 15:54:00,2,22.39,44.78
C00568,O002111,P0075,2024-08-05 17:16:00,1,19.87,19.87
C00568,O002111,P0033,2024-08-05 17:16:00,1,16.65,16.65
C00035,O001379,P0202,2024-08-05 17:52:00,1,42.87,42.87
C00242,O000634,P0033,2024-08-05 17:56:00,3,14.41,43.23
C00338,O003189,P0047,2024-08-06 08:59:00,1,34.26,34.26
C00080,O000807,P0036,2024-08-06 14:09:00,1,37.76,37.76
C00151,O000210,P0044,2024-08-06 14:34:00,1,21.41,21.41
C00151,O000210,P0018,2024-08-06 14:34:00,1,12.12,12.12
C00578,O000037,P0093,2024-08-06 15:07:00,1,17.89,17.89
C00578,O000037,P0015,2024-08-06 15:07:00,2,27.75,55.5
C00433,O000407,P0088,2024-08-06 15:20:00,4,19.07,76.28
C00433,O000407,P0081,2024-08-06 15:20:00,4,26.54,106.16
C00433,O000407,P0044,2024-08-06 15:20:00,3,22.75,68.25
C00433,O000407,P0111,2024-08-06 15:20:00,4,27.64,110.56
C00151,O002160,P0008,2024-08-06 17:54:00,1,14.46,14.46
C00404,O000749,P0171,2024-08-06 20:22:00,1,15.05,15.05
C00568,O000763,P0202,2024-08-06 21:32:00,2,44.4,88.8
C00384,O000117,P0162,2024-08-06 22:35:00,1,13.33,13.33
C00384,O000117,P0130,2024-08-06 22:35:00,2,12.73,25.46
C00384,O000117,P0044,2024-08-06 22:35:00,1,25.01,25.01
C00568,O002287,P0176,2024-08-06 22:55:00,1,24.6,24.6
C00168,O001864,P0057,2024-08-07 10:58:00,1,16.74,16.74
C00152,O000673,P0133,2024-08-07 16:18:00,2,30.06,60.12
C00152,O000673,P0032,2024-08-07 16:18:00,2,17.14,34.28
C00152,O000673,P0044,2024-08-07 16:18:00,2,23.51,47.02
C00053,O000304,P0171,2024-08-07 16:24:00,2,13.03,26.06
C00053,O000304,P0195,2024-08-07 16:24:00,2,9.84,19.68
C00476,O002581,P0012,2024-08-07 16:35:00,4,31.71,126.84
C00061,O001990,P0143,2024-08-08 09:17:00,2,6.53,13.06
C00527,O001042,P0103,2024-08-08 09:28:00,1,17.84,17.84
C00527,O001042,P0110,2024-08-08 09:28:00,2,7.84,15.68
C00469,O002493,P0025,2024-08-08 10:34:00,1,16.81,16.81
C00309,O001026,P0019,2024-08-08 10:40:00,3,36.89,110.67
C00162,O002836,P0067,2024-08-08 12:57:00,1,16.18,16.18
C00125,O000340,P0025,2024-08-08 13:43:00,2,15.57,31.14
C00125,O000340,P0036,2024-08-08 13:43:00,4,39.5,158.0
C00150,O000245,P0044,2024-08-08 16:34:00,1,21.78,21.78
C00478,O002935,P0213,2024-08-08 16:56:00,1,21.16,21.16
C00521,O001233,P0092,2024-08-08 19:32:00,1,17.99,17.99
C00521,O001233,P0176,2024-08-08 19:32:00,1,23.57,23.57
C00163,O001381,P0172,2024-08-08 20:30:00,1,25.11,25.11
C00149,O002540,P0156,2024-08-08 22:19:00,1,49.82,49.82
C00451,O002415,P0093,2024-08-09 15:11:00,3,16.45,49.35
C00451,O002415,P0176,2024-08-09 15:11:00,5,21.54,107.7
C00028,O002848,P0202,2024-08-09 15:46:00,2,39.62,79.24
C00520,O000192,P0122,2024-08-09 17:33:00,1,23.02,23.02
C00536,O000865,P0137,2024-08-09 21:15:00,3,22.76,68.28
C00536,O000865,P0202,2024-08-09 21:15:00,2,44.87,89.74
C00172,O002782,P0028,2024-08-10 11:00:00,5,22.83,114.15
C00598,O001067,P0129,2024-08-10 11:23:00,3,12.95,38.85
C00598,O001067,P0166,2024-08-10 11:23:00,1,10.97,10.97
C00191,O002988,P0092,2024-08-10 14:41:00,1,17.62,17.62
C00355,O002274,P0076,2024-08-10 18:12:00,3,31.87,95.61
C00355,O002274,P0213,2024-08-10 18:12:00,3,19.99,59.97
C00355,O002274,P0075,2024-08-10 18:12:00,4,21.6,86.4
C00571,O000698,P0119,2024-08-11 13:11:00,1,50.33,50.33
C00571,O000698,P0189,2024-08-11 13:11:00,1,8.59,8.59
C00230,O000765,P0007,2024-08-11 14:13:00,1,25.7,25.7
C00442,O003442,P0091,2024-08-11 15:32:00,2,29.65,59.3
C00442,O003442,P0033,2024-08-11 15:32:00,1,15.57,15.57
C00441,O002910,P0010,2024-08-11 19:47:00,1,12.46,12.46
C00441,O002910,P0032,2024-08-11 19:47:00,2,15.87,31.74
C00441,O002910,P0114,2024-08-11 19:47:00,1,9.67,9.67
C00504,O000420,P0193,2024-08-11 20:31:00,3,16.54,49.62
C00171,O001129,P0071,2024-08-11 22:55:00,1,9.69,9.69
C00220,O002036,P0133,2024-08-12 08:36:00,1,24.53,24.53
C00281,O000372,P0048,2024-08-12 09:12:00,1,22.04,22.04
C00281,O000372,P0215,2024-08-12 09:12:00,1,15.11,15.11
C00281,O000372,P0075,2024-08-12 09:12:00,4,21.72,86.88
C00094,O002085,P0202,2024-08-12 13:22:00,2,44.75,89.5
C00335,O000115,P0007,2024-08-13 12:28:00,4,19.99,79.96
C00436,O001273,P0025,2024-08-13 13:35:00,1,16.82,16.82
C00375,O002722,P0040,2024-08-13 15:30:00,1,29.15,29.15
C00375,O002722,P0182,2024-08-13 15:30:00,1,21.38,21.38
C00375,O002722,P0143,2024-08-13 15:30:00,3,6.27,18.81
C00375,O002722,P0119,2024-08-13 15:30:00,1,44.13,44.13
C00219,O000759,P0213,2024-08-13 16:31:00,2,20.58,41.16
C00568,O001497,P0036,2024-08-14 09:52:00,3,35.55,106.65
C00568,O001497,P0140,2024-08-14 09:52:00,4,104.66,418.64
C00113,O001958,P0083,2024-08-14 10:18:00,4,16.32,65.28
C00168,O001954,P0176,2024-08-14 12:48:00,2,21.32,42.64
C00145,O002878,P0218,2024-08-14 16:06:00,1,43.34,43.34
C00062,O001573,P0129,2024-08-14 16:58:00,4,12.83,51.32
C00062,O001573,P0156,2024-08-14 16:58:00,1,52.86,52.86
C00062,O001573,P0002,2024-08-14 16:58:00,2,10.66,21.32
C00443,O001849,P0103,2024-08-15 11:46:00,2,15.87,31.74
C00327,O002270,P0111,2024-08-15 12:49:00,5,27.42,137.1
C00578,O002664,P0102,2024-08-15 16:05:00,3,35.6,106.8
C00578,O002664,P0027,2024-08-15 16:05:00,1,28.29,28.29
C00194,O000463,P0188,2024-08-15 16:28:00,1,11.05,11.05
C00194,O000463,P0200,2024-08-15 16:28:00,1,18.86,18.86
C00396,O003316,P0123,2024-08-15 18:12:00,2,21.82,43.64
C00090,O001554,P0172,2024-08-15 19:07:00,1,25.8,25.8
C00056,O001768,P0011,2024-08-16 08:58:00,3,31.76,95.28
C00118,O001431,P0087,2024-08-16 15:17:00,1,16.37,16.37
C00118,O001431,P0007,2024-08-16 15:17:00,4,21.15,84.6
C00118,O001431,P0147,2024-08-16 15:17:00,3,14.6,43.8
C00261,O002856,P0125,2024-08-16 21:43:00,1,32.11,32.11
C00219,O001215,P0165,2024-08-16 22:48:00,1,31.63,31.63
C00219,O001215,P0121,2024-08-16 22:48:00,2,11.86,23.72
C00309,O002067,P0200,2024-08-17 08:03:00,4,16.84,67.36
C00217,O002752,P0152,2024-08-17 10:03:00,4,11.84,47.36
C00049,O001093,P0123,2024-08-17 10:56:00,1,25.25,25.25
C00049,O001093,P0176,2024-08-17 10:56:00,1,23.41,23.41
C00049,O001093,P0087,2024-08-17 10:56:00,1,15.32,15.32
C00224,O000451,P0168,2024-08-17 14:30:00,1,23.26,23.26
C00224,O000451,P0047,2024-08-17 14:30:00,1,31.64,31.64
C00224,O000451,P0083,2024-08-17 14:30:00,3,18.11,54.33
C00197,O000257,P0170,2024-08-17 21:40:00,2,21.71,43.42
C00197,O000257,P0202,2024-08-17 21:40:00,3,42.58,127.74
C00367,O003023,P0053,2024-08-18 08:01:00,1,8.48,8.48
C00209,O001447,P0002,2024-08-18 17:40:00,1,12.85,12.85
C00287,O002764,P0102,2024-08-19 13:10:00,2,39.0,78.0
C00401,O003037,P0195,2024-08-19 13:21:00,2,12.21,24.42
C00026,O002964,P0175,2024-08-19 14:47:00,4,10.73,42.92
C00026,O002964,P0182,2024-08-19 14:47:00,1,24.17,24.17
C00234,O000306,P0219,2024-08-19 21:02:00,2,17.21,34.42
C00293,O000674,P0094,2024-08-20 16:22:00,1,21.22,21.22
C00293,O000674,P0177,2024-08-20 16:22:00,1,49.28,49.28
C00328,O001226,P0103,2024-08-21 08:28:00,1,16.81,16.81
C00328,O001226,P0092,2024-08-21 08:28:00,1,19.79,19.79
C00328,O001226,P0032,2024-08-21 08:28:00,1,16.47,16.47
C00050,O001253,P0072,2024-08-21 12:41:00,1,9.39,9.39
C00326,O002730,P0209,2024-08-21 13:24:00,1,12.15,12.15
C00270,O003418,P0161,2024-08-21 20:33:00,2,11.93,23.86
C00593,O003029,P0202,2024-08-21 22:16:00,1,50.28,50.28
C00568,O001172,P0083,2024-08-21 22:59:00,1,15.18,15.18
C00568,O001172,P0133,2024-08-21 22:59:00,1,25.94,25.94
C00568,O001172,P0185,2024-08-21 22:59:00,1,23.92,23.92
C00043,O001089,P0056,2024-08-22 13:13:00,1,14.53,14.53
C00527,O002668,P0114,2024-08-22 14:34:00,4,8.39,33.56
C00076,O003291,P0168,2024-08-22 16:08:00,3,27.44,82.32
C00076,O003291,P0092,2024-08-22 16:08:00,1,20.04,20.04
C00349,O000638,P0176,2024-08-22 21:35:00,3,20.35,61.05
C00047,O000196,P0169,2024-08-23 08:45:00,1,20.56,20.56
C00047,O000196,P0090,2024-08-23 08:45:00,4,23.54,94.16
C00472,O001720,P0185,2024-08-23 11:51:00,5,24.8,124.0
C00400,O000762,P0208,2024-08-23 12:06:00,1,9.79,9.79
C00400,O000762,P0025,2024-08-23 12:06:00,1,15.28,15.28
C00388,O003379,P0158,2024-08-23 13:04:00,1,36.75,36.75
C00521,O001011,P0176,2024-08-23 13:13:00,1,20.93,20.93
C00521,O001011,P0083,2024-08-23 13:13:00,2,17.1,34.2
C00268,O002473,P0188,2024-08-23 14:19:00,4,9.22,36.88
C00268,O002473,P0194,2024-08-23 14:19:00,3,49.56,148.68
C00580,O000156,P0110,2024-08-23 15:33:00,1,7.23,7.23
C00002,O002035,P0176,2024-08-23 20:45:00,2,21.23,42.46
C00002,O002035,P0114,2024-08-23 20:45:00,1,9.46,9.46
C00002,O002035,P0215,2024-08-23 20:45:00,5,15.89,79.45
C00002,O002035,P0064,2024-08-23 20:45:00,4,28.54,114.16
C00286,O001298,P0106,2024-08-24 11:36:00,1,17.06,17.06
C00286,O001298,P0120,2024-08-24 11:36:00,1,18.05,18.05
C00011,O001444,P0195,2024-08-24 13:25:00,4,10.7,42.8
C00120,O000239,P0025,2024-08-24 17:49:00,4,16.66,66.64
C00120,O000239,P0054,2024-08-24 17:49:00,1,17.32,17.32
C00120,O000239,P0200,2024-08-24 17:49:00,2,20.47,40.94
C00071,O001727,P0004,2024-08-25 08:42:00,1,35.86,35.86
C00488,O003317,P0146,2024-08-25 09:55:00,1,15.85,15.85
C00031,O002134,P0156,2024-08-25 18:03:00,2,55.91,111.82
C00031,O002134,P0140,2024-08-25 18:03:00,1,97.06,97.06
C00499,O002846,P0126,2024-08-25 22:55:00,1,23.15,23.15
C00389,O003475,P0153,2024-08-26 09:51:00,1,8.75,8.75
C00417,O003293,P0177,2024-08-26 13:21:00,3,46.94,140.82
C00312,O002266,P0134,2024-08-26 16:25:00,5,19.15,95.75
C00312,O002266,P0053,2024-08-26 16:25:00,1,9.19,9.19
C00312,O002266,P0086,2024-08-26 16:25:00,1,26.01,26.01
C00312,O002266,P0019,2024-08-26 16:25:00,2,32.27,64.54
C00286,O001446,P0139,2024-08-26 16:56:00,1,61.51,61.51
C00286,O001446,P0004,2024-08-26 16:56:00,3,36.63,109.89
C00181,O003073,P0032,2024-08-26 19:17:00,1,16.97,16.97
C00359,O002237,P0202,2024-08-26 21:04:00,1,39.36,39.36
C00140,O002804,P0094,2024-08-26 21:23:00,1,16.89,16.89
C00140,O002804,P0215,2024-08-26 21:23:00,1,14.67,14.67
C00140,O002804,P0195,2024-08-26 21:23:00,2,12.04,24.08
C00054,O000576,P0082,2024-08-27 09:19:00,2,13.5,27.0
C00334,O002625,P0015,2024-08-27 11:13:00,5,24.24,121.2
C00243,O000597,P0215,2024-08-27 12:24:00,1,15.74,15.74
C00261,O000385,P0052,2024-08-27 14:45:00,1,30.02,30.02
C00261,O000385,P0032,2024-08-27 14:45:00,1,15.26,15.26
C00089,O000418,P0067,2024-08-27 17:34:00,1,15.62,15.62
C00133,O002620,P0077,2024-08-28 11:21:00,1,16.64,16.64
C00133,O002620,P0015,2024-08-28 11:21:00,1,24.16,24.16
C00473,O001097,P0014,2024-08-28 11:46:00,1,41.63,41.63
C00548,O001111,P0202,2024-08-28 11:47:00,4,46.07,184.28
C00548,O001111,P0102,2024-08-28 11:47:00,1,41.09,41.09
C00408,O002016,P0133,2024-08-28 15:00:00,1,30.78,30.78
C00339,O000106,P0094,2024-08-28 15:16:00,1,20.23,20.23
C00339,O000106,P0203,2024-08-28 15:16:00,1,20.08,20.08
C00168,O001790,P0052,2024-08-29 08:55:00,1,22.19,22.19
C00168,O001790,P0136,2024-08-29 08:55:00,2,10.78,21.56
C00561,O000887,P0125,2024-08-29 11:36:00,1,33.17,33.17
C00561,O000887,P0040,2024-08-29 11:36:00,2,30.29,60.58
C00454,O001023,P0033,2024-08-29 21:22:00,1,14.3,14.3
C00431,O001419,P0087,2024-08-30 08:01:00,1,15.95,15.95
C00123,O002013,P0176,2024-08-30 08:34:00,3,20.27,60.81
C00123,O002013,P0166,2024-08-30 08:34:00,2,12.24,24.48
C00071,O000129,P0202,2024-08-30 09:45:00,3,48.44,145.32
C00332,O000142,P0208,2024-08-30 11:07:00,4,9.79,39.16
C00332,O000142,P0093,2024-08-30 11:07:00,1,17.22,17.22
C00387,O002566,P0067,2024-08-30 15:21:00,2,15.87,31.74
C00236,O003069,P0052,2024-08-30 15:57:00,1,28.62,28.62
C00317,O000785,P0107,2024-08-31 15:22:00,2,11.77,23.54
C00317,O000785,P0032,2024-08-31 15:22:00,1,16.3,16.3
C00227,O003467,P0189,2024-08-31 16:45:00,1,10.08,10.08
C00561,O003348,P0115,2024-08-31 17:09:00,1,22.07,22.07
C00086,O002746,P0202,2024-08-31 17:23:00,1,40.93,40.93
C00086,O002746,P0120,2024-08-31 17:23:00,1,16.87,16.87
C00043,O000860,P0202,2024-08-31 17:47:00,1,47.07,47.07
C00043,O000860,P0033,2024-08-31 17:47:00,2,15.71,31.42
C00230,O002580,P0171,2024-09-01 13:30:00,1,14.52,14.52
C00112,O000980,P0075,2024-09-01 15:21:00,1,23.95,23.95
C00582,O001533,P0184,2024-09-01 16:04:00,2,38.46,76.92
C00582,O001533,P0080,2024-09-01 16:04:00,5,15.65,78.25
C00028,O001613,P0176,2024-09-01 17:32:00,4,21.62,86.48
C00028,O001613,P0156,2024-09-01 17:32:00,5,50.91,254.55
C00429,O001148,P0101,2024-09-01 19:39:00,2,16.84,33.68
C00429,O001148,P0202,2024-09-01 19:39:00,2,43.21,86.42
C00035,O000381,P0100,2024-09-01 21:09:00,1,13.95,13.95
C00552,O000878,P0202,2024-09-02 08:28:00,3,50.75,152.25
C00153,O000007,P0087,2024-09-02 14:19:00,2,15.21,30.42
C00153,O000007,P0125,2024-09-02 14:19:00,2,30.09,60.18
C00113,O000919,P0088,2024-09-02 17:16:00,2,19.41,38.82
C00250,O000723,P0165,2024-09-02 18:22:00,1,30.65,30.65
C00041,O002840,P0065,2024-09-02 18:28:00,5,27.67,138.35
C00187,O002136,P0022,2024-09-02 22:07:00,5,14.6,73.0
C00257,O002434,P0071,2024-09-03 12:26:00,3,9.95,29.85
C00257,O002434,P0176,2024-09-03 12:26:00,2,22.76,45.52
C00257,O002434,P0220,2024-09-03 12:26:00,3,12.68,38.04
C00257,O002434,P0116,2024-09-03 12:26:00,1,14.46,14.46
C00331,O000061,P0090,2024-09-03 15:50:00,2,26.74,53.48
C00039,O000029,P0120,2024-09-03 16:10:00,1,18.51,18.51
C00152,O002850,P0129,2024-09-04 12:49:00,1,13.42,13.42
C00152,O002850,P0007,2024-09-04 12:49:00,1,23.9,23.9
C00152,O002850,P0152,2024-09-04 12:49:00,3,10.72,32.16
C00126,O001224,P0101,2024-09-04 14:08:00,4,15.03,60.12
C00095,O001175,P0045,2024-09-04 16:32:00,1,21.54,21.54
C00123,O002894,P0025,2024-09-04 18:40:00,1,15.5,15.5
C00123,O002894,P0083,2024-09-04 18:40:00,2,15.04,30.08
C00354,O001435,P0195,2024-09-04 21:24:00,2,9.25,18.5
C00354,O001435,P0132,2024-09-04 21:24:00,1,9.75,9.75
C00354,O001435,P0213,2024-09-04 21:24:00,2,24.86,49.72
C00526,O003352,P0052,2024-09-05 08:02:00,1,29.75,29.75
C00411,O002194,P0044,2024-09-05 10:10:00,2,21.61,43.22
C00277,O001341,P0202,2024-09-05 11:49:00,2,45.46,90.92
C00277,O001341,P0148,2024-09-05 11:49:00,5,18.78,93.9
C00171,O000318,P0055,2024-09-05 16:59:00,3,16.12,48.36
C00171,O000318,P0075,2024-09-05 16:59:00,1,17.62,17.62
C00171,O000318,P0103,2024-09-05 16:59:00,4,16.67,66.68
C00510,O001819,P0074,2024-09-05 19:02:00,2,29.81,59.62
C00271,O001686,P0162,2024-09-05 20:09:00,4,13.71,54.84
C00271,O001686,P0053,2024-09-05 20:09:00,2,7.64,15.28
C00271,O001686,P0091,2024-09-05 20:09:00,4,28.83,115.32
C00271,O001686,P0059,2024-09-05 20:09:00,1,13.08,13.08
C00413,O001164,P0155,2024-09-05 21:44:00,2,18.01,36.02
C00413,O001164,P0137,2024-09-05 21:44:00,3,26.36,79.08
C00578,O000929,P0090,2024-09-06 10:11:00,4,28.55,114.2
C00397,O000092,P0210,2024-09-06 10:15:00,1,16.72,16.72
C00348,O003011,P0202,2024-09-06 10:50:00,2,45.55,91.1
C00108,O000583,P0214,2024-09-06 11:30:00,1,17.06,17.06
C00218,O000021,P0053,2024-09-06 12:19:00,3,9.65,28.95
C00142,O000373,P0076,2024-09-06 20:42:00,4,28.54,114.16
C00442,O001163,P0074,2024-09-07 15:06:00,3,27.1,81.3
C00048,O002813,P0199,2024-09-07 16:33:00,1,20.77,20.77
C00048,O002813,P0073,2024-09-07 16:33:00,4,11.71,46.84
C00448,O001213,P0139,2024-09-07 17:29:00,1,70.44,70.44
C00013,O001001,P0093,2024-09-07 18:58:00,1,17.1,17.1
C00594,O000789,P0101,2024-09-07 21:51:00,2,16.02,32.04
C00594,O000789,P0157,2024-09-07 21:51:00,1,22.5,22.5
C00538,O000445,P0091,2024-09-08 19:20:00,1,24.91,24.91
C00512,O001276,P0077,2024-09-08 22:20:00,4,15.83,63.32
C00447,O000499,P0044,2024-09-09 13:37:00,2,23.97,47.94
C00309,O002864,P0139,2024-09-09 15:50:00,1,62.54,62.54
C00447,O003052,P0090,2024-09-09 18:31:00,2,23.18,46.36
C00203,O002853,P0019,2024-09-09 19:14:00,4,32.87,131.48
C00203,O002853,P0137,2024-09-09 19:14:00,1,21.74,21.74
C00203,O002853,P0073,2024-09-09 19:14:00,1,14.15,14.15
C00282,O000172,P0195,2024-09-10 08:53:00,1,10.88,10.88
C00227,O002947,P0202,2024-09-10 09:40:00,3,43.92,131.76
C00227,O002947,P0138,2024-09-10 09:40:00,3,28.97,86.91
C00111,O003501,P0073,2024-09-10 18:35:00,1,12.75,12.75
C00307,O001531,P0162,2024-09-10 20:05:00,1,15.02,15.02
C00307,O001531,P0101,2024-09-10 20:05:00,1,16.75,16.75
C00324,O000990,P0055,2024-09-10 21:13:00,1,14.51,14.51
C00324,O000990,P0002,2024-09-10 21:13:00,1,11.24,11.24
C00370,O000019,P0010,2024-09-11 08:04:00,1,10.82,10.82
C00411,O001662,P0075,2024-09-11 08:51:00,1,21.72,21.72
C00411,O001662,P0125,2024-09-11 08:51:00,1,32.2,32.2
C00515,O000025,P0011,2024-09-11 09:45:00,1,33.03,33.03
C00028,O003218,P0210,2024-09-11 12:21:00,2,18.62,37.24
C00224,O003400,P0202,2024-09-11 14:05:00,2,40.41,80.82
C00224,O003400,P0170,2024-09-11 14:05:00,1,20.72,20.72
C00224,O003400,P0090,2024-09-11 14:05:00,1,29.21,29.21
C00068,O002837,P0213,2024-09-11 16:55:00,4,21.02,84.08
C00038,O000796,P0185,2024-09-12 09:31:00,2,21.9,43.8
C00474,O001180,P0140,2024-09-12 12:35:00,4,101.01,404.04
C00309,O003385,P0176,2024-09-12 13:20:00,3,20.82,62.46
C00309,O003385,P0202,2024-09-12 13:20:00,1,40.03,40.03
C00309,O003385,P0074,2024-09-12 13:20:00,3,25.96,77.88
C00271,O001737,P0045,2024-09-12 13:57:00,2,24.13,48.26
C00271,O001737,P0127,2024-09-12 13:57:00,2,41.61,83.22
C00327,O000511,P0061,2024-09-12 18:52:00,3,8.7,26.1
C00327,O000511,P0087,2024-09-12 18:52:00,2,15.18,30.36
C00103,O000953,P0182,2024-09-12 22:54:00,2,23.57,47.14
C00103,O000953,P0071,2024-09-12 22:54:00,1,10.47,10.47
C00542,O003519,P0190,2024-09-13 11:42:00,2,50.13,100.26
C00542,O003519,P0053,2024-09-13 11:42:00,1,8.48,8.48
C00530,O001407,P0072,2024-09-13 15:06:00,3,12.41,37.23
C00171,O002721,P0087,2024-09-13 15:07:00,2,15.41,30.82
C00171,O002721,P0088,2024-09-13 15:07:00,2,19.27,38.54
C00171,O002721,P0202,2024-09-13 15:07:00,1,43.17,43.17
C00476,O000777,P0210,2024-09-13 17:43:00,1,18.33,18.33
C00476,O000777,P0090,2024-09-13 17:43:00,2,24.83,49.66
C00057,O000682,P0200,2024-09-13 19:05:00,1,16.97,16.97
C00057,O000682,P0156,2024-09-13 19:05:00,1,57.37,57.37
C00057,O000682,P0093,2024-09-13 19:05:00,3,15.44,46.32
C00057,O000682,P0053,2024-09-13 19:05:00,2,8.19,16.38
C00533,O000083,P0204,2024-09-13 21:54:00,2,29.02,58.04
C00152,O000858,P0032,2024-09-14 11:44:00,3,15.35,46.05
C00152,O000858,P0038,2024-09-14 11:44:00,5,15.07,75.35
C00152,O000858,P0087,2024-09-14 11:44:00,1,14.28,14.28
C00566,O000809,P0176,2024-09-14 12:31:00,1,21.58,21.58
C00566,O000809,P0202,2024-09-14 12:31:00,2,32.8,65.6
C00412,O002097,P0131,2024-09-14 16:33:00,3,16.72,50.16
C00081,O001797,P0075,2024-09-14 17:12:00,1,22.71,22.71
C00223,O001928,P0106,2024-09-15 11:58:00,1,18.77,18.77
C00009,O000879,P0054,2024-09-15 17:24:00,3,16.31,48.93
C00230,O001603,P0175,2024-09-16 08:40:00,2,10.9,21.8
C00230,O001603,P0073,2024-09-16 08:40:00,5,11.5,57.5
C00230,O001603,P0075,2024-09-16 08:40:00,2,20.83,41.66
C00230,O001603,P0119,2024-09-16 08:40:00,1,54.03,54.03
C00232,O002877,P0103,2024-09-16 09:35:00,3,17.58,52.74
C00261,O002901,P0083,2024-09-16 17:53:00,1,13.71,13.71
C00261,O002901,P0111,2024-09-16 17:53:00,1,25.28,25.28
C00150,O002583,P0092,2024-09-17 08:42:00,3,18.12,54.36
C00331,O000637,P0127,2024-09-17 11:10:00,1,40.95,40.95
C00150,O002612,P0156,2024-09-17 14:21:00,1,58.36,58.36
C00497,O002113,P0155,2024-09-17 15:57:00,1,21.1,21.1
C00497,O002113,P0125,2024-09-17 15:57:00,1,29.16,29.16
C00497,O002113,P0018,2024-09-17 15:57:00,1,11.95,11.95
C00201,O001693,P0010,2024-09-17 21:15:00,1,12.55,12.55
C00204,O002496,P0074,2024-09-17 22:24:00,3,26.33,78.99
C00425,O000624,P0038,2024-09-18 08:05:00,4,12.96,51.84
C00578,O001196,P0044,2024-09-18 08:05:00,2,20.7,41.4
C00578,O001196,P0162,2024-09-18 08:05:00,1,13.18,13.18
C00312,O001133,P0194,2024-09-18 10:38:00,1,49.4,49.4
C00312,O001133,P0013,2024-09-18 10:38:00,1,21.99,21.99
C00130,O000863,P0094,2024-09-18 16:12:00,5,19.78,98.9
C00410,O002934,P0025,2024-09-18 18:01:00,2,12.65,25.3
C00049,O001119,P0019,2024-09-18 18:17:00,4,32.69,130.76
C00164,O003460,P0110,2024-09-19 10:37:00,1,7.21,7.21
C00164,O003460,P0084,2024-09-19 10:37:00,1,17.77,17.77
C00040,O001099,P0052,2024-09-19 10:51:00,4,26.71,106.84
C00040,O001099,P0013,2024-09-19 10:51:00,1,21.44,21.44
C00031,O000492,P0157,2024-09-19 12:00:00,2,21.33,42.66
C00031,O000492,P0129,2024-09-19 12:00:00,2,12.44,24.88
C00031,O000492,P0077,2024-09-19 12:00:00,2,14.43,28.86
C00306,O000994,P0165,2024-09-19 12:39:00,2,30.06,60.12
C00306,O000994,P0189,2024-09-19 12:39:00,2,8.37,16.74
C00401,O003079,P0156,2024-09-19 13:24:00,1,61.8,61.8
C00401,O003079,P0090,2024-09-19 13:24:00,2,28.43,56.86
C00401,O003079,P0091,2024-09-19 13:24:00,4,31.67,126.68
C00174,O002776,P0011,2024-09-19 13:32:00,1,31.39,31.39
C00408,O001726,P0159,2024-09-19 15:39:00,1,14.52,14.52
C00048,O001796,P0076,2024-09-19 16:33:00,5,32.08,160.4
C00533,O002968,P0137,2024-09-19 19:02:00,2,20.93,41.86
C00084,O001182,P0094,2024-09-19 20:25:00,3,21.66,64.98
C00376,O002030,P0182,2024-09-19 22:59:00,3,23.31,69.93
C00376,O002030,P0033,2024-09-19 22:59:00,1,13.93,13.93
C00376,O002030,P0153,2024-09-19 22:59:00,2,8.23,16.46
C00406,O000689,P0077,2024-09-20 09:24:00,2,12.54,25.08
C00406,O000689,P0068,2024-09-20 09:24:00,1,15.56,15.56
C00504,O000069,P0055,2024-09-20 10:01:00,1,16.95,16.95
C00247,O002708,P0044,2024-09-20 11:39:00,1,23.24,23.24
C00203,O000354,P0019,2024-09-20 16:01:00,2,32.03,64.06
C00203,O000354,P0137,2024-09-20 16:01:00,1,27.27,27.27
C00312,O001925,P0072,2024-09-20 19:46:00,1,10.94,10.94
C00312,O001925,P0092,2024-09-20 19:46:00,1,21.51,21.51
C00249,O003228,P0198,2024-09-20 22:29:00,1,14.35,14.35
C00334,O000630,P0015,2024-09-21 15:17:00,1,29.23,29.23
C00334,O000630,P0125,2024-09-21 15:17:00,1,30.71,30.71
C00334,O000630,P0075,2024-09-21 15:17:00,1,21.6,21.6
C00031,O001685,P0072,2024-09-21 15:31:00,2,10.24,20.48
C00335,O000447,P0066,2024-09-22 18:52:00,2,30.69,61.38
C00335,O000447,P0197,2024-09-22 18:52:00,2,29.81,59.62
C00335,O000447,P0103,2024-09-22 18:52:00,3,14.86,44.58
C00335,O000447,P0220,2024-09-22 18:52:00,3,13.74,41.22
C00157,O001709,P0170,2024-09-22 20:42:00,1,20.76,20.76
C00375,O000623,P0062,2024-09-23 21:40:00,2,15.15,30.3
C00375,O000623,P0005,2024-09-23 21:40:00,1,7.05,7.05
C00375,O000623,P0202,2024-09-23 21:40:00,2,43.42,86.84
C00307,O002224,P0125,2024-09-23 22:37:00,3,33.58,100.74
C00307,O002224,P0004,2024-09-23 22:37:00,2,37.39,74.78
C00534,O002459,P0062,2024-09-24 10:03:00,4,15.78,63.12
C00572,O002774,P0022,2024-09-24 11:07:00,2,13.58,27.16
C00517,O000416,P0047,2024-09-24 13:15:00,2,30.93,61.86
C00517,O000416,P0067,2024-09-24 13:15:00,1,17.73,17.73
C00517,O000416,P0007,2024-09-24 13:15:00,2,21.07,42.14
C00517,O000416,P0075,2024-09-24 13:15:00,2,23.08,46.16
C00011,O002373,P0195,2024-09-24 16:14:00,1,11.3,11.3
C00011,O002373,P0075,2024-09-24 16:14:00,1,19.4,19.4
C00011,O002373,P0193,2024-09-24 16:14:00,1,17.98,17.98
C00119,O001834,P0210,2024-09-24 16:32:00,1,16.04,16.04
C00119,O001834,P0050,2024-09-24 16:32:00,2,20.63,41.26
C00076,O001930,P0176,2024-09-25 10:19:00,2,20.8,41.6
C00376,O002453,P0137,2024-09-25 13:33:00,4,26.58,106.32
C00376,O002453,P0122,2024-09-25 13:33:00,2,23.61,47.22
C00229,O000433,P0184,2024-09-26 12:57:00,1,37.47,37.47
C00229,O000433,P0038,2024-09-26 12:57:00,2,12.62,25.24
C00229,O000433,P0174,2024-09-26 12:57:00,1,10.68,10.68
C00191,O003058,P0158,2024-09-27 10:04:00,1,34.39,34.39
C00191,O003058,P0137,2024-09-27 10:04:00,4,25.69,102.76
C00191,O003058,P0202,2024-09-27 10:04:00,1,44.88,44.88
C00424,O002216,P0202,2024-09-27 18:47:00,4,44.56,178.24
C00140,O001485,P0073,2024-09-28 17:51:00,3,11.4,34.2
C00241,O000918,P0022,2024-09-28 19:59:00,2,13.53,27.06
C00493,O001118,P0119,2024-09-29 10:33:00,2,59.32,118.64
C00493,O001118,P0176,2024-09-29 10:33:00,2,23.53,47.06
C00493,O001118,P0175,2024-09-29 10:33:00,3,9.65,28.95
C00294,O000215,P0204,2024-09-29 13:28:00,1,24.75,24.75
C00424,O003534,P0077,2024-09-29 17:38:00,1,15.31,15.31
C00424,O003534,P0122,2024-09-29 17:38:00,1,22.37,22.37
C00041,O002655,P0200,2024-09-30 12:18:00,3,18.26,54.78
C00041,O002655,P0140,2024-09-30 12:18:00,3,98.99,296.97
C00041,O002655,P0088,2024-09-30 12:18:00,4,19.4,77.6
C00249,O003569,P0075,2024-09-30 16:02:00,1,21.76,21.76
C00399,O003104,P0103,2024-09-30 16:33:00,4,15.64,62.56
C00040,O001373,P0189,2024-09-30 22:11:00,1,8.87,8.87
C00453,O002231,P0212,2024-10-01 09:22:00,1,10.6,10.6
C00453,O002231,P0072,2024-10-01 09:22:00,1,11.24,11.24
C00453,O002231,P0202,2024-10-01 09:22:00,4,42.61,170.44
C00453,O002231,P0019,2024-10-01 09:22:00,4,33.13,132.52
C00035,O002475,P0127,2024-10-01 14:27:00,2,42.92,85.84
C00309,O003190,P0019,2024-10-01 14:41:00,1,32.76,32.76
C00488,O001929,P0053,2024-10-01 15:03:00,3,9.14,27.42
C00488,O001929,P0137,2024-10-01 15:03:00,2,26.84,53.68
C00565,O001319,P0126,2024-10-01 16:53:00,1,23.32,23.32
C00221,O003388,P0007,2024-10-01 19:05:00,1,21.08,21.08
C00221,O003388,P0114,2024-10-01 19:05:00,4,9.92,39.68
C00028,O000926,P0137,2024-10-01 20:02:00,1,23.08,23.08
C00071,O002445,P0213,2024-10-01 20:15:00,2,20.6,41.2
C00411,O002279,P0185,2024-10-02 09:11:00,2,25.03,50.06
C00204,O002363,P0210,2024-10-02 14:05:00,1,17.29,17.29
C00204,O002363,P0188,2024-10-02 14:05:00,1,11.15,11.15
C00204,O002363,P0033,2024-10-02 14:05:00,2,15.55,31.1
C00227,O000724,P0137,2024-10-02 14:25:00,2,24.45,48.9
C00227,O000724,P0096,2024-10-02 14:25:00,3,9.55,28.65
C00011,O003194,P0002,2024-10-02 14:51:00,2,11.45,22.9
C00098,O000472,P0147,2024-10-02 15:03:00,3,14.8,44.4
C00321,O002871,P0091,2024-10-02 15:39:00,1,31.97,31.97
C00329,O002694,P0127,2024-10-02 16:06:00,3,43.68,131.04
C00329,O002694,P0054,2024-10-02 16:06:00,2,16.82,33.64
C00504,O003013,P0036,2024-10-02 17:05:00,2,34.93,69.86
C00504,O003013,P0032,2024-10-02 17:05:00,2,17.17,34.34
C00444,O000281,P0205,2024-10-02 20:13:00,1,7.14,7.14
C00218,O000072,P0086,2024-10-02 20:14:00,5,24.96,124.8
C00461,O000647,P0004,2024-10-03 12:03:00,1,34.45,34.45
C00077,O002936,P0076,2024-10-04 08:59:00,1,29.68,29.68
C00077,O002936,P0176,2024-10-04 08:59:00,1,22.83,22.83
C00077,O002936,P0002,2024-10-04 08:59:00,1,10.67,10.67
C00295,O001540,P0202,2024-10-04 11:39:00,1,40.76,40.76
C00295,O001540,P0104,2024-10-04 11:39:00,3,29.98,89.94
C00158,O003276,P0087,2024-10-04 13:18:00,2,15.46,30.92
C00187,O003242,P0083,2024-10-04 15:18:00,1,16.05,16.05
C00079,O002101,P0195,2024-10-04 17:00:00,1,11.99,11.99
C00588,O003570,P0213,2024-10-04 22:01:00,1,20.09,20.09
C00316,O000566,P0176,2024-10-05 09:27:00,1,25.82,25.82
C00316,O000566,P0194,2024-10-05 09:27:00,2,42.65,85.3
C00118,O002957,P0125,2024-10-05 09:40:00,2,36.6,73.2
C00118,O002957,P0087,2024-10-05 09:40:00,1,16.0,16.0
C00118,O002957,P0094,2024-10-05 09:40:00,2,16.24,32.48
C00303,O001261,P0176,2024-10-05 12:30:00,4,20.0,80.0
C00303,O001261,P0131,2024-10-05 12:30:00,2,16.0,32.0
C00474,O000109,P0054,2024-10-05 14:32:00,2,18.11,36.22
C00028,O002454,P0055,2024-10-05 16:58:00,1,16.15,16.15
C00028,O002454,P0090,2024-10-05 16:58:00,1,24.95,24.95
C00413,O001687,P0137,2024-10-05 19:35:00,1,22.06,22.06
C00413,O001687,P0162,2024-10-05 19:35:00,1,15.88,15.88
C00413,O001687,P0220,2024-10-05 19:35:00,3,13.29,39.87
C00413,O001687,P0023,2024-10-05 19:35:00,1,36.86,36.86
C00377,O001729,P0192,2024-10-06 13:36:00,5,18.64,93.2
C00078,O003496,P0017,2024-10-06 19:36:00,3,23.29,69.87
C00265,O001140,P0106,2024-10-06 21:16:00,2,15.92,31.84
C00120,O001845,P0213,2024-10-07 20:36:00,1,19.97,19.97
C00120,O001845,P0202,2024-10-07 20:36:00,4,48.73,194.92
C00120,O001845,P0091,2024-10-07 20:36:00,3,27.1,81.3
C00120,O001845,P0165,2024-10-07 20:36:00,3,30.94,92.82
C00290,O002717,P0127,2024-10-08 08:39:00,3,49.45,148.35
C00290,O002717,P0162,2024-10-08 08:39:00,3,13.78,41.34
C00290,O002717,P0177,2024-10-08 08:39:00,1,48.03,48.03
C00595,O002120,P0019,2024-10-08 14:43:00,2,34.64,69.28
C00595,O002120,P0055,2024-10-08 14:43:00,5,16.97,84.85
C00595,O002120,P0007,2024-10-08 14:43:00,1,22.02,22.02
C00595,O002120,P0197,2024-10-08 14:43:00,2,28.5,57.0
C00235,O003008,P0093,2024-10-08 18:48:00,1,16.17,16.17
C00513,O002245,P0079,2024-10-08 20:01:00,1,27.99,27.99
C00284,O003062,P0202,2024-10-09 11:39:00,1,41.14,41.14
C00477,O000756,P0135,2024-10-09 14:30:00,3,8.43,25.29
C00061,O001619,P0002,2024-10-09 17:04:00,5,11.56,57.8
C00516,O000473,P0137,2024-10-09 19:58:00,1,25.73,25.73
C00111,O000628,P0013,2024-10-09 20:52:00,5,21.46,107.3
C00111,O000628,P0010,2024-10-09 20:52:00,1,13.1,13.1
C00111,O000628,P0102,2024-10-09 20:52:00,1,39.78,39.78
C00111,O000628,P0076,2024-10-09 20:52:00,3,30.52,91.56
C00004,O001460,P0025,2024-10-10 09:45:00,4,16.36,65.44
C00031,O000459,P0024,2024-10-10 11:28:00,2,17.36,34.72
C00031,O000459,P0213,2024-10-10 11:28:00,1,20.89,20.89
C00031,O000459,P0135,2024-10-10 11:28:00,1,10.45,10.45
C00104,O002351,P0060,2024-10-10 18:54:00,1,34.37,34.37
C00104,O002351,P0004,2024-10-10 18:54:00,1,31.51,31.51
C00104,O002351,P0130,2024-10-10 18:54:00,1,12.4,12.4
C00416,O001051,P0100,2024-10-11 08:45:00,1,13.14,13.14
C00472,O000197,P0185,2024-10-11 12:26:00,1,24.32,24.32
C00287,O003392,P0218,2024-10-11 16:01:00,4,44.22,176.88
C00199,O000204,P0024,2024-10-11 16:12:00,1,18.36,18.36
C00158,O000262,P0092,2024-10-12 08:01:00,1,19.98,19.98
C00158,O000262,P0094,2024-10-12 08:01:00,1,18.7,18.7
C00021,O003197,P0176,2024-10-12 12:38:00,2,21.26,42.52
C00316,O003430,P0055,2024-10-12 18:17:00,1,16.87,16.87
C00351,O003452,P0177,2024-10-13 11:55:00,2,52.62,105.24
C00351,O003452,P0128,2024-10-13 11:55:00,2,9.96,19.92
C00351,O003452,P0159,2024-10-13 11:55:00,2,17.35,34.7
C00351,O003452,P0036,2024-10-13 11:55:00,4,39.64,158.56
C00103,O002212,P0019,2024-10-13 12:30:00,5,30.98,154.9
C00058,O001542,P0215,2024-10-13 18:20:00,3,16.53,49.59
C00058,O001542,P0195,2024-10-13 18:20:00,2,12.37,24.74
C00005,O002530,P0210,2024-10-13 22:40:00,1,17.32,17.32
C00026,O002559,P0114,2024-10-13 22:57:00,1,9.12,9.12
C00527,O001128,P0002,2024-10-14 11:18:00,3,11.76,35.28
C00172,O003489,P0077,2024-10-14 11:52:00,1,15.21,15.21
C00049,O002362,P0172,2024-10-14 13:20:00,4,23.17,92.68
C00104,O002135,P0174,2024-10-14 14:47:00,1,9.9,9.9
C00104,O002135,P0110,2024-10-14 14:47:00,1,7.22,7.22
C00242,O002791,P0020,2024-10-14 16:13:00,1,18.01,18.01
C00242,O002791,P0044,2024-10-14 16:13:00,1,20.49,20.49
C00476,O001975,P0161,2024-10-14 20:45:00,2,10.7,21.4
C00230,O003319,P0213,2024-10-14 22:20:00,1,20.37,20.37
C00248,O001299,P0202,2024-10-15 09:32:00,1,42.86,42.86
C00171,O002933,P0090,2024-10-15 09:48:00,2,30.49,60.98
C00009,O003599,P0075,2024-10-15 10:06:00,5,21.33,106.65
C00205,O002731,P0137,2024-10-15 10:33:00,1,19.7,19.7
C00474,O003462,P0176,2024-10-15 13:47:00,2,20.4,40.8
C00001,O000415,P0202,2024-10-15 13:56:00,1,49.43,49.43
C00001,O000415,P0043,2024-10-15 13:56:00,1,13.39,13.39
C00001,O000415,P0200,2024-10-15 13:56:00,1,18.73,18.73
C00483,O001302,P0175,2024-10-15 16:12:00,2,9.78,19.56
C00497,O002956,P0189,2024-10-15 17:45:00,1,9.37,9.37
C00497,O002956,P0061,2024-10-15 17:45:00,2,8.23,16.46
C00497,O002956,P0153,2024-10-15 17:45:00,2,9.03,18.06
C00497,O002956,P0156,2024-10-15 17:45:00,1,51.81,51.81
C00271,O003195,P0061,2024-10-15 18:23:00,1,7.39,7.39
C00271,O003195,P0202,2024-10-15 18:23:00,2,43.89,87.78
C00269,O000008,P0208,2024-10-15 19:06:00,2,10.33,20.66
C00269,O000008,P0005,2024-10-15 19:06:00,1,7.02,7.02
C00376,O000892,P0133,2024-10-16 16:37:00,2,27.11,54.22
C00399,O003145,P0108,2024-10-16 16:54:00,4,16.0,64.0
C00558,O001045,P0137,2024-10-16 21:03:00,1,24.33,24.33
C00568,O001553,P0009,2024-10-16 22:20:00,1,22.12,22.12
C00568,O001553,P0216,2024-10-16 22:20:00,3,36.03,108.09
C00568,O001553,P0192,2024-10-16 22:20:00,1,18.12,18.12
C00086,O003455,P0189,2024-10-17 09:38:00,2,9.39,18.78
C00086,O003455,P0149,2024-10-17 09:38:00,4,35.95,143.8
C00086,O003455,P0137,2024-10-17 09:38:00,3,23.93,71.79
C00086,O003455,P0129,2024-10-17 09:38:00,4,15.67,62.68
C00248,O001307,P0137,2024-10-17 11:09:00,1,25.54,25.54
C00004,O001957,P0061,2024-10-17 12:19:00,1,8.4,8.4
C00585,O003020,P0196,2024-10-17 20:44:00,1,13.74,13.74
C00056,O002658,P0088,2024-10-18 09:43:00,1,20.99,20.99
C00300,O000815,P0143,2024-10-18 09:50:00,2,5.09,10.18
C00361,O001279,P0158,2024-10-18 10:33:00,1,35.54,35.54
C00289,O001572,P0076,2024-10-18 12:05:00,1,28.63,28.63
C00289,O001572,P0137,2024-10-18 12:05:00,1,25.02,25.02
C00201,O003362,P0073,2024-10-18 12:29:00,1,13.83,13.83
C00195,O000601,P0060,2024-10-18 15:14:00,5,37.46,187.3
C00261,O000265,P0180,2024-10-18 16:38:00,1,22.15,22.15
C00261,O000265,P0220,2024-10-18 16:38:00,5,13.77,68.85
C00261,O000265,P0075,2024-10-18 16:38:00,4,23.28,93.12
C00261,O000265,P0162,2024-10-18 16:38:00,2,14.53,29.06
C00090,O001470,P0163,2024-10-18 19:41:00,1,62.78,62.78
C00174,O000709,P0188,2024-10-19 08:48:00,5,9.5,47.5
C00174,O000709,P0127,2024-10-19 08:48:00,3,36.27,108.81
C00172,O001395,P0087,2024-10-19 12:17:00,4,15.74,62.96
C00172,O001395,P0150,2024-10-19 12:17:00,1,25.34,25.34
C00321,O002799,P0123,2024-10-19 15:22:00,2,22.57,45.14
C00497,O003495,P0019,2024-10-19 16:46:00,4,31.12,124.48
C00497,O003495,P0215,2024-10-19 16:46:00,1,17.09,17.09
C00004,O001878,P0203,2024-10-20 09:37:00,1,18.59,18.59
C00004,O001878,P0176,2024-10-20 09:37:00,3,24.79,74.37
C00219,O002954,P0197,2024-10-20 10:39:00,1,32.56,32.56
C00219,O002954,P0136,2024-10-20 10:39:00,3,12.49,37.47
C00355,O000389,P0014,2024-10-20 10:52:00,1,32.94,32.94
C00118,O002720,P0168,2024-10-20 16:23:00,4,26.73,106.92
C00118,O002720,P0119,2024-10-20 16:23:00,2,51.55,103.1
C00510,O003457,P0204,2024-10-20 21:23:00,2,30.91,61.82
C00174,O000744,P0162,2024-10-20 22:00:00,1,12.34,12.34
C00429,O003010,P0125,2024-10-21 08:13:00,1,34.05,34.05
C00527,O001802,P0019,2024-10-21 11:50:00,1,32.36,32.36
C00527,O001802,P0122,2024-10-21 11:50:00,2,21.98,43.96
C00039,O003397,P0077,2024-10-21 12:33:00,1,15.86,15.86
C00039,O003397,P0067,2024-10-21 12:33:00,1,15.14,15.14
C00157,O001754,P0091,2024-10-21 13:06:00,3,30.3,90.9
C00361,O001065,P0137,2024-10-21 14:01:00,2,22.51,45.02
C00361,O001065,P0090,2024-10-21 14:01:00,1,26.43,26.43
C00361,O001065,P0202,2024-10-21 14:01:00,1,45.97,45.97
C00098,O001451,P0085,2024-10-21 16:21:00,4,10.17,40.68
C00264,O001117,P0052,2024-10-21 18:34:00,1,26.61,26.61
C00307,O000480,P0040,2024-10-21 19:13:00,4,29.92,119.68
C00408,O001173,P0182,2024-10-22 08:37:00,1,21.68,21.68
C00082,O001870,P0004,2024-10-23 09:37:00,2,36.31,72.62
C00082,O001870,P0112,2024-10-23 09:37:00,2,23.85,47.7
C00082,O001870,P0101,2024-10-23 09:37:00,1,15.98,15.98
C00468,O000816,P0200,2024-10-23 13:01:00,2,18.46,36.92
C00293,O003122,P0202,2024-10-23 15:41:00,1,44.94,44.94
C00278,O000335,P0208,2024-10-23 16:10:00,1,10.28,10.28
C00278,O000335,P0119,2024-10-23 16:10:00,1,48.15,48.15
C00002,O002797,P0128,2024-10-23 18:18:00,1,10.62,10.62
C00410,O002497,P0168,2024-10-23 18:34:00,1,24.28,24.28
C00372,O002863,P0112,2024-10-24 09:33:00,1,24.63,24.63
C00372,O002863,P0100,2024-10-24 09:33:00,1,12.38,12.38
C00372,O002863,P0202,2024-10-24 09:33:00,1,40.14,40.14
C00285,O001466,P0055,2024-10-24 16:53:00,1,14.95,14.95
C00285,O001466,P0149,2024-10-24 16:53:00,2,36.13,72.26
C00277,O001014,P0032,2024-10-24 18:57:00,2,16.62,33.24
C00277,O001014,P0119,2024-10-24 18:57:00,1,47.15,47.15
C00527,O000168,P0077,2024-10-24 20:17:00,3,16.32,48.96
C00266,O001902,P0087,2024-10-25 08:23:00,1,16.75,16.75
C00266,O001902,P0044,2024-10-25 08:23:00,1,23.27,23.27
C00203,O001931,P0033,2024-10-25 08:24:00,1,17.0,17.0
C00054,O002305,P0196,2024-10-25 13:26:00,2,11.7,23.4
C00078,O002057,P0162,2024-10-25 14:11:00,1,14.09,14.09
C00530,O001330,P0112,2024-10-26 08:32:00,2,21.24,42.48
C00530,O001330,P0080,2024-10-26 08:32:00,1,16.1,16.1
C00530,O001330,P0170,2024-10-26 08:32:00,1,20.48,20.48
C00254,O001893,P0190,2024-10-26 17:50:00,3,50.86,152.58
C00254,O001893,P0053,2024-10-26 17:50:00,2,9.41,18.82
C00254,O001893,P0156,2024-10-26 17:50:00,2,55.23,110.46
C00124,O001668,P0025,2024-10-26 19:59:00,1,16.46,16.46
C00124,O001668,P0055,2024-10-26 19:59:00,1,16.73,16.73
C00527,O002229,P0144,2024-10-26 20:38:00,1,27.36,27.36
C00152,O003121,P0137,2024-10-27 12:05:00,2,26.73,53.46
C00152,O003121,P0195,2024-10-27 12:05:00,2,10.68,21.36
C00370,O000425,P0004,2024-10-27 14:36:00,2,31.39,62.78
C00370,O000425,P0132,2024-10-27 14:36:00,1,9.95,9.95
C00544,O003152,P0137,2024-10-27 19:15:00,3,23.99,71.97
C00544,O003152,P0053,2024-10-27 19:15:00,1,9.96,9.96
C00472,O002240,P0137,2024-10-27 21:38:00,3,25.06,75.18
C00028,O001775,P0004,2024-10-28 08:23:00,4,33.1,132.4
C00076,O002396,P0192,2024-10-28 11:54:00,1,15.35,15.35
C00077,O001703,P0053,2024-10-28 12:18:00,1,8.0,8.0
C00077,O001703,P0106,2024-10-28 12:18:00,3,18.27,54.81
C00035,O001121,P0067,2024-10-28 12:29:00,2,15.68,31.36
C00035,O001121,P0157,2024-10-28 12:29:00,5,17.01,85.05
C00171,O002740,P0074,2024-10-28 14:07:00,2,26.8,53.6
C00555,O003424,P0218,2024-10-28 17:23:00,2,44.19,88.38
C00057,O003283,P0192,2024-10-28 19:17:00,2,17.01,34.02
C00527,O000704,P0067,2024-10-29 08:03:00,2,15.95,31.9
C00527,O000704,P0156,2024-10-29 08:03:00,1,47.74,47.74
C00527,O000704,P0083,2024-10-29 08:03:00,1,16.38,16.38
C00209,O001257,P0176,2024-10-29 08:25:00,2,25.48,50.96
C00387,O003470,P0129,2024-10-29 12:40:00,1,14.92,14.92
C00387,O003470,P0077,2024-10-29 12:40:00,1,15.85,15.85
C00370,O002242,P0196,2024-10-29 13:03:00,1,11.54,11.54
C00174,O001240,P0125,2024-10-29 14:50:00,3,31.6,94.8
C00174,O001240,P0162,2024-10-29 14:50:00,4,13.7,54.8
C00324,O000028,P0133,2024-10-29 16:10:00,4,33.87,135.48
C00324,O000028,P0070,2024-10-29 16:10:00,2,17.17,34.34
C00352,O002739,P0101,2024-10-29 17:49:00,5,16.48,82.4
C00322,O000732,P0099,2024-10-29 18:37:00,1,25.37,25.37
C00431,O003279,P0209,2024-10-29 19:23:00,3,12.51,37.53
C00431,O003279,P0155,2024-10-29 19:23:00,2,18.78,37.56
C00218,O002462,P0196,2024-10-30 10:56:00,1,13.89,13.89
C00218,O002462,P0085,2024-10-30 10:56:00,3,11.05,33.15
C00218,O002462,P0007,2024-10-30 10:56:00,2,21.22,42.44
C00105,O000298,P0143,2024-10-30 13:39:00,5,5.56,27.8
C00105,O000298,P0073,2024-10-30 13:39:00,1,12.85,12.85
C00105,O000298,P0061,2024-10-30 13:39:00,1,7.09,7.09
C00105,O000298,P0202,2024-10-30 13:39:00,2,40.1,80.2
C00526,O002729,P0074,2024-10-30 17:41:00,1,30.12,30.12
C00526,O002729,P0208,2024-10-30 17:41:00,5,10.83,54.15
C00526,O002729,P0004,2024-10-30 17:41:00,1,40.03,40.03
C00526,O002729,P0115,2024-10-30 17:41:00,3,21.5,64.5
C00446,O000772,P0010,2024-10-30 18:15:00,4,11.52,46.08
C00446,O000772,P0053,2024-10-30 18:15:00,1,10.42,10.42
C00247,O002093,P0007,2024-10-31 11:54:00,1,22.08,22.08
C00247,O002093,P0076,2024-10-31 11:54:00,3,32.29,96.87
C00475,O000971,P0129,2024-10-31 12:54:00,1,14.26,14.26
C00348,O001268,P0009,2024-10-31 18:58:00,1,17.43,17.43
C00404,O002140,P0062,2024-10-31 21:45:00,1,18.49,18.49
C00404,O002140,P0129,2024-10-31 21:45:00,2,15.46,30.92
C00404,O002140,P0011,2024-10-31 21:45:00,1,28.35,28.35
C00305,O000644,P0202,2024-11-01 10:34:00,4,43.69,174.76
C00091,O000325,P0137,2024-11-01 14:11:00,1,21.96,21.96
C00071,O002162,P0185,2024-11-01 15:36:00,1,26.38,26.38
C00071,O002162,P0025,2024-11-01 15:36:00,1,17.42,17.42
C00025,O003537,P0076,2024-11-02 14:00:00,2,28.61,57.22
C00025,O003537,P0123,2024-11-02 14:00:00,2,21.68,43.36
C00072,O000431,P0013,2024-11-02 18:30:00,1,21.45,21.45
C00072,O000431,P0129,2024-11-02 18:30:00,3,14.14,42.42
C00306,O003336,P0137,2024-11-02 18:57:00,1,28.47,28.47
C00306,O003336,P0202,2024-11-02 18:57:00,2,42.33,84.66
C00306,O003336,P0176,2024-11-02 18:57:00,1,23.57,23.57
C00444,O002781,P0172,2024-11-03 08:08:00,2,29.48,58.96
C00202,O003038,P0081,2024-11-03 09:59:00,5,25.33,126.65
C00348,O000047,P0189,2024-11-03 15:49:00,1,9.76,9.76
C00352,O000162,P0213,2024-11-03 16:29:00,3,18.05,54.15
C00435,O001087,P0213,2024-11-03 19:39:00,1,19.16,19.16
C00435,O001087,P0185,2024-11-03 19:39:00,2,25.2,50.4
C00327,O001489,P0076,2024-11-03 19:44:00,1,29.92,29.92
C00471,O002753,P0215,2024-11-03 22:31:00,1,17.0,17.0
C00471,O002753,P0137,2024-11-03 22:31:00,1,24.36,24.36
C00575,O002049,P0055,2024-11-04 08:01:00,5,17.0,85.0
C00447,O003566,P0200,2024-11-04 08:15:00,2,20.63,41.26
C00447,O003566,P0072,2024-11-04 08:15:00,3,11.78,35.34
C00447,O003566,P0120,2024-11-04 08:15:00,2,18.87,37.74
C00219,O002942,P0076,2024-11-04 19:25:00,4,26.14,104.56
C00453,O001124,P0010,2024-11-05 12:23:00,1,13.42,13.42
C00103,O003127,P0062,2024-11-05 17:03:00,5,17.84,89.2
C00103,O003127,P0054,2024-11-05 17:03:00,2,15.75,31.5
C00172,O002080,P0066,2024-11-05 17:52:00,2,31.37,62.74
C00583,O000914,P0036,2024-11-06 08:16:00,3,36.27,108.81
C00249,O001516,P0125,2024-11-06 08:35:00,1,29.79,29.79
C00412,O000984,P0082,2024-11-06 11:51:00,1,15.18,15.18
C00412,O000984,P0052,2024-11-06 11:51:00,2,29.42,58.84
C00473,O001365,P0083,2024-11-06 12:17:00,3,16.39,49.17
C00086,O001746,P0122,2024-11-06 13:29:00,1,22.74,22.74
C00086,O001746,P0155,2024-11-06 13:29:00,1,21.34,21.34
C00086,O001746,P0094,2024-11-06 13:29:00,3,19.12,57.36
C00416,O000494,P0094,2024-11-06 16:21:00,1,18.36,18.36
C00249,O000251,P0134,2024-11-06 20:29:00,1,19.89,19.89
C00249,O000251,P0044,2024-11-06 20:29:00,1,23.17,23.17
C00413,O002885,P0100,2024-11-06 21:11:00,2,11.51,23.02
C00202,O000247,P0151,2024-11-06 21:43:00,1,18.56,18.56
C00202,O000247,P0107,2024-11-06 21:43:00,2,11.21,22.42
C00202,O000247,P0144,2024-11-06 21:43:00,4,23.38,93.52
C00261,O003544,P0137,2024-11-07 08:40:00,2,21.26,42.52
C00261,O003544,P0168,2024-11-07 08:40:00,3,23.63,70.89
C00261,O003544,P0061,2024-11-07 08:40:00,3,8.26,24.78
C00519,O002895,P0007,2024-11-07 16:54:00,1,23.31,23.31
C00554,O003039,P0196,2024-11-07 17:36:00,2,12.68,25.36
C00110,O000287,P0123,2024-11-07 18:43:00,3,23.94,71.82
C00110,O000287,P0007,2024-11-07 18:43:00,1,23.67,23.67
C00110,O000287,P0076,2024-11-07 18:43:00,1,28.52,28.52
C00550,O003561,P0202,2024-11-08 09:24:00,2,41.36,82.72
C00399,O002736,P0083,2024-11-08 10:14:00,2,16.87,33.74
C00331,O003505,P0176,2024-11-08 11:39:00,2,21.62,43.24
C00331,O003505,P0157,2024-11-08 11:39:00,1,22.84,22.84
C00247,O001459,P0202,2024-11-08 13:54:00,5,50.36,251.8
C00521,O001980,P0062,2024-11-08 15:28:00,2,16.04,32.08
C00399,O003313,P0004,2024-11-08 19:14:00,5,32.86,164.3
C00374,O001824,P0091,2024-11-08 21:42:00,1,31.21,31.21
C00374,O001824,P0079,2024-11-08 21:42:00,1,29.67,29.67
C00581,O003535,P0137,2024-11-08 22:18:00,5,24.04,120.2
C00581,O003535,P0153,2024-11-08 22:18:00,2,8.78,17.56
C00266,O003097,P0085,2024-11-09 11:28:00,2,10.26,20.52
C00410,O002603,P0204,2024-11-09 15:13:00,2,25.91,51.82
C00410,O002603,P0061,2024-11-09 15:13:00,1,7.18,7.18
C00262,O000714,P0204,2024-11-09 16:50:00,1,32.86,32.86
C00463,O001563,P0118,2024-11-09 17:44:00,1,21.42,21.42
C00241,O001430,P0004,2024-11-09 20:42:00,1,36.64,36.64
C00505,O001942,P0174,2024-11-09 20:54:00,2,10.45,20.9
C00505,O001942,P0075,2024-11-09 20:54:00,1,22.64,22.64
C00505,O001942,P0189,2024-11-09 20:54:00,2,9.72,19.44
C00306,O000958,P0132,2024-11-09 22:48:00,4,9.29,37.16
C00347,O000869,P0204,2024-11-10 08:46:00,1,27.72,27.72
C00347,O000869,P0143,2024-11-10 08:46:00,1,5.89,5.89
C00347,O000869,P0077,2024-11-10 08:46:00,1,17.5,17.5
C00363,O000557,P0075,2024-11-10 10:09:00,3,17.41,52.23
C00363,O000557,P0139,2024-11-10 10:09:00,3,60.25,180.75
C00363,O000557,P0137,2024-11-10 10:09:00,1,23.44,23.44
C00310,O000468,P0063,2024-11-10 10:18:00,1,20.26,20.26
C00310,O000468,P0176,2024-11-10 10:18:00,3,22.4,67.2
C00204,O001532,P0061,2024-11-10 15:52:00,1,8.38,8.38
C00293,O003509,P0054,2024-11-10 22:25:00,1,17.63,17.63
C00241,O002300,P0169,2024-11-11 12:03:00,1,18.1,18.1
C00474,O000915,P0196,2024-11-11 17:34:00,3,12.27,36.81
C00389,O000519,P0073,2024-11-11 19:36:00,1,12.0,12.0
C00389,O000519,P0037,2024-11-11 19:36:00,2,20.01,40.02
C00389,O000519,P0215,2024-11-11 19:36:00,1,18.89,18.89
C00014,O003450,P0088,2024-11-11 20:23:00,1,20.98,20.98
C00370,O001022,P0101,2024-11-11 22:25:00,2,15.59,31.18
C00370,O001022,P0060,2024-11-11 22:25:00,4,28.77,115.08
C00386,O001493,P0073,2024-11-12 18:13:00,2,11.35,22.7
C00386,O001493,P0192,2024-11-12 18:13:00,1,19.21,19.21
C00386,O001493,P0202,2024-11-12 18:13:00,2,38.16,76.32
C00057,O000024,P0176,2024-11-13 12:39:00,3,24.26,72.78
C00317,O001036,P0129,2024-11-13 17:45:00,1,14.44,14.44
C00071,O000996,P0176,2024-11-14 08:14:00,1,22.27,22.27
C00071,O000996,P0129,2024-11-14 08:14:00,1,15.06,15.06
C00530,O003235,P0170,2024-11-14 09:10:00,1,20.48,20.48
C00522,O001753,P0149,2024-11-14 12:06:00,3,36.54,109.62
C00389,O003260,P0109,2024-11-14 12:22:00,1,35.39,35.39
C00555,O003179,P0007,2024-11-14 14:18:00,1,22.62,22.62
C00555,O003179,P0214,2024-11-14 14:18:00,1,14.02,14.02
C00555,O003179,P0100,2024-11-14 14:18:00,1,12.98,12.98
C00517,O002124,P0195,2024-11-14 15:48:00,2,11.1,22.2
C00354,O002951,P0103,2024-11-14 16:49:00,1,17.69,17.69
C00354,O002951,P0214,2024-11-14 16:49:00,3,14.38,43.14
C00354,O002951,P0170,2024-11-14 16:49:00,2,21.09,42.18
C00212,O002259,P0176,2024-11-14 19:34:00,4,23.88,95.52
C00590,O003003,P0202,2024-11-15 09:29:00,1,44.8,44.8
C00590,O003003,P0167,2024-11-15 09:29:00,2,33.25,66.5
C00278,O001678,P0202,2024-11-15 10:59:00,1,49.04,49.04
C00278,O001678,P0065,2024-11-15 10:59:00,3,32.69,98.07
C00278,O001678,P0041,2024-11-15 10:59:00,1,27.51,27.51
C00395,O001732,P0112,2024-11-15 11:06:00,4,24.53,98.12
C00395,O001732,P0143,2024-11-15 11:06:00,2,5.73,11.46
C00527,O002683,P0210,2024-11-15 11:50:00,1,14.65,14.65
C00555,O003267,P0129,2024-11-15 11:57:00,2,15.35,30.7
C00555,O003267,P0213,2024-11-15 11:57:00,1,18.26,18.26
C00555,O003267,P0137,2024-11-15 11:57:00,5,23.02,115.1
C00555,O003267,P0197,2024-11-15 11:57:00,3,24.53,73.59
C00149,O002673,P0012,2024-11-15 17:48:00,2,31.58,63.16
C00149,O002673,P0137,2024-11-15 17:48:00,3,23.94,71.82
C00443,O000678,P0096,2024-11-16 08:26:00,2,9.49,18.98
C00041,O000110,P0087,2024-11-16 09:46:00,1,15.03,15.03
C00235,O002595,P0094,2024-11-16 11:40:00,1,21.8,21.8
C00521,O000780,P0176,2024-11-16 13:27:00,2,21.74,43.48
C00143,O002669,P0171,2024-11-16 15:00:00,1,12.56,12.56
C00127,O002775,P0141,2024-11-16 16:12:00,3,24.95,74.85
C00187,O000922,P0067,2024-11-16 22:27:00,2,15.93,31.86
C00399,O003234,P0177,2024-11-16 22:34:00,1,47.79,47.79
C00399,O003234,P0152,2024-11-16 22:34:00,2,10.01,20.02
C00070,O003593,P0044,2024-11-17 08:33:00,1,22.17,22.17
C00376,O000925,P0202,2024-11-17 11:35:00,1,39.87,39.87
C00261,O000599,P0019,2024-11-18 10:52:00,1,34.83,34.83
C00227,O002515,P0024,2024-11-18 18:59:00,3,18.08,54.24
C00500,O003004,P0182,2024-11-18 21:07:00,1,24.46,24.46
C00500,O003004,P0052,2024-11-18 21:07:00,1,27.01,27.01
C00500,O003004,P0218,2024-11-18 21:07:00,5,39.74,198.7
C00500,O003004,P0101,2024-11-18 21:07:00,1,17.04,17.04
C00501,O002608,P0214,2024-11-19 18:16:00,5,14.46,72.3
C00501,O002608,P0076,2024-11-19 18:16:00,2,32.0,64.0
C00051,O001183,P0176,2024-11-19 22:15:00,3,20.78,62.34
C00051,O001183,P0036,2024-11-19 22:15:00,2,37.91,75.82
C00424,O002383,P0196,2024-11-20 08:21:00,1,12.38,12.38
C00424,O002383,P0090,2024-11-20 08:21:00,2,24.03,48.06
C00571,O001455,P0125,2024-11-20 09:17:00,3,32.43,97.29
C00571,O001455,P0137,2024-11-20 09:17:00,2,24.54,49.08
C00453,O002807,P0143,2024-11-20 12:25:00,1,6.19,6.19
C00453,O002807,P0176,2024-11-20 12:25:00,2,22.69,45.38
C00138,O003025,P0073,2024-11-20 12:56:00,1,12.72,12.72
C00077,O003337,P0125,2024-11-20 16:14:00,4,35.13,140.52
C00303,O001030,P0176,2024-11-20 17:07:00,1,21.11,21.11
C00303,O001030,P0220,2024-11-20 17:07:00,1,15.42,15.42
C00456,O000133,P0102,2024-11-21 14:23:00,4,45.48,181.92
C00456,O000133,P0143,2024-11-21 14:23:00,2,6.33,12.66
C00456,O000133,P0202,2024-11-21 14:23:00,2,42.2,84.4
C00456,O000133,P0067,2024-11-21 14:23:00,1,18.42,18.42
C00521,O001077,P0156,2024-11-21 16:40:00,1,55.55,55.55
C00370,O002087,P0044,2024-11-22 16:12:00,4,21.05,84.2
C00019,O001978,P0110,2024-11-22 21:05:00,1,6.92,6.92
C00019,O001978,P0075,2024-11-22 21:05:00,2,21.94,43.88
C00412,O001438,P0128,2024-11-22 21:06:00,3,9.86,29.58
C00165,O001362,P0199,2024-11-22 21:08:00,1,20.23,20.23
C00501,O001329,P0125,2024-11-23 08:18:00,1,31.38,31.38
C00501,O001329,P0002,2024-11-23 08:18:00,1,11.67,11.67
C00023,O000536,P0073,2024-11-23 08:30:00,5,11.26,56.3
C00578,O002880,P0208,2024-11-23 08:52:00,3,9.53,28.59
C00435,O001315,P0189,2024-11-23 13:03:00,2,9.41,18.82
C00435,O001315,P0080,2024-11-23 13:03:00,1,16.3,16.3
C00435,O001315,P0157,2024-11-23 13:03:00,1,20.39,20.39
C00240,O002139,P0195,2024-11-24 08:51:00,1,11.43,11.43
C00325,O000524,P0005,2024-11-24 18:40:00,2,6.83,13.66
C00325,O000524,P0022,2024-11-24 18:40:00,1,14.22,14.22
C00011,O002244,P0140,2024-11-24 20:09:00,4,89.94,359.76
C00111,O000370,P0033,2024-11-25 14:36:00,3,15.98,47.94
C00111,O000370,P0204,2024-11-25 14:36:00,4,30.78,123.12
C00272,O003220,P0120,2024-11-25 16:50:00,1,15.91,15.91
C00272,O003220,P0022,2024-11-25 16:50:00,4,13.18,52.72
C00530,O001659,P0119,2024-11-25 19:31:00,1,44.37,44.37
C00516,O002488,P0137,2024-11-25 21:46:00,2,23.49,46.98
C00214,O003071,P0202,2024-11-26 10:04:00,2,38.4,76.8
C00390,O001585,P0119,2024-11-26 11:35:00,1,48.22,48.22
C00513,O002058,P0204,2024-11-27 12:25:00,2,27.38,54.76
C00513,O002058,P0176,2024-11-27 12:25:00,3,19.6,58.8
C00521,O003438,P0155,2024-11-27 15:44:00,3,19.05,57.15
C00584,O003393,P0138,2024-11-27 19:55:00,3,34.06,102.18
C00584,O003393,P0180,2024-11-27 19:55:00,1,24.22,24.22
C00584,O003393,P0213,2024-11-27 19:55:00,1,19.09,19.09
C00446,O003482,P0210,2024-11-28 13:54:00,1,17.56,17.56
C00221,O000681,P0067,2024-11-28 16:50:00,1,18.14,18.14
C00221,O000681,P0073,2024-11-28 16:50:00,1,13.03,13.03
C00221,O000681,P0139,2024-11-28 16:50:00,2,63.04,126.08
C00250,O000313,P0144,2024-11-28 17:20:00,1,24.57,24.57
C00250,O000313,P0160,2024-11-28 17:20:00,5,11.64,58.2
C00250,O000313,P0196,2024-11-28 17:20:00,2,12.8,25.6
C00250,O000313,P0076,2024-11-28 17:20:00,1,27.29,27.29
C00142,O002709,P0218,2024-11-28 18:47:00,4,46.45,185.8
C00578,O002198,P0159,2024-11-28 19:18:00,1,16.87,16.87
C00256,O002890,P0046,2024-11-28 20:54:00,3,21.7,65.1
C00521,O002984,P0161,2024-11-28 21:19:00,2,11.68,23.36
C00521,O002984,P0176,2024-11-28 21:19:00,2,19.69,39.38
C00583,O001116,P0045,2024-11-28 22:47:00,1,23.96,23.96
C00226,O002091,P0034,2024-11-29 08:10:00,1,11.48,11.48
C00431,O000903,P0110,2024-11-29 09:06:00,2,7.92,15.84
C00431,O000903,P0112,2024-11-29 09:06:00,1,24.28,24.28
C00375,O002582,P0012,2024-11-29 10:26:00,1,31.8,31.8
C00375,O002263,P0176,2024-11-29 18:13:00,1,21.72,21.72
C00375,O002263,P0091,2024-11-29 18:13:00,1,30.54,30.54
C00150,O002643,P0171,2024-11-29 21:05:00,5,14.71,73.55
C00172,O000114,P0002,2024-11-30 10:24:00,1,10.18,10.18
C00356,O002847,P0171,2024-11-30 15:37:00,1,13.92,13.92
C00463,O002010,P0004,2024-11-30 15:55:00,1,34.91,34.91
C00463,O002010,P0156,2024-11-30 15:55:00,2,52.32,104.64
C00554,O001858,P0156,2024-11-30 15:59:00,2,52.37,104.74
C00399,O002803,P0009,2024-11-30 16:54:00,2,19.13,38.26
C00505,O000296,P0150,2024-11-30 16:58:00,1,22.04,22.04
C00505,O000296,P0125,2024-11-30 16:58:00,2,29.51,59.02
C00544,O001793,P0093,2024-11-30 22:09:00,2,17.28,34.56
C00544,O001793,P0139,2024-11-30 22:09:00,1,55.62,55.62
C00304,O002223,P0137,2024-12-01 12:58:00,1,26.2,26.2
C00304,O002223,P0066,2024-12-01 12:58:00,2,34.26,68.52
C00041,O002435,P0128,2024-12-01 13:20:00,1,8.69,8.69
C00041,O002435,P0166,2024-12-01 13:20:00,3,12.08,36.24
C00202,O002017,P0220,2024-12-01 14:01:00,1,14.4,14.4
C00306,O000266,P0038,2024-12-01 15:55:00,1,11.09,11.09
C00306,O000266,P0032,2024-12-01 15:55:00,1,14.73,14.73
C00279,O001787,P0178,2024-12-01 16:54:00,1,23.04,23.04
C00279,O001787,P0019,2024-12-01 16:54:00,1,33.69,33.69
C00474,O003009,P0102,2024-12-01 18:00:00,4,42.04,168.16
C00174,O001177,P0091,2024-12-01 18:13:00,4,31.32,125.28
C00174,O001177,P0137,2024-12-01 18:13:00,4,23.66,94.64
C00120,O002316,P0110,2024-12-01 18:34:00,1,7.84,7.84
C00120,O002316,P0053,2024-12-01 18:34:00,1,9.53,9.53
C00138,O001558,P0076,2024-12-01 21:10:00,1,28.09,28.09
C00570,O003542,P0019,2024-12-01 21:10:00,1,27.17,27.17
C00165,O001887,P0200,2024-12-01 21:50:00,3,18.05,54.15
C00165,O001887,P0215,2024-12-01 21:50:00,2,16.43,32.86
C00165,O001887,P0137,2024-12-01 21:50:00,1,21.67,21.67
C00198,O002675,P0038,2024-12-02 12:08:00,2,12.69,25.38
C00198,O002675,P0163,2024-12-02 12:08:00,5,63.17,315.85
C00056,O001682,P0022,2024-12-02 15:49:00,4,13.33,53.32
C00056,O001682,P0202,2024-12-02 15:49:00,4,42.92,171.68
C00412,O002525,P0004,2024-12-02 17:03:00,4,34.39,137.56
C00117,O000788,P0093,2024-12-02 17:29:00,1,16.28,16.28
C00139,O003172,P0075,2024-12-02 17:39:00,1,22.88,22.88
C00521,O003581,P0106,2024-12-02 20:53:00,1,19.03,19.03
C00521,O003581,P0088,2024-12-02 20:53:00,1,21.33,21.33
C00261,O001694,P0143,2024-12-03 08:16:00,4,6.38,25.52
C00441,O001576,P0004,2024-12-03 09:05:00,1,32.91,32.91
C00460,O003262,P0127,2024-12-03 15:52:00,2,39.69,79.38
C00385,O002123,P0015,2024-12-03 16:34:00,2,27.63,55.26
C00116,O000893,P0067,2024-12-03 18:05:00,4,16.45,65.8
C00116,O000893,P0094,2024-12-03 18:05:00,3,17.98,53.94
C00452,O001064,P0111,2024-12-04 08:55:00,2,25.39,50.78
C00452,O001064,P0218,2024-12-04 08:55:00,2,40.37,80.74
C00452,O001064,P0210,2024-12-04 08:55:00,1,16.08,16.08
C00452,O001064,P0128,2024-12-04 08:55:00,5,9.96,49.8
C00554,O001019,P0090,2024-12-04 16:30:00,3,26.65,79.95
C00187,O002371,P0093,2024-12-04 17:59:00,1,14.24,14.24
C00187,O002371,P0053,2024-12-04 17:59:00,1,9.29,9.29
C00187,O002371,P0044,2024-12-04 17:59:00,1,22.92,22.92
C00583,O001328,P0085,2024-12-04 18:10:00,2,11.44,22.88
C00191,O001675,P0170,2024-12-05 11:34:00,2,18.97,37.94
C00117,O002309,P0106,2024-12-05 14:02:00,2,16.61,33.22
C00526,O002439,P0171,2024-12-05 14:33:00,2,14.6,29.2
C00317,O000513,P0093,2024-12-06 15:50:00,1,15.49,15.49
C00326,O000871,P0137,2024-12-06 15:57:00,2,24.56,49.12
C00287,O000108,P0156,2024-12-06 16:27:00,2,51.52,103.04
C00287,O000108,P0143,2024-12-06 16:27:00,1,6.46,6.46
C00282,O002670,P0156,2024-12-06 16:28:00,1,54.39,54.39
C00527,O000870,P0026,2024-12-06 20:20:00,1,16.41,16.41
C00527,O000870,P0172,2024-12-06 20:20:00,2,27.16,54.32
C00095,O001738,P0138,2024-12-06 21:31:00,1,34.6,34.6
C00056,O003483,P0100,2024-12-07 14:23:00,2,12.33,24.66
C00448,O002155,P0072,2024-12-07 14:26:00,3,9.92,29.76
C00448,O002155,P0033,2024-12-07 14:26:00,4,15.61,62.44
C00448,O002155,P0180,2024-12-07 14:26:00,3,24.23,72.69
C00598,O000230,P0210,2024-12-07 17:24:00,1,16.15,16.15
C00399,O001353,P0137,2024-12-08 09:02:00,1,25.62,25.62
C00501,O001008,P0110,2024-12-08 12:23:00,1,7.33,7.33
C00594,O003548,P0184,2024-12-08 12:41:00,2,35.83,71.66
C00039,O000035,P0053,2024-12-08 13:32:00,1,9.02,9.02
C00504,O001823,P0200,2024-12-08 15:21:00,1,20.84,20.84
C00424,O003332,P0051,2024-12-08 22:39:00,5,20.24,101.2
C00424,O003332,P0075,2024-12-08 22:39:00,5,23.92,119.6
C00424,O003332,P0200,2024-12-08 22:39:00,4,16.09,64.36
C00550,O001582,P0213,2024-12-09 09:49:00,1,21.37,21.37
C00399,O001743,P0124,2024-12-09 17:14:00,2,48.7,97.4
C00446,O001917,P0143,2024-12-09 17:34:00,1,6.6,6.6
C00446,O001917,P0079,2024-12-09 17:34:00,1,25.07,25.07
C00199,O003213,P0133,2024-12-09 18:20:00,2,26.05,52.1
C00199,O003213,P0202,2024-12-09 18:20:00,1,43.58,43.58
C00018,O001774,P0152,2024-12-09 19:45:00,1,9.83,9.83
C00493,O001476,P0176,2024-12-09 20:18:00,2,21.85,43.7
C00474,O001258,P0213,2024-12-09 20:21:00,1,22.18,22.18
C00474,O001258,P0174,2024-12-09 20:21:00,1,9.96,9.96
C00435,O001816,P0171,2024-12-09 20:55:00,4,15.25,61.0
C00435,O001816,P0110,2024-12-09 20:55:00,4,7.36,29.44
C00111,O003538,P0033,2024-12-09 22:00:00,1,13.87,13.87
C00111,O003538,P0079,2024-12-09 22:00:00,2,24.89,49.78
C00111,O003538,P0072,2024-12-09 22:00:00,2,11.41,22.82
C00468,O002982,P0202,2024-12-10 10:19:00,1,45.12,45.12
C00164,O001567,P0032,2024-12-10 10:28:00,1,14.88,14.88
C00590,O000120,P0073,2024-12-10 20:13:00,3,13.08,39.24
C00590,O000120,P0046,2024-12-10 20:13:00,1,24.07,24.07
C00205,O001376,P0137,2024-12-11 14:49:00,2,25.18,50.36
C00290,O001528,P0053,2024-12-11 17:24:00,3,10.13,30.39
C00124,O002852,P0019,2024-12-11 21:17:00,3,32.48,97.44
C00548,O000236,P0125,2024-12-12 08:12:00,3,31.49,94.47
C00191,O002991,P0094,2024-12-12 17:02:00,1,18.91,18.91
C00191,O002991,P0053,2024-12-12 17:02:00,1,9.11,9.11
C00316,O000012,P0204,2024-12-13 08:05:00,2,27.04,54.08
C00150,O002943,P0137,2024-12-13 11:38:00,2,23.02,46.04
C00150,O002943,P0196,2024-12-13 11:38:00,2,11.29,22.58
C00150,O002943,P0163,2024-12-13 11:38:00,2,64.45,128.9
C00150,O002943,P0202,2024-12-13 11:38:00,2,46.22,92.44
C00094,O001520,P0002,2024-12-13 18:07:00,2,10.88,21.76
C00191,O001578,P0208,2024-12-14 09:52:00,1,10.94,10.94
C00461,O001192,P0197,2024-12-14 10:09:00,2,29.49,58.98
C00318,O003504,P0137,2024-12-14 14:45:00,3,24.3,72.9
C00171,O002419,P0177,2024-12-14 19:29:00,2,46.7,93.4
C00090,O002437,P0082,2024-12-14 19:50:00,1,15.12,15.12
C00078,O000635,P0004,2024-12-15 08:29:00,1,30.2,30.2
C00021,O003081,P0032,2024-12-15 10:02:00,1,15.96,15.96
C00021,O003081,P0110,2024-12-15 10:02:00,2,9.16,18.32
C00519,O003506,P0190,2024-12-15 12:03:00,1,45.31,45.31
C00317,O003522,P0053,2024-12-15 12:14:00,3,8.01,24.03
C00317,O003522,P0160,2024-12-15 12:14:00,3,11.25,33.75
C00317,O003522,P0180,2024-12-15 12:14:00,2,21.06,42.12
C00505,O001716,P0125,2024-12-15 15:05:00,1,32.31,32.31
C00157,O000033,P0146,2024-12-15 18:36:00,1,16.24,16.24
C00070,O001469,P0077,2024-12-16 09:48:00,3,15.9,47.7
C00070,O001469,P0157,2024-12-16 09:48:00,1,21.78,21.78
C00364,O000421,P0137,2024-12-16 13:44:00,1,23.44,23.44
C00364,O000421,P0073,2024-12-16 13:44:00,1,12.91,12.91
C00364,O000421,P0214,2024-12-16 13:44:00,1,15.2,15.2
C00364,O000421,P0128,2024-12-16 13:44:00,2,10.9,21.8
C00370,O003447,P0015,2024-12-16 15:41:00,1,24.92,24.92
C00370,O003447,P0052,2024-12-16 15:41:00,2,30.46,60.92
C00370,O003447,P0130,2024-12-16 15:41:00,2,12.55,25.1
C00370,O003447,P0033,2024-12-16 15:41:00,1,15.64,15.64
C00023,O001084,P0034,2024-12-16 18:08:00,1,12.5,12.5
C00023,O001084,P0013,2024-12-16 18:08:00,1,21.03,21.03
C00235,O003491,P0032,2024-12-16 19:53:00,4,18.23,72.92
C00235,O003491,P0132,2024-12-16 19:53:00,1,9.26,9.26
C00235,O003491,P0092,2024-12-16 19:53:00,1,22.06,22.06
C00235,O003491,P0166,2024-12-16 19:53:00,2,12.6,25.2
C00507,O000023,P0185,2024-12-16 21:10:00,4,22.21,88.84
C00507,O000023,P0075,2024-12-16 21:10:00,5,22.11,110.55
C00525,O000388,P0093,2024-12-16 22:36:00,1,16.42,16.42
C00157,O002451,P0156,2024-12-17 08:53:00,2,54.15,108.3
C00054,O001671,P0067,2024-12-17 09:22:00,3,18.2,54.6
C00054,O001671,P0204,2024-12-17 09:22:00,1,30.68,30.68
C00290,O002970,P0195,2024-12-17 09:35:00,1,10.09,10.09
C00584,O000952,P0169,2024-12-17 12:10:00,2,18.16,36.32
C00424,O000250,P0127,2024-12-17 14:56:00,3,49.13,147.39
C00424,O000250,P0100,2024-12-17 14:56:00,1,11.82,11.82
C00450,O002032,P0129,2024-12-17 15:13:00,2,14.17,28.34
C00450,O002032,P0053,2024-12-17 15:13:00,2,9.44,18.88
C00374,O002561,P0104,2024-12-17 17:22:00,3,31.97,95.91
C00374,O002561,P0091,2024-12-17 17:22:00,2,30.84,61.68
C00590,O000855,P0103,2024-12-17 19:46:00,1,14.02,14.02
C00590,O000855,P0149,2024-12-17 19:46:00,1,37.27,37.27
C00049,O001871,P0140,2024-12-18 09:58:00,1,89.85,89.85
C00230,O000779,P0140,2024-12-18 10:14:00,2,101.04,202.08
C00127,O001247,P0174,2024-12-18 11:08:00,2,9.95,19.9
C00375,O003573,P0053,2024-12-18 11:12:00,2,10.23,20.46
C00116,O000145,P0202,2024-12-18 12:02:00,1,40.02,40.02
C00528,O002506,P0034,2024-12-18 12:59:00,4,12.43,49.72
C00386,O000579,P0071,2024-12-18 13:05:00,1,8.99,8.99
C00386,O000579,P0213,2024-12-18 13:05:00,2,20.36,40.72
C00386,O000579,P0093,2024-12-18 13:05:00,2,17.16,34.32
C00174,O003133,P0076,2024-12-18 16:25:00,2,28.14,56.28
C00572,O002444,P0204,2024-12-18 16:31:00,1,28.61,28.61
C00254,O001306,P0218,2024-12-18 20:27:00,1,39.91,39.91
C00254,O001306,P0068,2024-12-18 20:27:00,2,14.81,29.62
C00037,O003303,P0118,2024-12-18 21:28:00,2,19.74,39.48
C00037,O003303,P0176,2024-12-18 21:28:00,1,22.93,22.93
C00493,O002504,P0154,2024-12-18 22:14:00,1,14.81,14.81
C00508,O002735,P0176,2024-12-18 22:59:00,1,22.36,22.36
C00542,O001499,P0177,2024-12-19 09:46:00,2,46.37,92.74
C00226,O002663,P0075,2024-12-19 12:00:00,3,20.58,61.74
C00193,O000183,P0098,2024-12-19 12:47:00,2,12.1,24.2
C00322,O000899,P0015,2024-12-19 18:37:00,2,25.46,50.92
C00476,O003041,P0068,2024-12-20 13:53:00,4,15.73,62.92
C00596,O003277,P0176,2024-12-20 17:26:00,2,24.5,49.0
C00571,O003036,P0202,2024-12-20 18:33:00,2,42.33,84.66
C00307,O000502,P0080,2024-12-20 22:49:00,1,17.86,17.86
C00594,O003526,P0190,2024-12-21 17:13:00,1,47.07,47.07
C00594,O003526,P0176,2024-12-21 17:13:00,2,21.1,42.2
C00337,O000149,P0128,2024-12-21 18:12:00,1,10.63,10.63
C00536,O001670,P0066,2024-12-21 19:57:00,2,30.32,60.64
C00399,O003487,P0076,2024-12-21 22:41:00,3,29.03,87.09
C00399,O003487,P0213,2024-12-21 22:41:00,2,21.6,43.2
C00399,O003487,P0126,2024-12-21 22:41:00,2,24.02,48.04
C00370,O000208,P0137,2024-12-22 13:22:00,1,25.18,25.18
C00564,O001972,P0093,2024-12-22 14:16:00,2,17.07,34.14
C00354,O000366,P0204,2024-12-22 14:25:00,1,28.87,28.87
C00111,O002660,P0190,2024-12-22 22:43:00,1,44.36,44.36
C00111,O002660,P0189,2024-12-22 22:43:00,2,9.56,19.12
C00111,O002660,P0143,2024-12-22 22:43:00,1,5.76,5.76
C00482,O001354,P0061,2024-12-23 12:14:00,1,6.77,6.77
C00482,O001354,P0073,2024-12-23 12:14:00,1,12.08,12.08
C00469,O002966,P0213,2024-12-23 15:54:00,2,24.39,48.78
C00388,O000632,P0202,2024-12-23 16:28:00,1,45.73,45.73
C00388,O000632,P0189,2024-12-23 16:28:00,1,9.08,9.08
C00510,O000512,P0067,2024-12-23 19:34:00,1,15.69,15.69
C00333,O003369,P0103,2024-12-24 10:34:00,3,16.24,48.72
C00039,O001984,P0092,2024-12-24 11:08:00,2,19.54,39.08
C00207,O001820,P0171,2024-12-24 17:55:00,1,15.01,15.01
C00207,O001820,P0213,2024-12-24 17:55:00,2,21.03,42.06
C00557,O001960,P0202,2024-12-24 20:35:00,1,38.94,38.94
C00557,O001960,P0091,2024-12-24 20:35:00,2,27.33,54.66
C00012,O003507,P0055,2024-12-24 21:15:00,1,14.94,14.94
C00250,O002306,P0106,2024-12-24 22:01:00,1,18.59,18.59
C00530,O001698,P0111,2024-12-24 22:16:00,1,25.57,25.57
C00530,O001698,P0128,2024-12-24 22:16:00,1,10.92,10.92
C00229,O002849,P0053,2024-12-25 15:44:00,1,8.62,8.62
C00076,O002567,P0195,2024-12-25 19:42:00,2,11.16,22.32
C00539,O002619,P0091,2024-12-26 12:28:00,3,28.22,84.66
C00530,O001974,P0051,2024-12-26 15:30:00,1,25.01,25.01
C00110,O003582,P0015,2024-12-26 16:54:00,2,23.79,47.58
C00399,O000803,P0100,2024-12-26 19:04:00,3,10.53,31.59
C00014,O003572,P0107,2024-12-26 20:35:00,1,11.98,11.98
C00014,O003572,P0093,2024-12-26 20:35:00,3,16.27,48.81
C00506,O003282,P0004,2024-12-26 21:32:00,1,33.85,33.85
C00506,O003282,P0073,2024-12-26 21:32:00,1,11.82,11.82
C00299,O000862,P0189,2024-12-26 22:21:00,1,9.09,9.09
C00299,O000862,P0065,2024-12-26 22:21:00,3,32.26,96.78
C00208,O000395,P0043,2024-12-27 09:47:00,1,13.7,13.7
C00208,O000395,P0137,2024-12-27 09:47:00,3,22.2,66.6
C00208,O000395,P0011,2024-12-27 09:47:00,4,29.87,119.48
C00305,O002768,P0088,2024-12-27 10:25:00,2,20.42,40.84
C00342,O001747,P0143,2024-12-27 13:00:00,2,6.08,12.16
C00342,O001747,P0065,2024-12-27 13:00:00,2,30.91,61.82
C00229,O003335,P0156,2024-12-27 17:10:00,1,56.07,56.07
C00500,O002412,P0034,2024-12-27 18:37:00,2,13.33,26.66
C00077,O000383,P0032,2024-12-28 09:20:00,2,17.23,34.46
C00389,O002823,P0094,2024-12-28 10:59:00,4,18.65,74.6
C00389,O002823,P0085,2024-12-28 10:59:00,4,9.92,39.68
C00367,O001200,P0092,2024-12-28 19:08:00,2,20.82,41.64
C00590,O000093,P0088,2024-12-28 21:10:00,2,20.1,40.2
C00590,O000093,P0008,2024-12-28 21:10:00,4,16.19,64.76
C00530,O001056,P0195,2024-12-28 21:13:00,1,10.36,10.36
C00377,O003139,P0052,2024-12-28 22:36:00,1,23.74,23.74
C00377,O003139,P0220,2024-12-28 22:36:00,3,14.56,43.68
C00377,O003139,P0075,2024-12-28 22:36:00,2,22.55,45.1
C00377,O003139,P0009,2024-12-28 22:36:00,1,19.91,19.91
C00053,O003221,P0073,2024-12-29 15:11:00,3,12.04,36.12
C00053,O003221,P0053,2024-12-29 15:11:00,1,7.62,7.62
C00053,O003221,P0120,2024-12-29 15:11:00,1,18.29,18.29
C00308,O002278,P0092,2024-12-29 22:36:00,2,20.29,40.58
C00308,O002278,P0056,2024-12-29 22:36:00,2,14.71,29.42
C00308,O002278,P0025,2024-12-29 22:36:00,1,15.75,15.75
C00530,O001744,P0010,2024-12-30 14:45:00,4,14.58,58.32
C00222,O000516,P0037,2024-12-31 10:38:00,3,20.73,62.19
C00038,O000487,P0019,2024-12-31 13:07:00,1,32.09,32.09
C00581,O000057,P0032,2024-12-31 14:11:00,1,15.62,15.62
C00103,O000910,P0013,2024-12-31 15:40:00,1,18.74,18.74
C00103,O000910,P0093,2024-12-31 15:40:00,1,16.15,16.15
C00103,O000910,P0189,2024-12-31 15:40:00,4,9.2,36.8
C00374,O000542,P0214,2025-01-01 10:26:00,3,14.3,42.9
C00374,O000542,P0213,2025-01-01 10:26:00,3,20.23,60.69
C00564,O001968,P0143,2025-01-01 10:39:00,5,6.27,31.35
C00089,O001288,P0022,2025-01-01 11:14:00,1,13.52,13.52
C00089,O001288,P0010,2025-01-01 11:14:00,2,12.62,25.24
C00089,O001288,P0139,2025-01-01 11:14:00,3,63.83,191.49
C00294,O003270,P0194,2025-01-01 13:42:00,1,43.65,43.65
C00294,O003270,P0137,2025-01-01 13:42:00,2,22.51,45.02
C00294,O003270,P0075,2025-01-01 13:42:00,4,21.45,85.8
C00035,O000537,P0135,2025-01-01 14:30:00,2,8.53,17.06
C00446,O000822,P0004,2025-01-01 15:24:00,1,32.31,32.31
C00446,O000822,P0078,2025-01-01 15:24:00,3,24.07,72.21
C00226,O000565,P0137,2025-01-01 18:16:00,1,24.01,24.01
C00150,O002273,P0091,2025-01-01 18:21:00,2,26.92,53.84
C00552,O001880,P0213,2025-01-01 19:55:00,1,20.28,20.28
C00553,O001102,P0192,2025-01-01 21:26:00,1,18.94,18.94
C00078,O003468,P0215,2025-01-02 10:38:00,2,16.95,33.9
C00078,O003468,P0091,2025-01-02 10:38:00,1,34.74,34.74
C00395,O001708,P0169,2025-01-02 14:06:00,3,17.23,51.69
C00230,O001317,P0184,2025-01-02 19:25:00,1,34.8,34.8
C00103,O002174,P0083,2025-01-03 09:12:00,1,15.16,15.16
C00103,O002174,P0188,2025-01-03 09:12:00,1,10.5,10.5
C00103,O002174,P0104,2025-01-03 09:12:00,4,30.52,122.08
C00091,O001282,P0053,2025-01-03 10:29:00,2,9.7,19.4
C00474,O002607,P0126,2025-01-03 12:33:00,1,25.49,25.49
C00474,O002607,P0052,2025-01-03 12:33:00,1,28.12,28.12
C00412,O002239,P0184,2025-01-03 15:02:00,3,34.98,104.94
C00412,O002239,P0128,2025-01-03 15:02:00,3,9.73,29.19
C00590,O003005,P0165,2025-01-03 15:39:00,2,25.77,51.54
C00590,O003005,P0053,2025-01-03 15:39:00,1,8.32,8.32
C00573,O001657,P0184,2025-01-03 15:45:00,2,36.15,72.3
C00594,O003459,P0100,2025-01-03 16:36:00,1,12.87,12.87
C00594,O003459,P0054,2025-01-03 16:36:00,2,17.66,35.32
C00572,O001627,P0102,2025-01-04 08:54:00,3,42.85,128.55
C00004,O001149,P0083,2025-01-04 11:22:00,5,17.6,88.0
C00004,O001149,P0090,2025-01-04 11:22:00,3,24.17,72.51
C00004,O001149,P0119,2025-01-04 11:22:00,1,45.5,45.5
C00399,O000498,P0007,2025-01-04 13:23:00,3,21.78,65.34
C00534,O003384,P0137,2025-01-04 15:25:00,1,22.54,22.54
C00534,O003384,P0004,2025-01-04 15:25:00,1,32.6,32.6
C00534,O003384,P0106,2025-01-04 15:25:00,2,18.51,37.02
C00035,O002647,P0094,2025-01-04 21:03:00,2,18.95,37.9
C00066,O002297,P0200,2025-01-05 13:43:00,2,18.48,36.96
C00066,O002297,P0213,2025-01-05 13:43:00,1,19.35,19.35
C00309,O000585,P0176,2025-01-05 16:17:00,2,23.76,47.52
C00504,O000360,P0139,2025-01-05 16:52:00,1,63.54,63.54
C00504,O000360,P0137,2025-01-05 16:52:00,2,23.01,46.02
C00312,O000909,P0101,2025-01-06 14:01:00,3,15.2,45.6
C00399,O000450,P0182,2025-01-06 15:42:00,1,21.82,21.82
C00530,O001441,P0075,2025-01-06 21:15:00,4,23.28,93.12
C00337,O001600,P0161,2025-01-06 22:21:00,1,12.5,12.5
C00337,O001600,P0159,2025-01-06 22:21:00,2,14.64,29.28
C00274,O000598,P0196,2025-01-07 08:07:00,1,12.96,12.96
C00399,O002452,P0214,2025-01-07 10:11:00,1,14.9,14.9
C00330,O003547,P0204,2025-01-07 10:18:00,2,29.01,58.02
C00150,O001830,P0130,2025-01-07 20:27:00,3,13.07,39.21
C00150,O001830,P0077,2025-01-07 20:27:00,3,15.03,45.09
C00150,O001830,P0032,2025-01-07 20:27:00,2,14.41,28.82
C00150,O001830,P0143,2025-01-07 20:27:00,2,5.94,11.88
C00594,O001409,P0202,2025-01-07 21:20:00,4,43.18,172.72
C00564,O001598,P0123,2025-01-07 21:46:00,1,24.39,24.39
C00372,O001707,P0102,2025-01-07 22:33:00,1,44.93,44.93
C00355,O000292,P0041,2025-01-08 11:22:00,1,29.29,29.29
C00596,O001956,P0019,2025-01-08 11:25:00,1,30.06,30.06
C00389,O001324,P0092,2025-01-08 12:54:00,4,19.71,78.84
C00389,O001324,P0096,2025-01-08 12:54:00,1,9.85,9.85
C00373,O001174,P0136,2025-01-08 14:35:00,1,12.98,12.98
C00373,O001174,P0210,2025-01-08 14:35:00,1,17.21,17.21
C00373,O001174,P0075,2025-01-08 14:35:00,1,23.38,23.38
C00572,O000706,P0090,2025-01-08 14:54:00,4,24.86,99.44
C00504,O001397,P0044,2025-01-08 18:45:00,2,23.94,47.88
C00031,O001856,P0072,2025-01-08 22:42:00,2,8.9,17.8
C00072,O001496,P0053,2025-01-09 08:13:00,2,8.7,17.4
C00214,O002494,P0076,2025-01-09 09:21:00,4,29.37,117.48
C00214,O002494,P0042,2025-01-09 09:21:00,1,29.21,29.21
C00142,O002043,P0091,2025-01-09 10:35:00,2,28.26,56.52
C00294,O000355,P0075,2025-01-09 11:46:00,1,21.21,21.21
C00294,O000355,P0059,2025-01-09 11:46:00,1,12.56,12.56
C00294,O000355,P0202,2025-01-09 11:46:00,1,45.11,45.11
C00504,O002448,P0097,2025-01-09 12:40:00,1,9.31,9.31
C00145,O001029,P0043,2025-01-09 18:19:00,1,13.41,13.41
C00145,O001029,P0077,2025-01-09 18:19:00,3,16.69,50.07
C00355,O003271,P0002,2025-01-10 13:32:00,3,11.82,35.46
C00346,O001798,P0202,2025-01-10 15:14:00,4,39.0,156.0
C00562,O001342,P0076,2025-01-10 21:10:00,2,30.99,61.98
C00299,O000932,P0137,2025-01-11 09:51:00,1,24.38,24.38
C00299,O000932,P0140,2025-01-11 09:51:00,1,106.28,106.28
C00299,O000932,P0052,2025-01-11 09:51:00,1,29.36,29.36
C00299,O000932,P0055,2025-01-11 09:51:00,3,15.74,47.22
C00468,O001020,P0025,2025-01-11 13:25:00,3,16.33,48.99
C00032,O002186,P0218,2025-01-11 18:44:00,5,38.95,194.75
C00032,O002186,P0076,2025-01-11 18:44:00,3,30.31,90.93
C00565,O000769,P0115,2025-01-11 20:19:00,5,21.08,105.4
C00451,O002422,P0037,2025-01-12 14:29:00,2,18.22,36.44
C00475,O002184,P0137,2025-01-12 16:06:00,2,26.07,52.14
C00079,O000178,P0075,2025-01-12 16:30:00,1,19.24,19.24
C00453,O002421,P0075,2025-01-12 17:01:00,1,19.92,19.92
C00453,O002421,P0008,2025-01-12 17:01:00,2,14.72,29.44
C00339,O000076,P0127,2025-01-12 17:45:00,2,50.52,101.04
C00339,O000076,P0137,2025-01-12 17:45:00,1,24.78,24.78
C00043,O000049,P0019,2025-01-12 18:56:00,3,31.4,94.2
C00043,O000049,P0196,2025-01-12 18:56:00,1,11.86,11.86
C00346,O003284,P0204,2025-01-12 20:40:00,1,29.36,29.36
C00518,O001083,P0076,2025-01-12 21:21:00,1,27.47,27.47
C00314,O001481,P0075,2025-01-13 08:17:00,1,21.28,21.28
C00262,O002307,P0090,2025-01-13 16:02:00,3,22.31,66.93
C00011,O001131,P0169,2025-01-13 21:01:00,3,19.92,59.76
C00223,O002892,P0137,2025-01-13 21:23:00,4,23.35,93.4
C00332,O000336,P0073,2025-01-13 21:33:00,2,12.47,24.94
C00332,O000336,P0152,2025-01-13 21:33:00,1,10.72,10.72
C00130,O002547,P0137,2025-01-13 21:38:00,5,24.68,123.4
C00563,O003150,P0015,2025-01-13 21:51:00,3,26.66,79.98
C00510,O003044,P0162,2025-01-14 08:51:00,4,11.18,44.72
C00043,O003380,P0171,2025-01-14 13:13:00,2,13.37,26.74
C00230,O000344,P0137,2025-01-14 16:08:00,3,25.64,76.92
C00230,O000344,P0077,2025-01-14 16:08:00,1,17.66,17.66
C00471,O003389,P0137,2025-01-14 20:43:00,1,24.13,24.13
C00471,O003389,P0125,2025-01-14 20:43:00,1,29.06,29.06
C00471,O003389,P0153,2025-01-14 20:43:00,4,8.17,32.68
C00011,O000190,P0162,2025-01-15 08:28:00,3,14.86,44.58
C00334,O002641,P0133,2025-01-15 09:29:00,2,28.37,56.74
C00516,O000353,P0113,2025-01-15 11:04:00,1,15.37,15.37
C00516,O000353,P0044,2025-01-15 11:04:00,1,21.0,21.0
C00121,O003407,P0175,2025-01-15 11:19:00,1,9.23,9.23
C00325,O002436,P0135,2025-01-15 11:48:00,1,9.33,9.33
C00480,O000483,P0170,2025-01-15 15:06:00,1,21.08,21.08
C00482,O002925,P0060,2025-01-15 15:07:00,1,34.71,34.71
C00482,O002925,P0188,2025-01-15 15:07:00,3,9.63,28.89
C00408,O003126,P0200,2025-01-15 17:08:00,2,19.59,39.18
C00408,O003126,P0103,2025-01-15 17:08:00,1,15.47,15.47
C00056,O000973,P0137,2025-01-15 18:28:00,1,25.61,25.61
C00056,O000973,P0200,2025-01-15 18:28:00,1,17.78,17.78
C00123,O000086,P0196,2025-01-15 18:42:00,2,12.55,25.1
C00123,O000086,P0132,2025-01-15 18:42:00,1,9.47,9.47
C00513,O000280,P0137,2025-01-15 19:23:00,2,24.53,49.06
C00513,O000280,P0128,2025-01-15 19:23:00,1,9.95,9.95
C00168,O002479,P0088,2025-01-15 19:40:00,3,18.36,55.08
C00168,O002479,P0004,2025-01-15 19:40:00,2,33.61,67.22
C00060,O002549,P0105,2025-01-15 21:23:00,1,12.8,12.8
C00475,O003068,P0024,2025-01-15 21:53:00,1,21.09,21.09
C00510,O000510,P0044,2025-01-16 09:20:00,4,23.28,93.12
C00510,O000510,P0194,2025-01-16 09:20:00,2,45.1,90.2
C00542,O001530,P0184,2025-01-16 09:38:00,1,36.43,36.43
C00077,O002498,P0100,2025-01-16 14:43:00,3,9.69,29.07
C00077,O002498,P0106,2025-01-16 14:43:00,1,17.81,17.81
C00028,O000068,P0015,2025-01-16 17:40:00,1,22.62,22.62
C00028,O000068,P0073,2025-01-16 17:40:00,2,12.95,25.9
C00028,O000068,P0189,2025-01-16 17:40:00,4,9.19,36.76
C00028,O000068,P0208,2025-01-16 17:40:00,1,9.36,9.36
C00354,O001424,P0075,2025-01-16 17:41:00,3,23.26,69.78
C00354,O001424,P0194,2025-01-16 17:41:00,3,42.63,127.89
C00354,O001424,P0129,2025-01-16 17:41:00,1,16.04,16.04
C00473,O002271,P0071,2025-01-17 09:08:00,2,9.99,19.98
C00429,O003200,P0041,2025-01-17 12:48:00,4,30.54,122.16
C00341,O003090,P0088,2025-01-17 20:27:00,1,20.85,20.85
C00424,O000231,P0214,2025-01-17 21:28:00,1,13.6,13.6
C00088,O001461,P0044,2025-01-17 22:07:00,1,24.35,24.35
C00399,O000102,P0044,2025-01-18 08:50:00,3,21.0,63.0
C00399,O000102,P0202,2025-01-18 08:50:00,1,44.05,44.05
C00399,O000102,P0013,2025-01-18 08:50:00,1,19.25,19.25
C00399,O000102,P0184,2025-01-18 08:50:00,2,37.08,74.16
C00384,O000522,P0176,2025-01-18 09:12:00,1,23.65,23.65
C00348,O003113,P0190,2025-01-18 16:25:00,1,50.2,50.2
C00348,O003113,P0002,2025-01-18 16:25:00,1,10.65,10.65
C00505,O000039,P0055,2025-01-18 21:02:00,3,15.81,47.43
C00138,O000844,P0088,2025-01-19 09:13:00,1,19.97,19.97
C00138,O000844,P0102,2025-01-19 09:13:00,2,46.09,92.18
C00082,O002467,P0128,2025-01-19 11:52:00,1,10.5,10.5
C00082,O002467,P0100,2025-01-19 11:52:00,2,12.61,25.22
C00540,O002572,P0196,2025-01-19 16:27:00,1,11.99,11.99
C00540,O002572,P0128,2025-01-19 16:27:00,3,10.74,32.22
C00331,O003428,P0033,2025-01-19 17:36:00,2,15.14,30.28
C00331,O003428,P0046,2025-01-19 17:36:00,3,22.09,66.27
C00576,O001788,P0072,2025-01-19 17:46:00,2,9.5,19.0
C00412,O000101,P0202,2025-01-19 18:34:00,1,46.11,46.11
C00412,O000101,P0032,2025-01-19 18:34:00,4,16.3,65.2
C00545,O002295,P0137,2025-01-19 21:05:00,1,25.82,25.82
C00533,O001529,P0177,2025-01-20 08:04:00,1,48.81,48.81
C00043,O003014,P0044,2025-01-20 19:28:00,2,22.43,44.86
C00043,O003014,P0009,2025-01-20 19:28:00,1,23.73,23.73
C00024,O003584,P0137,2025-01-20 20:06:00,4,26.66,106.64
C00024,O003584,P0100,2025-01-20 20:06:00,4,11.12,44.48
C00191,O001003,P0202,2025-01-20 22:13:00,1,40.83,40.83
C00191,O001003,P0092,2025-01-20 22:13:00,2,20.41,40.82
C00191,O001003,P0075,2025-01-20 22:13:00,1,18.05,18.05
C00446,O001872,P0142,2025-01-21 10:17:00,2,11.74,23.48
C00446,O001872,P0024,2025-01-21 10:17:00,3,18.63,55.89
C00431,O000393,P0075,2025-01-21 13:09:00,1,21.72,21.72
C00431,O000393,P0220,2025-01-21 13:09:00,1,13.92,13.92
C00309,O002450,P0188,2025-01-21 14:21:00,1,9.63,9.63
C00309,O002450,P0215,2025-01-21 14:21:00,1,18.82,18.82
C00145,O002255,P0203,2025-01-21 15:36:00,5,19.12,95.6
C00500,O002997,P0044,2025-01-21 16:04:00,2,21.93,43.86
C00500,O002997,P0117,2025-01-21 16:04:00,1,21.23,21.23
C00500,O002997,P0220,2025-01-21 16:04:00,2,13.37,26.74
C00500,O002997,P0137,2025-01-21 16:04:00,3,23.52,70.56
C00317,O000273,P0005,2025-01-21 18:25:00,1,6.54,6.54
C00317,O000273,P0053,2025-01-21 18:25:00,1,9.24,9.24
C00317,O000273,P0184,2025-01-21 18:25:00,3,39.63,118.89
C00471,O000462,P0103,2025-01-21 19:52:00,1,18.55,18.55
C00584,O001983,P0138,2025-01-21 20:04:00,5,32.84,164.2
C00584,O001983,P0220,2025-01-21 20:04:00,1,12.48,12.48
C00584,O001983,P0073,2025-01-21 20:04:00,1,13.12,13.12
C00243,O002161,P0137,2025-01-21 22:49:00,1,21.16,21.16
C00243,O002161,P0044,2025-01-21 22:49:00,4,22.35,89.4
C00243,O002161,P0124,2025-01-21 22:49:00,3,44.66,133.98
C00360,O002312,P0034,2025-01-22 11:17:00,3,12.97,38.91
C00170,O001429,P0114,2025-01-22 13:42:00,1,9.31,9.31
C00370,O001072,P0100,2025-01-22 16:48:00,1,13.8,13.8
C00370,O001072,P0067,2025-01-22 16:48:00,1,15.38,15.38
C00370,O001072,P0083,2025-01-22 16:48:00,4,16.01,64.04
C00375,O001162,P0052,2025-01-22 17:19:00,2,27.6,55.2
C00375,O001162,P0167,2025-01-22 17:19:00,1,31.67,31.67
C00389,O001286,P0038,2025-01-22 22:50:00,1,12.62,12.62
C00389,O001286,P0044,2025-01-22 22:50:00,1,23.5,23.5
C00389,O001286,P0172,2025-01-22 22:50:00,1,26.0,26.0
C00077,O000595,P0172,2025-01-23 10:30:00,4,25.15,100.6
C00556,O000165,P0019,2025-01-23 16:47:00,3,35.1,105.3
C00578,O001479,P0044,2025-01-23 17:37:00,1,21.74,21.74
C00578,O001479,P0054,2025-01-23 17:37:00,2,17.81,35.62
C00578,O001479,P0055,2025-01-23 17:37:00,1,15.8,15.8
C00397,O000656,P0156,2025-01-23 18:17:00,4,55.36,221.44
C00079,O003356,P0176,2025-01-24 09:07:00,2,21.84,43.68
C00308,O001053,P0053,2025-01-24 13:27:00,2,8.81,17.62
C00317,O003511,P0052,2025-01-25 10:12:00,1,30.38,30.38
C00035,O000622,P0166,2025-01-25 12:26:00,3,12.96,38.88
C00035,O000622,P0015,2025-01-25 12:26:00,1,24.71,24.71
C00035,O000622,P0202,2025-01-25 12:26:00,1,46.11,46.11
C00385,O000955,P0032,2025-01-25 16:18:00,4,16.45,65.8
C00385,O000955,P0220,2025-01-25 16:18:00,2,13.33,26.66
C00235,O002196,P0110,2025-01-25 17:56:00,1,8.13,8.13
C00235,O002196,P0120,2025-01-25 17:56:00,3,18.83,56.49
C00219,O001272,P0148,2025-01-26 11:15:00,1,18.81,18.81
C00219,O001272,P0061,2025-01-26 11:15:00,2,7.59,15.18
C00521,O002732,P0004,2025-01-26 14:30:00,2,33.39,66.78
C00277,O002241,P0046,2025-01-26 16:37:00,2,22.81,45.62
C00277,O002241,P0094,2025-01-26 16:37:00,1,18.33,18.33
C00277,O002241,P0176,2025-01-26 16:37:00,1,22.99,22.99
C00142,O002990,P0053,2025-01-26 18:01:00,1,9.41,9.41
C00142,O002990,P0076,2025-01-26 18:01:00,3,31.86,95.58
C00142,O002990,P0022,2025-01-26 18:01:00,2,14.26,28.52
C00204,O000111,P0174,2025-01-26 19:16:00,2,10.65,21.3
C00204,O000111,P0094,2025-01-26 19:16:00,1,19.97,19.97
C00348,O000603,P0070,2025-01-26 20:29:00,1,16.28,16.28
C00348,O000603,P0107,2025-01-26 20:29:00,1,12.78,12.78
C00312,O000193,P0165,2025-01-26 21:30:00,2,30.74,61.48
C00429,O001386,P0120,2025-01-27 10:19:00,1,17.73,17.73
C00578,O001906,P0219,2025-01-27 17:10:00,2,17.63,35.26
C00043,O000058,P0053,2025-01-27 20:55:00,3,10.01,30.03
C00339,O002348,P0092,2025-01-27 21:36:00,2,20.41,40.82
C00247,O003106,P0202,2025-01-27 21:41:00,3,41.99,125.97
C00247,O003106,P0051,2025-01-27 21:41:00,1,23.64,23.64
C00266,O000782,P0044,2025-01-27 22:13:00,2,20.16,40.32
C00266,O000782,P0067,2025-01-27 22:13:00,1,17.44,17.44
C00271,O002004,P0044,2025-01-28 10:00:00,1,20.26,20.26
C00271,O002004,P0077,2025-01-28 10:00:00,1,16.12,16.12
C00365,O003028,P0111,2025-01-28 16:43:00,1,26.74,26.74
C00365,O003028,P0218,2025-01-28 16:43:00,2,50.14,100.28
C00365,O003028,P0038,2025-01-28 16:43:00,1,14.37,14.37
C00365,O003028,P0137,2025-01-28 16:43:00,2,24.89,49.78
C00595,O000641,P0190,2025-01-29 10:18:00,1,50.16,50.16
C00595,O000641,P0167,2025-01-29 10:18:00,1,36.8,36.8
C00595,O000641,P0143,2025-01-29 10:18:00,1,6.95,6.95
C00455,O000137,P0127,2025-01-29 12:55:00,4,38.49,153.96
C00377,O002882,P0098,2025-01-29 13:37:00,1,10.69,10.69
C00377,O002882,P0053,2025-01-29 13:37:00,1,8.12,8.12
C00377,O002882,P0014,2025-01-29 13:37:00,1,33.44,33.44
C00306,O001994,P0137,2025-01-29 19:29:00,1,21.83,21.83
C00059,O002243,P0132,2025-01-29 21:55:00,1,9.78,9.78
C00067,O001368,P0019,2025-01-30 09:36:00,2,34.94,69.88
C00067,O001368,P0178,2025-01-30 09:36:00,1,22.25,22.25
C00467,O002924,P0220,2025-01-30 10:21:00,2,14.52,29.04
C00467,O002924,P0102,2025-01-30 10:21:00,3,36.13,108.39
C00216,O001952,P0195,2025-01-30 15:09:00,2,12.08,24.16
C00216,O001952,P0192,2025-01-30 15:09:00,1,18.16,18.16
C00590,O003347,P0004,2025-01-30 16:57:00,1,34.79,34.79
C00558,O002350,P0127,2025-01-30 20:11:00,2,38.59,77.18
C00263,O000684,P0200,2025-01-30 20:38:00,1,17.69,17.69
C00263,O000684,P0065,2025-01-30 20:38:00,1,28.86,28.86
C00429,O001586,P0152,2025-01-31 08:02:00,1,11.44,11.44
C00429,O001586,P0181,2025-01-31 08:02:00,4,43.14,172.56
C00057,O000966,P0075,2025-01-31 08:07:00,1,22.64,22.64
C00277,O000286,P0120,2025-01-31 08:17:00,1,16.28,16.28
C00224,O001606,P0073,2025-01-31 08:41:00,2,12.38,24.76
C00224,O001606,P0055,2025-01-31 08:41:00,2,15.79,31.58
C00482,O000326,P0091,2025-01-31 11:15:00,4,32.32,129.28
C00482,O000326,P0075,2025-01-31 11:15:00,1,20.2,20.2
C00035,O000005,P0092,2025-01-31 12:27:00,2,18.62,37.24
C00255,O001836,P0202,2025-01-31 15:06:00,4,43.62,174.48
C00171,O001894,P0202,2025-01-31 18:58:00,1,43.54,43.54
C00041,O003060,P0137,2025-01-31 21:10:00,1,23.67,23.67
C00041,O003060,P0061,2025-01-31 21:10:00,2,8.77,17.54
C00412,O000748,P0106,2025-02-01 08:34:00,2,16.31,32.62
C00412,O000748,P0053,2025-02-01 08:34:00,2,9.42,18.84
C00596,O001940,P0129,2025-02-01 09:12:00,3,15.13,45.39
C00091,O003587,P0052,2025-02-01 10:18:00,2,32.12,64.24
C00271,O000718,P0100,2025-02-01 10:32:00,5,12.94,64.7
C00383,O001411,P0100,2025-02-01 15:56:00,1,10.58,10.58
C00383,O001411,P0101,2025-02-01 15:56:00,1,15.64,15.64
C00383,O001411,P0091,2025-02-01 15:56:00,1,26.72,26.72
C00527,O000085,P0103,2025-02-01 17:41:00,1,18.1,18.1
C00410,O000074,P0103,2025-02-01 22:01:00,1,17.92,17.92
C00026,O001950,P0076,2025-02-02 08:57:00,1,25.9,25.9
C00026,O001950,P0197,2025-02-02 08:57:00,3,29.84,89.52
C00026,O001950,P0024,2025-02-02 08:57:00,1,19.11,19.11
C00516,O003096,P0025,2025-02-02 10:12:00,1,14.05,14.05
C00516,O003096,P0093,2025-02-02 10:12:00,1,14.92,14.92
C00516,O003096,P0044,2025-02-02 10:12:00,4,21.17,84.68
C00388,O001799,P0024,2025-02-02 10:18:00,3,18.63,55.89
C00388,O001799,P0200,2025-02-02 10:18:00,4,16.85,67.4
C00388,O001799,P0202,2025-02-02 10:18:00,2,44.83,89.66
C00078,O003131,P0202,2025-02-02 11:08:00,1,47.86,47.86
C00317,O000001,P0048,2025-02-02 12:55:00,4,24.77,99.08
C00317,O000001,P0083,2025-02-02 12:55:00,1,15.99,15.99
C00453,O000753,P0127,2025-02-02 13:18:00,1,43.89,43.89
C00139,O001235,P0153,2025-02-02 13:53:00,2,8.16,16.32
C00139,O001235,P0181,2025-02-02 13:53:00,4,36.25,145.0
C00551,O001506,P0202,2025-02-02 15:48:00,1,45.67,45.67
C00200,O000429,P0137,2025-02-02 17:09:00,3,24.46,73.38
C00071,O002539,P0218,2025-02-02 21:36:00,1,42.75,42.75
C00051,O002006,P0053,2025-02-03 11:06:00,3,9.39,28.17
C00051,O002006,P0044,2025-02-03 11:06:00,1,20.73,20.73
C00241,O003528,P0210,2025-02-03 12:04:00,2,16.88,33.76
C00553,O003112,P0019,2025-02-03 13:26:00,1,33.75,33.75
C00229,O000289,P0044,2025-02-03 14:36:00,3,25.5,76.5
C00229,O000289,P0176,2025-02-03 14:36:00,1,21.4,21.4
C00521,O002202,P0157,2025-02-03 15:25:00,3,22.77,68.31
C00128,O000814,P0195,2025-02-03 16:12:00,2,11.42,22.84
C00168,O002602,P0143,2025-02-03 18:11:00,3,5.68,17.04
C00062,O001593,P0080,2025-02-03 20:18:00,2,17.8,35.6
C00062,O001593,P0202,2025-02-03 20:18:00,4,44.72,178.88
C00002,O002584,P0122,2025-02-03 21:45:00,4,23.26,93.04
C00077,O000116,P0218,2025-02-04 10:08:00,1,41.59,41.59
C00077,O000116,P0025,2025-02-04 10:08:00,4,16.13,64.52
C00077,O000116,P0213,2025-02-04 10:08:00,5,20.54,102.7
C00077,O000116,P0137,2025-02-04 10:08:00,1,22.21,22.21
C00342,O000185,P0054,2025-02-04 18:11:00,1,14.26,14.26
C00342,O000185,P0174,2025-02-04 18:11:00,2,9.13,18.26
C00430,O002491,P0091,2025-02-04 19:07:00,1,29.2,29.2
C00430,O002491,P0017,2025-02-04 19:07:00,3,26.67,80.01
C00584,O000128,P0066,2025-02-05 19:05:00,3,29.44,88.32
C00584,O000128,P0137,2025-02-05 19:05:00,3,26.25,78.75
C00578,O001237,P0075,2025-02-05 21:52:00,1,20.52,20.52
C00578,O001237,P0049,2025-02-05 21:52:00,1,28.15,28.15
C00171,O001066,P0166,2025-02-06 13:09:00,1,10.42,10.42
C00526,O002889,P0176,2025-02-06 17:03:00,2,23.48,46.96
C00526,O002889,P0103,2025-02-06 17:03:00,1,17.17,17.17
C00526,O002889,P0133,2025-02-06 17:03:00,4,30.47,121.88
C00036,O001280,P0103,2025-02-06 21:19:00,3,17.59,52.77
C00408,O000729,P0213,2025-02-06 22:53:00,2,21.52,43.04
C00316,O002772,P0067,2025-02-07 16:21:00,2,18.56,37.12
C00021,O003300,P0072,2025-02-07 21:15:00,1,9.65,9.65
C00309,O000017,P0185,2025-02-08 09:57:00,2,23.48,46.96
C00309,O000017,P0038,2025-02-08 09:57:00,4,11.05,44.2
C00527,O001335,P0091,2025-02-08 10:14:00,1,31.32,31.32
C00493,O001078,P0094,2025-02-08 12:03:00,2,17.7,35.4
C00493,O001078,P0044,2025-02-08 12:03:00,3,21.51,64.53
C00162,O000726,P0137,2025-02-08 13:17:00,2,23.83,47.66
C00191,O000518,P0103,2025-02-08 18:52:00,2,18.23,36.46
C00048,O002575,P0087,2025-02-09 08:09:00,1,16.89,16.89
C00048,O002575,P0053,2025-02-09 08:09:00,2,9.2,18.4
C00188,O002801,P0004,2025-02-09 11:59:00,1,33.6,33.6
C00188,O002801,P0093,2025-02-09 11:59:00,1,16.26,16.26
C00209,O003412,P0171,2025-02-09 12:29:00,3,14.18,42.54
C00209,O003412,P0204,2025-02-09 12:29:00,3,30.96,92.88
C00209,O003412,P0220,2025-02-09 12:29:00,3,11.69,35.07
C00355,O003054,P0137,2025-02-09 16:41:00,2,22.36,44.72
C00437,O000456,P0189,2025-02-09 22:40:00,2,9.48,18.96
C00552,O000992,P0215,2025-02-10 08:18:00,1,15.18,15.18
C00552,O000992,P0176,2025-02-10 08:18:00,1,19.14,19.14
C00050,O000890,P0076,2025-02-10 21:21:00,3,29.28,87.84
C00050,O000890,P0176,2025-02-10 21:21:00,5,22.0,110.0
C00050,O000890,P0127,2025-02-10 21:21:00,5,40.08,200.4
C00050,O000890,P0168,2025-02-10 21:21:00,2,24.48,48.96
C00033,O000530,P0066,2025-02-10 21:47:00,1,30.94,30.94
C00060,O002750,P0079,2025-02-10 22:33:00,5,29.08,145.4
C00060,O002750,P0137,2025-02-10 22:33:00,3,23.34,70.02
C00060,O002750,P0053,2025-02-10 22:33:00,1,9.34,9.34
C00060,O002750,P0199,2025-02-10 22:33:00,1,21.42,21.42
C00289,O001420,P0133,2025-02-11 08:14:00,2,29.55,59.1
C00287,O000947,P0004,2025-02-11 10:06:00,1,40.35,40.35
C00216,O002268,P0028,2025-02-11 10:30:00,1,28.41,28.41
C00568,O001676,P0171,2025-02-11 13:19:00,1,15.25,15.25
C00568,O001676,P0001,2025-02-11 13:19:00,2,21.75,43.5
C00578,O003539,P0051,2025-02-11 14:15:00,1,23.79,23.79
C00578,O003539,P0213,2025-02-11 14:15:00,1,19.23,19.23
C00386,O003426,P0076,2025-02-11 14:38:00,1,32.04,32.04
C00386,O003426,P0073,2025-02-11 14:38:00,1,13.48,13.48
C00386,O003426,P0129,2025-02-11 14:38:00,1,12.82,12.82
C00386,O003426,P0125,2025-02-11 14:38:00,1,29.42,29.42
C00025,O002987,P0047,2025-02-11 16:30:00,2,34.15,68.3
C00455,O003297,P0143,2025-02-11 17:47:00,2,5.45,10.9
C00455,O003297,P0176,2025-02-11 17:47:00,2,22.32,44.64
C00455,O003297,P0189,2025-02-11 17:47:00,3,10.09,30.27
C00455,O003297,P0043,2025-02-11 17:47:00,3,15.07,45.21
C00306,O002999,P0204,2025-02-11 21:40:00,4,27.47,109.88
C00306,O002999,P0110,2025-02-11 21:40:00,2,7.56,15.12
C00455,O001977,P0202,2025-02-12 08:47:00,1,39.4,39.4
C00455,O001977,P0091,2025-02-12 08:47:00,3,27.71,83.13
C00455,O001977,P0096,2025-02-12 08:47:00,1,7.98,7.98
C00500,O003161,P0176,2025-02-12 09:41:00,1,22.47,22.47
C00309,O000572,P0214,2025-02-12 16:37:00,1,14.94,14.94
C00082,O000384,P0061,2025-02-13 08:00:00,3,7.82,23.46
C00120,O001508,P0163,2025-02-13 19:19:00,1,60.38,60.38
C00538,O000295,P0111,2025-02-14 09:54:00,2,26.15,52.3
C00348,O001277,P0061,2025-02-14 10:29:00,1,7.59,7.59
C00348,O001277,P0075,2025-02-14 10:29:00,3,22.84,68.52
C00263,O000404,P0157,2025-02-14 12:18:00,1,20.58,20.58
C00482,O001437,P0015,2025-02-14 12:26:00,3,28.41,85.23
C00482,O001437,P0177,2025-02-14 12:26:00,2,39.89,79.78
C00482,O001437,P0090,2025-02-14 12:26:00,3,24.55,73.65
C00340,O002578,P0165,2025-02-14 13:09:00,1,34.23,34.23
C00412,O001033,P0107,2025-02-14 15:12:00,2,11.25,22.5
C00412,O001033,P0218,2025-02-14 15:12:00,1,41.31,41.31
C00412,O001033,P0200,2025-02-14 15:12:00,1,19.28,19.28
C00235,O003371,P0103,2025-02-14 16:09:00,1,15.43,15.43
C00235,O003371,P0062,2025-02-14 16:09:00,1,14.56,14.56
C00517,O001398,P0067,2025-02-14 18:15:00,1,16.3,16.3
C00517,O001398,P0140,2025-02-14 18:15:00,1,108.64,108.64
C00460,O002521,P0172,2025-02-14 20:42:00,2,25.9,51.8
C00040,O001100,P0036,2025-02-14 21:21:00,1,40.33,40.33
C00566,O003289,P0133,2025-02-14 22:58:00,3,29.94,89.82
C00446,O002034,P0139,2025-02-15 10:31:00,1,57.65,57.65
C00201,O000220,P0044,2025-02-15 15:10:00,2,22.89,45.78
C00101,O000309,P0128,2025-02-15 17:58:00,2,10.84,21.68
C00040,O002713,P0127,2025-02-15 20:03:00,2,47.55,95.1
C00040,O002713,P0071,2025-02-15 20:03:00,1,10.31,10.31
C00014,O003165,P0023,2025-02-16 12:50:00,1,41.63,41.63
C00580,O001340,P0213,2025-02-16 17:39:00,3,20.72,62.16
C00580,O001340,P0130,2025-02-16 17:39:00,2,13.38,26.76
C00580,O001340,P0220,2025-02-16 17:39:00,1,13.76,13.76
C00340,O001552,P0100,2025-02-16 17:56:00,1,10.8,10.8
C00379,O002979,P0196,2025-02-16 18:27:00,2,11.79,23.58
C00295,O003490,P0135,2025-02-17 09:31:00,4,8.78,35.12
C00295,O003490,P0083,2025-02-17 09:31:00,3,15.47,46.41
C00575,O000504,P0190,2025-02-17 13:36:00,1,47.85,47.85
C00083,O002169,P0125,2025-02-17 17:06:00,2,34.99,69.98
C00083,O002169,P0034,2025-02-17 17:06:00,1,13.6,13.6
C00083,O002169,P0004,2025-02-17 17:06:00,1,31.4,31.4
C00083,O002169,P0214,2025-02-17 17:06:00,1,13.34,13.34
C00424,O000978,P0169,2025-02-17 17:39:00,1,20.52,20.52
C00424,O000978,P0172,2025-02-17 17:39:00,3,26.92,80.76
C00472,O002175,P0166,2025-02-17 20:04:00,1,12.59,12.59
C00303,O000158,P0052,2025-02-17 20:20:00,3,26.07,78.21
C00536,O002138,P0091,2025-02-17 21:22:00,2,28.98,57.96
C00573,O000461,P0071,2025-02-18 09:33:00,2,9.54,19.08
C00394,O002378,P0004,2025-02-18 13:40:00,1,33.7,33.7
C00072,O002604,P0043,2025-02-18 14:53:00,3,14.06,42.18
C00554,O001599,P0126,2025-02-19 13:28:00,3,21.46,64.38
C00526,O000284,P0051,2025-02-19 18:31:00,1,24.35,24.35
C00526,O000284,P0148,2025-02-19 18:31:00,1,16.33,16.33
C00526,O000284,P0019,2025-02-19 18:31:00,2,30.76,61.52
C00312,O001832,P0197,2025-02-19 19:37:00,1,27.7,27.7
C00248,O000222,P0157,2025-02-19 22:25:00,3,21.01,63.03
C00389,O000062,P0181,2025-02-21 17:43:00,2,38.69,77.38
C00389,O000062,P0137,2025-02-21 17:43:00,1,24.36,24.36
C00219,O000784,P0202,2025-02-21 20:02:00,1,47.2,47.2
C00455,O000143,P0087,2025-02-21 20:33:00,1,17.78,17.78
C00455,O000143,P0075,2025-02-21 20:33:00,1,23.03,23.03
C00249,O000477,P0094,2025-02-22 09:19:00,2,21.06,42.12
C00091,O002335,P0168,2025-02-22 10:40:00,1,24.1,24.1
C00571,O002094,P0141,2025-02-22 17:37:00,1,26.24,26.24
C00571,O002094,P0211,2025-02-22 17:37:00,1,31.92,31.92
C00413,O000666,P0019,2025-02-22 19:41:00,1,34.95,34.95
C00332,O000896,P0202,2025-02-23 08:38:00,1,50.18,50.18
C00332,O000896,P0112,2025-02-23 08:38:00,1,20.62,20.62
C00332,O000896,P0082,2025-02-23 08:38:00,4,14.65,58.6
C00332,O000896,P0196,2025-02-23 08:38:00,2,10.68,21.36
C00086,O000626,P0202,2025-02-23 16:38:00,2,41.12,82.24
C00086,O000626,P0022,2025-02-23 16:38:00,4,14.31,57.24
C00086,O000626,P0157,2025-02-23 16:38:00,1,22.11,22.11
C00086,O000626,P0143,2025-02-23 16:38:00,1,5.99,5.99
C00536,O001432,P0076,2025-02-23 16:59:00,1,33.3,33.3
C00536,O001432,P0176,2025-02-23 16:59:00,5,21.12,105.6
C00536,O001432,P0059,2025-02-23 16:59:00,2,10.64,21.28
C00060,O001263,P0111,2025-02-23 17:41:00,1,26.06,26.06
C00060,O001263,P0124,2025-02-23 17:41:00,2,41.61,83.22
C00104,O001714,P0090,2025-02-23 20:24:00,2,23.46,46.92
C00104,O001714,P0032,2025-02-23 20:24:00,4,15.76,63.04
C00104,O001714,P0218,2025-02-23 20:24:00,2,38.82,77.64
C00294,O001548,P0083,2025-02-23 21:50:00,5,16.69,83.45
C00270,O000935,P0203,2025-02-24 08:18:00,1,21.86,21.86
C00325,O003436,P0202,2025-02-24 13:51:00,2,44.86,89.72
C00325,O003436,P0214,2025-02-24 13:51:00,1,14.92,14.92
C00040,O002613,P0067,2025-02-24 22:11:00,1,15.07,15.07
C00060,O001986,P0139,2025-02-25 10:36:00,1,63.25,63.25
C00060,O001986,P0073,2025-02-25 10:36:00,3,12.52,37.56
C00079,O003075,P0143,2025-02-25 13:31:00,4,6.33,25.32
C00249,O001498,P0133,2025-02-25 13:55:00,3,30.7,92.1
C00210,O000711,P0210,2025-02-25 17:39:00,1,19.13,19.13
C00130,O001646,P0066,2025-02-25 18:00:00,3,29.17,87.51
C00356,O002474,P0083,2025-02-25 20:43:00,4,16.1,64.4
C00387,O003344,P0046,2025-02-26 08:29:00,1,21.13,21.13
C00402,O003312,P0202,2025-02-26 08:31:00,1,46.18,46.18
C00402,O003312,P0067,2025-02-26 08:31:00,4,18.05,72.2
C00358,O000560,P0137,2025-02-26 11:47:00,1,23.1,23.1
C00419,O001654,P0168,2025-02-26 18:21:00,1,25.23,25.23
C00011,O000436,P0176,2025-02-26 19:04:00,4,22.47,89.88
C00369,O001996,P0202,2025-02-27 13:47:00,1,47.88,47.88
C00337,O001521,P0092,2025-02-27 22:24:00,2,18.82,37.64
C00181,O003223,P0200,2025-02-28 08:04:00,2,17.63,35.26
C00181,O003223,P0196,2025-02-28 08:04:00,2,12.81,25.62
C00533,O000435,P0084,2025-02-28 10:59:00,1,16.66,16.66
C00533,O000435,P0197,2025-02-28 10:59:00,2,30.05,60.1
C00168,O003050,P0053,2025-02-28 11:35:00,2,9.01,18.02
C00408,O000048,P0130,2025-02-28 11:52:00,1,12.45,12.45
C00071,O001841,P0015,2025-02-28 16:45:00,4,25.48,101.92
C00337,O003245,P0108,2025-02-28 17:18:00,2,17.59,35.18
C00150,O000692,P0137,2025-02-28 19:50:00,1,21.73,21.73
C00150,O000692,P0010,2025-02-28 19:50:00,1,12.01,12.01
C00023,O002188,P0087,2025-02-28 20:18:00,1,17.28,17.28
C00023,O002188,P0025,2025-02-28 20:18:00,1,15.15,15.15
C00072,O002891,P0107,2025-02-28 22:14:00,2,11.99,23.98
C00401,O002003,P0088,2025-03-01 11:09:00,2,19.34,38.68
C00401,O002003,P0202,2025-03-01 11:09:00,4,42.46,169.84
C00223,O002020,P0075,2025-03-01 13:35:00,1,23.89,23.89
C00068,O000941,P0076,2025-03-01 17:56:00,1,25.85,25.85
C00168,O000547,P0093,2025-03-01 20:20:00,1,16.21,16.21
C00011,O001448,P0101,2025-03-02 08:54:00,1,15.69,15.69
C00011,O001448,P0002,2025-03-02 08:54:00,2,12.58,25.16
C00011,O001448,P0091,2025-03-02 08:54:00,2,31.77,63.54
C00125,O002615,P0093,2025-03-02 08:54:00,3,14.98,44.94
C00125,O002615,P0055,2025-03-02 08:54:00,2,14.49,28.98
C00011,O001448,P0194,2025-03-02 08:54:00,3,49.3,147.9
C00144,O001794,P0157,2025-03-02 09:43:00,2,22.69,45.38
C00136,O001998,P0022,2025-03-02 13:10:00,1,11.65,11.65
C00476,O000793,P0045,2025-03-02 15:13:00,1,20.8,20.8
C00004,O000873,P0090,2025-03-02 20:21:00,1,24.99,24.99
C00004,O000873,P0133,2025-03-02 20:21:00,3,26.44,79.32
C00005,O003357,P0210,2025-03-02 21:03:00,3,16.89,50.67
C00274,O001130,P0091,2025-03-03 14:13:00,1,25.35,25.35
C00399,O003124,P0185,2025-03-03 22:15:00,4,22.01,88.04
C00399,O003124,P0091,2025-03-03 22:15:00,1,28.46,28.46
C00223,O001106,P0066,2025-03-04 08:00:00,1,30.93,30.93
C00223,O001106,P0080,2025-03-04 08:00:00,3,17.3,51.9
C00219,O000238,P0025,2025-03-04 12:38:00,1,16.53,16.53
C00266,O000610,P0125,2025-03-04 13:43:00,1,31.88,31.88
C00167,O003287,P0073,2025-03-04 13:54:00,4,12.63,50.52
C00187,O002906,P0075,2025-03-04 14:22:00,2,19.03,38.06
C00138,O002565,P0171,2025-03-04 22:03:00,2,13.15,26.3
C00138,O002565,P0092,2025-03-04 22:03:00,2,21.24,42.48
C00138,O002565,P0135,2025-03-04 22:03:00,2,8.89,17.78
C00521,O001513,P0176,2025-03-05 08:11:00,4,22.47,89.88
C00054,O002288,P0032,2025-03-05 10:48:00,2,15.26,30.52
C00054,O002288,P0196,2025-03-05 10:48:00,1,12.29,12.29
C00054,O002288,P0025,2025-03-05 10:48:00,1,16.17,16.17
C00054,O002288,P0170,2025-03-05 10:48:00,3,17.32,51.96
C00521,O003525,P0209,2025-03-05 11:06:00,3,12.31,36.93
C00448,O000534,P0170,2025-03-06 11:08:00,2,21.78,43.56
C00302,O000555,P0073,2025-03-06 14:46:00,1,13.44,13.44
C00302,O000555,P0101,2025-03-06 14:46:00,2,15.96,31.92
C00302,O000555,P0188,2025-03-06 14:46:00,1,8.56,8.56
C00045,O002099,P0044,2025-03-06 15:16:00,1,23.72,23.72
C00330,O000202,P0188,2025-03-06 17:16:00,1,10.75,10.75
C00582,O000593,P0213,2025-03-07 08:23:00,1,19.96,19.96
C00176,O000152,P0186,2025-03-07 09:19:00,3,52.55,157.65
C00120,O003146,P0170,2025-03-07 13:25:00,3,19.0,57.0
C00120,O003146,P0106,2025-03-07 13:25:00,1,19.03,19.03
C00026,O001243,P0213,2025-03-07 16:22:00,2,19.25,38.5
C00026,O001243,P0130,2025-03-07 16:22:00,2,13.17,26.34
C00076,O000303,P0075,2025-03-08 09:13:00,3,20.4,61.2
C00401,O002347,P0066,2025-03-08 13:23:00,3,32.46,97.38
C00401,O002347,P0053,2025-03-08 13:23:00,1,9.13,9.13
C00294,O000564,P0088,2025-03-08 21:58:00,1,19.33,19.33
C00376,O000734,P0214,2025-03-09 12:57:00,2,16.63,33.26
C00262,O000525,P0088,2025-03-09 14:18:00,2,17.17,34.34
C00262,O000525,P0137,2025-03-09 14:18:00,1,26.62,26.62
C00262,O000525,P0119,2025-03-09 14:18:00,4,57.2,228.8
C00043,O001267,P0042,2025-03-09 18:12:00,2,30.48,60.96
C00043,O001267,P0073,2025-03-09 18:12:00,2,11.74,23.48
C00043,O001267,P0203,2025-03-09 18:12:00,1,22.86,22.86
C00496,O003434,P0103,2025-03-09 22:45:00,1,17.05,17.05
C00496,O003434,P0090,2025-03-09 22:45:00,1,30.13,30.13
C00496,O003434,P0210,2025-03-09 22:45:00,2,16.5,33.0
C00201,O000755,P0133,2025-03-10 10:20:00,1,31.88,31.88
C00201,O000755,P0093,2025-03-10 10:20:00,2,15.29,30.58
C00201,O000755,P0129,2025-03-10 10:20:00,2,13.51,27.02
C00201,O000755,P0153,2025-03-10 10:20:00,3,7.28,21.84
C00564,O003372,P0034,2025-03-10 11:33:00,3,12.6,37.8
C00038,O000466,P0144,2025-03-10 16:40:00,1,24.71,24.71
C00066,O000160,P0073,2025-03-10 17:39:00,1,11.65,11.65
C00285,O002544,P0137,2025-03-11 15:52:00,2,24.37,48.74
C00536,O002228,P0103,2025-03-11 17:26:00,1,17.04,17.04
C00194,O001609,P0100,2025-03-11 19:15:00,2,11.74,23.48
C00010,O001343,P0076,2025-03-11 19:29:00,1,29.64,29.64
C00492,O003202,P0148,2025-03-11 20:34:00,4,19.23,76.92
C00039,O002355,P0214,2025-03-12 09:05:00,1,17.07,17.07
C00329,O001114,P0042,2025-03-12 12:20:00,2,26.62,53.24
C00146,O001187,P0075,2025-03-12 14:02:00,1,20.46,20.46
C00370,O002605,P0077,2025-03-12 14:25:00,1,19.19,19.19
C00370,O002605,P0187,2025-03-12 14:25:00,3,20.94,62.82
C00422,O000586,P0033,2025-03-12 20:53:00,2,14.76,29.52
C00422,O000586,P0213,2025-03-12 20:53:00,2,18.78,37.56
C00138,O002385,P0076,2025-03-12 20:56:00,4,31.46,125.84
C00411,O002029,P0083,2025-03-12 20:58:00,3,16.35,49.05
C00467,O002671,P0204,2025-03-12 21:34:00,1,23.36,23.36
C00009,O002199,P0143,2025-03-13 15:25:00,2,6.04,12.08
C00009,O002199,P0137,2025-03-13 15:25:00,1,25.56,25.56
C00009,O002199,P0075,2025-03-13 15:25:00,4,22.57,90.28
C00122,O000500,P0055,2025-03-13 16:26:00,2,15.82,31.64
C00538,O001874,P0137,2025-03-13 18:54:00,1,22.62,22.62
C00168,O000843,P0151,2025-03-13 20:01:00,2,18.64,37.28
C00184,O000428,P0060,2025-03-13 21:39:00,3,38.78,116.34
C00184,O000428,P0096,2025-03-13 21:39:00,1,8.43,8.43
C00262,O000486,P0038,2025-03-14 09:45:00,3,12.65,37.95
C00342,O003346,P0210,2025-03-14 11:06:00,1,14.65,14.65
C00112,O002854,P0068,2025-03-14 13:36:00,2,16.29,32.58
C00330,O001355,P0214,2025-03-14 13:47:00,2,13.13,26.26
C00330,O001355,P0100,2025-03-14 13:47:00,5,10.89,54.45
C00330,O001355,P0077,2025-03-14 13:47:00,1,17.32,17.32
C00330,O001355,P0124,2025-03-14 13:47:00,2,44.99,89.98
C00542,O000642,P0166,2025-03-14 13:52:00,1,12.58,12.58
C00542,O000642,P0044,2025-03-14 13:52:00,2,23.8,47.6
C00582,O003399,P0125,2025-03-14 20:54:00,2,36.47,72.94
C00059,O001389,P0103,2025-03-15 15:47:00,1,17.6,17.6
C00059,O001389,P0019,2025-03-15 15:47:00,4,31.2,124.8
C00144,O000132,P0137,2025-03-16 10:59:00,1,23.78,23.78
C00144,O000132,P0003,2025-03-16 10:59:00,1,29.11,29.11
C00098,O000607,P0025,2025-03-16 14:20:00,2,17.08,34.16
C00098,O000607,P0195,2025-03-16 14:20:00,3,12.02,36.06
C00580,O000707,P0210,2025-03-16 19:45:00,2,15.66,31.32
C00580,O000707,P0196,2025-03-16 19:45:00,1,13.11,13.11
C00580,O000707,P0152,2025-03-16 19:45:00,1,10.67,10.67
C00142,O002915,P0075,2025-03-16 21:52:00,3,19.84,59.52
C00031,O000795,P0038,2025-03-17 08:10:00,2,12.62,25.24
C00031,O000795,P0180,2025-03-17 08:10:00,1,21.57,21.57
C00517,O002748,P0159,2025-03-17 11:59:00,3,14.94,44.82
C00245,O001311,P0129,2025-03-17 12:29:00,1,13.81,13.81
C00123,O002077,P0038,2025-03-17 12:29:00,1,12.0,12.0
C00123,O002077,P0064,2025-03-17 12:29:00,1,31.93,31.93
C00554,O001861,P0088,2025-03-17 14:35:00,2,19.82,39.64
C00521,O001291,P0062,2025-03-17 21:03:00,4,17.7,70.8
C00558,O001254,P0092,2025-03-18 17:21:00,1,20.78,20.78
C00011,O001501,P0078,2025-03-19 10:36:00,2,23.47,46.94
C00417,O003595,P0128,2025-03-19 12:57:00,3,7.34,22.02
C00571,O003227,P0143,2025-03-19 13:54:00,1,6.09,6.09
C00571,O003227,P0137,2025-03-19 13:54:00,1,22.49,22.49
C00571,O003227,P0165,2025-03-19 13:54:00,2,33.02,66.04
C00121,O000457,P0044,2025-03-19 17:33:00,1,19.97,19.97
C00076,O001725,P0139,2025-03-19 17:59:00,2,58.3,116.6
C00076,O001725,P0200,2025-03-19 17:59:00,2,16.69,33.38
C00473,O003264,P0180,2025-03-19 20:15:00,2,23.83,47.66
C00473,O003264,P0220,2025-03-19 20:15:00,2,14.95,29.9
C00337,O000267,P0033,2025-03-19 20:54:00,4,14.32,57.28
C00388,O003170,P0202,2025-03-19 21:24:00,4,46.08,184.32
C00541,O001672,P0073,2025-03-19 21:44:00,3,11.19,33.57
C00541,O001672,P0156,2025-03-19 21:44:00,4,55.08,220.32
C00090,O000856,P0075,2025-03-20 13:33:00,2,20.2,40.4
C00493,O001927,P0091,2025-03-20 14:22:00,1,31.99,31.99
C00493,O001927,P0128,2025-03-20 14:22:00,1,10.14,10.14
C00225,O000027,P0067,2025-03-20 16:33:00,3,16.96,50.88
C00225,O000027,P0214,2025-03-20 16:33:00,3,15.01,45.03
C00588,O001487,P0146,2025-03-20 19:14:00,1,16.46,16.46
C00435,O000739,P0176,2025-03-20 20:04:00,1,22.39,22.39
C00249,O000999,P0044,2025-03-20 21:42:00,1,21.28,21.28
C00249,O000999,P0118,2025-03-20 21:42:00,2,20.03,40.06
C00249,O000999,P0133,2025-03-20 21:42:00,2,27.79,55.58
C00539,O002092,P0101,2025-03-21 10:57:00,3,15.32,45.96
C00117,O002227,P0132,2025-03-21 14:31:00,1,9.47,9.47
C00023,O000848,P0137,2025-03-21 14:41:00,1,23.38,23.38
C00171,O002719,P0127,2025-03-21 20:38:00,1,46.17,46.17
C00171,O002719,P0137,2025-03-21 20:38:00,2,24.23,48.46
C00578,O000741,P0110,2025-03-21 22:58:00,2,7.74,15.48
C00578,O000741,P0079,2025-03-21 22:58:00,1,32.57,32.57
C00404,O001049,P0166,2025-03-22 12:05:00,1,11.35,11.35
C00115,O002592,P0137,2025-03-22 12:28:00,2,24.95,49.9
C00419,O003066,P0196,2025-03-22 15:27:00,1,12.56,12.56
C00419,O003066,P0085,2025-03-22 15:27:00,1,10.29,10.29
C00307,O001404,P0052,2025-03-22 17:16:00,2,29.07,58.14
C00001,O000187,P0114,2025-03-22 17:58:00,3,9.31,27.93
C00230,O002481,P0004,2025-03-22 18:22:00,3,29.92,89.76
C00572,O000824,P0094,2025-03-22 22:13:00,4,19.19,76.76
C00271,O000173,P0211,2025-03-23 08:39:00,1,40.43,40.43
C00152,O000199,P0076,2025-03-23 10:15:00,4,32.57,130.28
C00152,O000199,P0137,2025-03-23 10:15:00,2,26.05,52.1
C00573,O001063,P0088,2025-03-23 20:29:00,4,20.97,83.88
C00424,O000125,P0031,2025-03-23 21:10:00,2,73.59,147.18
C00589,O000365,P0079,2025-03-24 11:23:00,2,26.54,53.08
C00307,O001385,P0048,2025-03-24 12:14:00,1,22.32,22.32
C00322,O001189,P0048,2025-03-24 13:53:00,3,20.55,61.65
C00322,O001189,P0202,2025-03-24 13:53:00,1,47.55,47.55
C00322,O001189,P0067,2025-03-24 13:53:00,4,15.89,63.56
C00322,O001189,P0061,2025-03-24 13:53:00,4,7.63,30.52
C00150,O000126,P0044,2025-03-24 15:03:00,2,21.79,43.58
C00527,O001069,P0214,2025-03-24 16:34:00,1,15.51,15.51
C00527,O001069,P0074,2025-03-24 16:34:00,2,26.54,53.08
C00595,O003248,P0122,2025-03-24 17:51:00,1,23.06,23.06
C00595,O003248,P0100,2025-03-24 17:51:00,2,12.14,24.28
C00595,O003248,P0141,2025-03-24 17:51:00,2,23.45,46.9
C00446,O002037,P0130,2025-03-25 09:59:00,4,12.5,50.0
C00446,O002037,P0202,2025-03-25 09:59:00,2,41.02,82.04
C00285,O003530,P0025,2025-03-25 15:12:00,2,15.3,30.6
C00285,O003530,P0140,2025-03-25 15:12:00,1,97.36,97.36
C00527,O003579,P0152,2025-03-25 15:42:00,1,10.78,10.78
C00527,O003579,P0053,2025-03-25 15:42:00,1,9.29,9.29
C00039,O000430,P0051,2025-03-25 17:18:00,1,19.88,19.88
C00435,O001472,P0132,2025-03-25 19:47:00,1,9.08,9.08
C00435,O001472,P0022,2025-03-25 19:47:00,1,14.19,14.19
C00435,O001472,P0175,2025-03-25 19:47:00,1,10.36,10.36
C00330,O001650,P0200,2025-03-26 09:37:00,1,16.84,16.84
C00152,O001518,P0156,2025-03-26 14:08:00,2,62.09,124.18
C00152,O001518,P0172,2025-03-26 14:08:00,1,23.94,23.94
C00355,O002487,P0194,2025-03-26 14:18:00,1,49.47,49.47
C00312,O001551,P0067,2025-03-26 16:13:00,3,16.12,48.36
C00054,O000166,P0094,2025-03-26 19:18:00,2,18.08,36.16
C00290,O001456,P0050,2025-03-26 19:38:00,5,21.23,106.15
C00262,O002027,P0067,2025-03-26 20:50:00,3,18.87,56.61
C00248,O002519,P0200,2025-03-26 22:10:00,1,17.64,17.64
C00322,O002118,P0168,2025-03-27 09:05:00,5,23.15,115.75
C00294,O002012,P0192,2025-03-27 13:39:00,2,19.11,38.22
C00117,O000302,P0135,2025-03-27 13:45:00,2,8.91,17.82
C00056,O003396,P0010,2025-03-27 15:34:00,2,11.38,22.76
C00056,O003396,P0176,2025-03-27 15:34:00,3,20.53,61.59
C00056,O003396,P0059,2025-03-27 15:34:00,1,12.81,12.81
C00492,O000495,P0168,2025-03-27 17:41:00,2,22.48,44.96
C00492,O000495,P0069,2025-03-27 17:41:00,3,32.07,96.21
C00435,O003137,P0063,2025-03-27 19:17:00,2,19.79,39.58
C00590,O001178,P0152,2025-03-27 19:48:00,1,9.07,9.07
C00590,O001178,P0218,2025-03-27 19:48:00,2,43.34,86.68
C00134,O002358,P0019,2025-03-27 22:13:00,1,33.32,33.32
C00546,O001230,P0125,2025-03-28 12:59:00,1,36.87,36.87
C00023,O002150,P0090,2025-03-28 18:55:00,2,28.35,56.7
C00023,O002150,P0218,2025-03-28 18:55:00,4,42.95,171.8
C00204,O000657,P0096,2025-03-28 20:15:00,4,9.75,39.0
C00204,O000657,P0034,2025-03-28 20:15:00,1,12.91,12.91
C00204,O000657,P0075,2025-03-28 20:15:00,1,21.61,21.61
C00235,O003103,P0176,2025-03-28 21:21:00,2,22.12,44.24
C00496,O001867,P0220,2025-03-29 14:32:00,1,14.25,14.25
C00085,O000234,P0125,2025-03-29 19:48:00,2,30.17,60.34
C00085,O000234,P0085,2025-03-29 19:48:00,4,10.54,42.16
C00501,O000374,P0202,2025-03-30 09:53:00,1,46.07,46.07
C00193,O002563,P0124,2025-03-30 11:45:00,1,40.54,40.54
C00193,O002563,P0214,2025-03-30 11:45:00,2,16.46,32.92
C00220,O001158,P0104,2025-03-30 12:17:00,4,31.84,127.36
C00220,O001158,P0094,2025-03-30 12:17:00,1,19.45,19.45
C00115,O001562,P0127,2025-03-30 15:38:00,3,45.08,135.24
C00115,O001562,P0115,2025-03-30 15:38:00,1,22.37,22.37
C00044,O001875,P0094,2025-03-30 21:29:00,1,18.33,18.33
C00133,O002088,P0106,2025-03-30 22:24:00,1,18.01,18.01
C00115,O000194,P0196,2025-03-31 12:58:00,3,12.51,37.53
C00115,O000194,P0109,2025-03-31 12:58:00,3,31.36,94.08
C00059,O001153,P0133,2025-03-31 13:43:00,1,28.0,28.0
C00059,O001153,P0168,2025-03-31 13:43:00,2,23.09,46.18
C00059,O001153,P0075,2025-03-31 13:43:00,5,20.41,102.05
C00370,O002955,P0048,2025-03-31 17:03:00,1,21.53,21.53
C00356,O000639,P0200,2025-03-31 17:22:00,2,17.99,35.98
C00348,O001601,P0213,2025-03-31 21:15:00,1,21.06,21.06
C00374,O000702,P0157,2025-03-31 22:10:00,2,18.51,37.02
C00110,O003193,P0156,2025-04-01 09:35:00,1,53.36,53.36
C00110,O003193,P0177,2025-04-01 09:35:00,1,45.34,45.34
C00125,O000405,P0170,2025-04-01 13:44:00,1,20.17,20.17
C00531,O002545,P0002,2025-04-01 14:13:00,3,10.84,32.52
C00531,O002545,P0007,2025-04-01 14:13:00,4,22.36,89.44
C00531,O002545,P0180,2025-04-01 14:13:00,4,21.33,85.32
C00203,O002834,P0065,2025-04-01 21:34:00,1,29.64,29.64
C00390,O000596,P0061,2025-04-02 08:11:00,5,8.57,42.85
C00454,O001546,P0044,2025-04-02 17:19:00,1,23.49,23.49
C00454,O001546,P0176,2025-04-02 17:19:00,1,21.93,21.93
C00331,O002989,P0087,2025-04-02 20:43:00,2,15.75,31.5
C00331,O002989,P0094,2025-04-02 20:43:00,2,16.81,33.62
C00331,O002989,P0172,2025-04-02 20:43:00,3,26.91,80.73
C00331,O002989,P0064,2025-04-02 20:43:00,3,26.16,78.48
C00463,O002507,P0075,2025-04-03 08:00:00,4,20.81,83.24
C00375,O003484,P0196,2025-04-03 22:36:00,2,12.88,25.76
C00375,O003484,P0202,2025-04-03 22:36:00,1,38.32,38.32
C00375,O003484,P0210,2025-04-03 22:36:00,2,18.16,36.32
C00375,O003484,P0166,2025-04-03 22:36:00,1,11.96,11.96
C00230,O000423,P0066,2025-04-04 09:16:00,1,30.9,30.9
C00230,O000423,P0044,2025-04-04 09:16:00,2,20.7,41.4
C00230,O000423,P0151,2025-04-04 09:16:00,1,19.03,19.03
C00144,O002618,P0123,2025-04-04 12:52:00,4,23.02,92.08
C00144,O002618,P0075,2025-04-04 12:52:00,1,21.77,21.77
C00476,O002725,P0194,2025-04-04 12:53:00,3,43.14,129.42
C00150,O002908,P0061,2025-04-04 17:17:00,5,7.59,37.95
C00150,O002908,P0025,2025-04-04 17:17:00,1,14.19,14.19
C00362,O002048,P0096,2025-04-04 17:18:00,2,9.85,19.7
C00295,O001208,P0137,2025-04-04 20:59:00,2,27.39,54.78
C00060,O002100,P0070,2025-04-04 22:10:00,3,19.98,59.94
C00060,O002100,P0075,2025-04-04 22:10:00,1,22.32,22.32
C00060,O002100,P0160,2025-04-04 22:10:00,1,11.47,11.47
C00554,O001320,P0129,2025-04-04 22:11:00,3,12.31,36.93
C00554,O001320,P0140,2025-04-04 22:11:00,1,101.66,101.66
C00373,O001394,P0196,2025-04-05 15:31:00,1,12.51,12.51
C00373,O001394,P0073,2025-04-05 15:31:00,1,12.46,12.46
C00373,O001394,P0025,2025-04-05 15:31:00,4,15.22,60.88
C00358,O001653,P0077,2025-04-05 15:55:00,1,15.12,15.12
C00358,O001653,P0175,2025-04-05 15:55:00,1,11.38,11.38
C00358,O001653,P0099,2025-04-05 15:55:00,4,23.83,95.32
C00358,O001653,P0150,2025-04-05 15:55:00,1,22.63,22.63
C00574,O001857,P0022,2025-04-05 22:00:00,3,14.23,42.69
C00493,O000876,P0202,2025-04-05 22:45:00,2,47.47,94.94
C00493,O000876,P0024,2025-04-05 22:45:00,2,19.88,39.76
C00331,O002298,P0202,2025-04-05 22:46:00,1,37.85,37.85
C00331,O002298,P0073,2025-04-05 22:46:00,4,13.37,53.48
C00054,O000218,P0060,2025-04-06 15:50:00,5,34.09,170.45
C00054,O000218,P0124,2025-04-06 15:50:00,1,40.22,40.22
C00054,O000218,P0204,2025-04-06 15:50:00,1,29.67,29.67
C00309,O001991,P0185,2025-04-06 16:58:00,2,24.97,49.94
C00138,O001571,P0137,2025-04-06 18:31:00,2,24.18,48.36
C00138,O001571,P0074,2025-04-06 18:31:00,3,24.5,73.5
C00138,O001571,P0140,2025-04-06 18:31:00,3,81.48,244.44
C00521,O001891,P0032,2025-04-06 19:30:00,1,16.36,16.36
C00580,O002442,P0152,2025-04-07 11:04:00,2,11.64,23.28
C00187,O002393,P0176,2025-04-07 17:01:00,1,18.23,18.23
C00374,O001338,P0137,2025-04-07 17:53:00,4,24.56,98.24
C00385,O002733,P0072,2025-04-07 19:12:00,3,10.72,32.16
C00385,O002733,P0054,2025-04-07 19:12:00,1,16.22,16.22
C00385,O002733,P0120,2025-04-07 19:12:00,2,18.26,36.52
C00385,O002733,P0004,2025-04-07 19:12:00,1,34.99,34.99
C00077,O000414,P0132,2025-04-07 21:12:00,5,9.29,46.45
C00102,O000396,P0158,2025-04-08 14:21:00,3,35.78,107.34
C00102,O000396,P0152,2025-04-08 14:21:00,1,10.74,10.74
C00530,O001852,P0069,2025-04-08 17:36:00,1,30.38,30.38
C00359,O000818,P0177,2025-04-08 20:46:00,2,47.78,95.56
C00165,O001071,P0101,2025-04-08 22:51:00,3,15.85,47.55
C00165,O001071,P0122,2025-04-08 22:51:00,5,23.76,118.8
C00165,O001071,P0202,2025-04-08 22:51:00,2,47.92,95.84
C00550,O001463,P0073,2025-04-09 09:12:00,2,11.81,23.62
C00067,O000743,P0079,2025-04-09 10:08:00,4,29.7,118.8
C00067,O000743,P0067,2025-04-09 10:08:00,1,15.07,15.07
C00067,O000743,P0172,2025-04-09 10:08:00,1,25.29,25.29
C00318,O001170,P0036,2025-04-09 11:10:00,1,34.98,34.98
C00493,O001527,P0088,2025-04-09 15:50:00,1,21.05,21.05
C00493,O001527,P0062,2025-04-09 15:50:00,2,17.75,35.5
C00171,O003377,P0087,2025-04-09 18:38:00,5,16.55,82.75
C00317,O003477,P0169,2025-04-09 18:55:00,1,17.54,17.54
C00317,O003477,P0044,2025-04-09 18:55:00,1,23.7,23.7
C00317,O002429,P0094,2025-04-10 11:03:00,3,19.56,58.68
C00150,O000643,P0213,2025-04-11 12:16:00,3,19.59,58.77
C00150,O000643,P0126,2025-04-11 12:16:00,1,24.01,24.01
C00002,O000827,P0162,2025-04-11 17:24:00,2,14.3,28.6
C00588,O000985,P0212,2025-04-11 18:13:00,1,10.03,10.03
C00172,O003425,P0172,2025-04-11 20:04:00,1,26.98,26.98
C00413,O002430,P0004,2025-04-12 08:28:00,2,35.69,71.38
C00412,O003295,P0097,2025-04-12 15:58:00,2,10.3,20.6
C00412,O003295,P0090,2025-04-12 15:58:00,1,24.88,24.88
C00113,O002724,P0162,2025-04-12 16:04:00,1,13.78,13.78
C00113,O002724,P0033,2025-04-12 16:04:00,4,15.93,63.72
C00441,O001281,P0165,2025-04-12 16:30:00,1,30.85,30.85
C00333,O001393,P0128,2025-04-12 16:30:00,3,11.36,34.08
C00441,O001281,P0077,2025-04-12 16:30:00,3,15.22,45.66
C00333,O001393,P0200,2025-04-12 16:30:00,1,19.4,19.4
C00293,O001269,P0142,2025-04-12 19:00:00,1,12.21,12.21
C00373,O001228,P0184,2025-04-12 20:26:00,1,39.98,39.98
C00373,O001228,P0200,2025-04-12 20:26:00,1,19.07,19.07
C00373,O001228,P0032,2025-04-12 20:26:00,1,15.54,15.54
C00243,O002276,P0215,2025-04-12 20:44:00,4,16.8,67.2
C00263,O002961,P0202,2025-04-12 22:01:00,1,42.38,42.38
C00263,O002961,P0167,2025-04-12 22:01:00,2,34.34,68.68
C00134,O002819,P0157,2025-04-13 10:35:00,1,21.7,21.7
C00134,O002819,P0202,2025-04-13 10:35:00,5,47.69,238.45
C00098,O003305,P0083,2025-04-13 13:32:00,3,13.85,41.55
C00550,O001478,P0143,2025-04-13 13:57:00,2,6.02,12.04
C00550,O001478,P0139,2025-04-13 13:57:00,1,55.82,55.82
C00550,O001478,P0128,2025-04-13 13:57:00,1,10.8,10.8
C00550,O001478,P0137,2025-04-13 13:57:00,1,24.72,24.72
C00536,O003077,P0159,2025-04-13 15:36:00,3,15.04,45.12
C00536,O003077,P0188,2025-04-13 15:36:00,3,10.03,30.09
C00357,O001903,P0156,2025-04-13 20:31:00,1,55.55,55.55
C00357,O001903,P0079,2025-04-13 20:31:00,1,31.99,31.99
C00357,O001903,P0061,2025-04-13 20:31:00,2,7.53,15.06
C00249,O000345,P0096,2025-04-13 22:19:00,1,9.51,9.51
C00335,O002684,P0182,2025-04-14 09:58:00,2,22.59,45.18
C00335,O002684,P0032,2025-04-14 09:58:00,3,16.62,49.86
C00335,O002684,P0195,2025-04-14 09:58:00,2,11.66,23.32
C00335,O002684,P0103,2025-04-14 09:58:00,1,14.73,14.73
C00197,O003564,P0075,2025-04-14 12:05:00,2,18.71,37.42
C00277,O000553,P0202,2025-04-14 18:02:00,1,41.47,41.47
C00324,O000751,P0202,2025-04-14 19:06:00,1,42.96,42.96
C00396,O001965,P0202,2025-04-14 19:19:00,2,42.11,84.22
C00512,O001765,P0215,2025-04-15 09:26:00,4,16.81,67.24
C00512,O001765,P0059,2025-04-15 09:26:00,4,13.56,54.24
C00554,O001287,P0204,2025-04-15 12:44:00,1,32.69,32.69
C00554,O001287,P0129,2025-04-15 12:44:00,1,13.57,13.57
C00554,O001287,P0091,2025-04-15 12:44:00,1,27.58,27.58
C00554,O001287,P0059,2025-04-15 12:44:00,2,13.46,26.92
C00176,O003184,P0032,2025-04-15 14:39:00,2,16.23,32.46
C00034,O001246,P0195,2025-04-15 17:42:00,2,11.0,22.0
C00568,O000400,P0075,2025-04-16 11:25:00,2,22.21,44.42
C00568,O000400,P0189,2025-04-16 11:25:00,1,11.61,11.61
C00533,O002593,P0053,2025-04-16 12:29:00,1,9.09,9.09
C00374,O003432,P0055,2025-04-16 15:29:00,1,16.81,16.81
C00374,O003432,P0088,2025-04-16 15:29:00,2,18.1,36.2
C00261,O003299,P0044,2025-04-16 17:13:00,3,21.34,64.02
C00261,O003299,P0139,2025-04-16 17:13:00,1,64.54,64.54
C00261,O003299,P0028,2025-04-16 17:13:00,1,26.38,26.38
C00130,O001889,P0023,2025-04-16 18:03:00,2,43.62,87.24
C00191,O000908,P0202,2025-04-16 20:43:00,1,40.0,40.0
C00194,O003070,P0066,2025-04-17 10:10:00,1,33.12,33.12
C00413,O001723,P0033,2025-04-17 12:44:00,2,12.98,25.96
C00290,O002167,P0102,2025-04-17 18:54:00,2,38.19,76.38
C00290,O002167,P0128,2025-04-17 18:54:00,1,10.13,10.13
C00290,O002167,P0177,2025-04-17 18:54:00,2,51.19,102.38
C00067,O000412,P0185,2025-04-17 19:44:00,3,25.79,77.37
C00328,O001605,P0143,2025-04-18 08:43:00,1,5.98,5.98
C00527,O003546,P0125,2025-04-18 13:14:00,2,33.41,66.82
C00527,O003546,P0054,2025-04-18 13:14:00,4,17.27,69.08
C00527,O002751,P0007,2025-04-18 14:14:00,1,20.57,20.57
C00553,O000150,P0204,2025-04-18 16:45:00,1,31.16,31.16
C00553,O000150,P0143,2025-04-18 16:45:00,1,5.99,5.99
C00553,O000150,P0202,2025-04-18 16:45:00,1,43.72,43.72
C00157,O002981,P0213,2025-04-18 21:44:00,1,20.47,20.47
C00128,O000688,P0185,2025-04-18 21:47:00,1,23.06,23.06
C00234,O000905,P0015,2025-04-18 22:14:00,2,27.58,55.16
C00234,O000905,P0061,2025-04-18 22:14:00,1,7.95,7.95
C00209,O002197,P0202,2025-04-19 12:01:00,3,51.46,154.38
C00280,O002042,P0012,2025-04-19 12:34:00,1,35.24,35.24
C00172,O000254,P0126,2025-04-19 12:43:00,4,23.92,95.68
C00265,O003047,P0194,2025-04-19 15:36:00,1,44.77,44.77
C00265,O003047,P0082,2025-04-19 15:36:00,1,12.89,12.89
C00527,O000549,P0034,2025-04-19 16:13:00,2,13.48,26.96
C00548,O000612,P0094,2025-04-19 16:19:00,2,17.06,34.12
C00376,O003147,P0137,2025-04-19 18:51:00,1,24.26,24.26
C00278,O000965,P0075,2025-04-19 22:07:00,1,20.13,20.13
C00171,O000141,P0101,2025-04-20 10:55:00,1,15.24,15.24
C00243,O001556,P0202,2025-04-20 15:50:00,1,45.09,45.09
C00005,O002630,P0019,2025-04-20 19:09:00,1,31.13,31.13
C00005,O002630,P0129,2025-04-20 19:09:00,1,15.47,15.47
C00005,O002630,P0107,2025-04-20 19:09:00,2,12.14,24.28
C00078,O001265,P0103,2025-04-20 19:21:00,4,17.37,69.48
C00078,O001265,P0072,2025-04-20 19:21:00,1,10.53,10.53
C00517,O002872,P0044,2025-04-20 19:30:00,1,22.45,22.45
C00517,O002872,P0125,2025-04-20 19:30:00,3,30.67,92.01
C00517,O002872,P0100,2025-04-20 19:30:00,2,12.22,24.44
C00271,O003129,P0174,2025-04-20 20:19:00,1,10.5,10.5
C00126,O003301,P0169,2025-04-20 20:38:00,1,18.52,18.52
C00056,O002217,P0156,2025-04-21 11:04:00,2,58.49,116.98
C00168,O003417,P0054,2025-04-21 11:23:00,2,18.86,37.72
C00580,O002969,P0204,2025-04-21 11:39:00,3,29.72,89.16
C00580,O002969,P0137,2025-04-21 11:39:00,1,22.86,22.86
C00580,O002969,P0133,2025-04-21 11:39:00,1,30.01,30.01
C00229,O000964,P0076,2025-04-21 13:22:00,3,29.84,89.52
C00134,O002331,P0112,2025-04-21 14:59:00,1,19.41,19.41
C00134,O002331,P0127,2025-04-21 14:59:00,5,46.48,232.4
C00134,O002331,P0176,2025-04-21 14:59:00,2,22.64,45.28
C00538,O000237,P0009,2025-04-21 15:47:00,2,20.02,40.04
C00401,O003110,P0220,2025-04-21 15:52:00,1,14.34,14.34
C00401,O003110,P0009,2025-04-21 15:52:00,2,19.33,38.66
C00401,O003110,P0110,2025-04-21 15:52:00,1,8.03,8.03
C00401,O003110,P0061,2025-04-21 15:52:00,5,7.57,37.85
C00113,O001031,P0075,2025-04-22 09:47:00,4,23.53,94.12
C00113,O001031,P0176,2025-04-22 09:47:00,2,22.09,44.18
C00317,O000501,P0100,2025-04-22 09:51:00,1,11.52,11.52
C00154,O002537,P0041,2025-04-22 11:40:00,1,30.59,30.59
C00154,O002537,P0032,2025-04-22 11:40:00,4,14.71,58.84
C00154,O002537,P0053,2025-04-22 11:40:00,3,8.52,25.56
C00334,O002333,P0176,2025-04-22 13:17:00,2,22.23,44.46
C00422,O002081,P0014,2025-04-22 20:19:00,2,38.31,76.62
C00533,O000659,P0067,2025-04-23 08:42:00,3,17.24,51.72
C00043,O003503,P0137,2025-04-23 09:07:00,1,21.1,21.1
C00261,O003340,P0112,2025-04-23 09:17:00,1,23.75,23.75
C00261,O003340,P0039,2025-04-23 09:17:00,2,11.1,22.2
C00261,O003340,P0053,2025-04-23 09:17:00,1,9.74,9.74
C00342,O001227,P0025,2025-04-23 12:17:00,2,18.77,37.54
C00342,O001227,P0075,2025-04-23 12:17:00,2,19.78,39.56
C00467,O002835,P0015,2025-04-23 12:36:00,2,23.44,46.88
C00467,O002835,P0146,2025-04-23 12:36:00,1,16.77,16.77
C00467,O002835,P0032,2025-04-23 12:36:00,4,17.59,70.36
C00467,O002835,P0156,2025-04-23 12:36:00,4,52.55,210.2
C00089,O001212,P0125,2025-04-23 16:08:00,3,30.05,90.15
C00321,O001331,P0133,2025-04-23 16:52:00,2,27.17,54.34
C00321,O001331,P0055,2025-04-23 16:52:00,1,15.32,15.32
C00333,O001895,P0025,2025-04-23 17:22:00,4,16.89,67.56
C00256,O001591,P0125,2025-04-23 17:35:00,1,33.03,33.03
C00359,O000940,P0180,2025-04-24 08:42:00,1,21.25,21.25
C00506,O000764,P0088,2025-04-24 11:39:00,2,20.59,41.18
C00039,O000695,P0162,2025-04-24 13:47:00,2,13.0,26.0
C00342,O000508,P0076,2025-04-24 19:30:00,4,33.39,133.56
C00342,O000508,P0202,2025-04-24 19:30:00,1,46.47,46.47
C00342,O000508,P0204,2025-04-24 19:30:00,1,24.49,24.49
C00342,O000508,P0168,2025-04-24 19:30:00,3,23.93,71.79
C00468,O002866,P0055,2025-04-24 20:25:00,3,16.14,48.42
C00468,O002866,P0093,2025-04-24 20:25:00,4,15.09,60.36
C00363,O001396,P0083,2025-04-24 20:31:00,1,14.75,14.75
C00363,O001396,P0194,2025-04-24 20:31:00,2,45.16,90.32
C00363,O001396,P0094,2025-04-24 20:31:00,1,18.48,18.48
C00182,O002323,P0195,2025-04-24 22:22:00,4,11.49,45.96
C00493,O000679,P0127,2025-04-25 21:13:00,1,43.0,43.0
C00493,O000679,P0143,2025-04-25 21:13:00,3,6.07,18.21
C00098,O002218,P0189,2025-04-25 22:17:00,2,9.5,19.0
C00134,O000618,P0039,2025-04-26 14:11:00,2,13.41,26.82
C00388,O002898,P0103,2025-04-26 14:47:00,1,13.45,13.45
C00388,O002898,P0202,2025-04-26 14:47:00,2,47.05,94.1
C00210,O000806,P0137,2025-04-26 16:44:00,2,22.49,44.98
C00590,O000147,P0083,2025-04-26 18:10:00,1,17.85,17.85
C00590,O000147,P0156,2025-04-26 18:10:00,1,53.28,53.28
C00590,O000147,P0197,2025-04-26 18:10:00,2,26.98,53.96
C00590,O000147,P0010,2025-04-26 18:10:00,4,12.68,50.72
C00370,O001289,P0047,2025-04-26 21:05:00,1,33.37,33.37
C00370,O001289,P0044,2025-04-26 21:05:00,4,20.9,83.6
C00290,O002361,P0075,2025-04-26 21:52:00,1,19.2,19.2
C00482,O000920,P0192,2025-04-27 08:47:00,4,16.47,65.88
C00482,O000920,P0202,2025-04-27 08:47:00,1,42.02,42.02
C00285,O002531,P0202,2025-04-27 09:58:00,2,42.8,85.6
C00397,O003136,P0137,2025-04-27 10:45:00,1,23.99,23.99
C00482,O002146,P0175,2025-04-27 11:18:00,1,10.41,10.41
C00482,O002146,P0041,2025-04-27 11:18:00,4,29.8,119.2
C00317,O003101,P0007,2025-04-27 15:02:00,1,21.98,21.98
C00317,O003101,P0075,2025-04-27 15:02:00,5,25.16,125.8
C00348,O000213,P0169,2025-04-27 16:54:00,3,18.13,54.39
C00348,O000213,P0067,2025-04-27 16:54:00,1,17.3,17.3
C00348,O000213,P0184,2025-04-27 16:54:00,1,34.57,34.57
C00348,O000213,P0096,2025-04-27 16:54:00,1,9.07,9.07
C00158,O000552,P0053,2025-04-27 18:42:00,1,9.11,9.11
C00158,O000552,P0106,2025-04-27 18:42:00,3,21.46,64.38
C00594,O003247,P0200,2025-04-27 22:59:00,2,17.18,34.36
C00594,O003247,P0188,2025-04-27 22:59:00,4,9.45,37.8
C00594,O003247,P0210,2025-04-27 22:59:00,1,16.29,16.29
C00230,O002024,P0028,2025-04-28 10:38:00,1,23.43,23.43
C00354,O000455,P0137,2025-04-28 15:26:00,1,24.2,24.2
C00433,O000507,P0176,2025-04-29 11:39:00,1,19.82,19.82
C00433,O000507,P0017,2025-04-29 11:39:00,1,24.89,24.89
C00195,O002626,P0137,2025-04-29 16:07:00,1,24.46,24.46
C00195,O002626,P0056,2025-04-29 16:07:00,3,13.81,41.43
C00506,O002365,P0034,2025-04-29 17:38:00,1,11.81,11.81
C00506,O002365,P0169,2025-04-29 17:38:00,3,18.18,54.54
C00412,O000493,P0093,2025-04-29 22:23:00,1,13.46,13.46
C00277,O001252,P0023,2025-04-30 14:45:00,2,38.89,77.78
C00277,O001252,P0053,2025-04-30 14:45:00,2,9.03,18.06
C00277,O001252,P0088,2025-04-30 14:45:00,4,20.69,82.76
C00290,O003085,P0202,2025-04-30 16:06:00,4,47.06,188.24
C00296,O000842,P0053,2025-04-30 16:21:00,1,8.36,8.36
C00467,O000082,P0053,2025-05-01 09:16:00,3,9.95,29.85
C00300,O001495,P0109,2025-05-01 19:11:00,1,34.86,34.86
C00475,O003361,P0047,2025-05-01 22:17:00,2,33.65,67.3
C00128,O001333,P0033,2025-05-02 09:22:00,1,13.88,13.88
C00508,O003144,P0087,2025-05-02 14:36:00,4,16.57,66.28
C00494,O002367,P0073,2025-05-02 14:59:00,5,12.87,64.35
C00011,O003111,P0195,2025-05-02 17:09:00,1,10.15,10.15
C00546,O003018,P0102,2025-05-02 17:42:00,4,41.8,167.2
C00546,O003018,P0047,2025-05-02 17:42:00,4,33.43,133.72
C00049,O002931,P0156,2025-05-02 17:52:00,2,55.06,110.12
C00049,O002931,P0047,2025-05-02 17:52:00,1,33.44,33.44
C00049,O002931,P0137,2025-05-02 17:52:00,2,26.71,53.42
C00134,O001547,P0055,2025-05-02 19:33:00,2,17.46,34.92
C00134,O001547,P0137,2025-05-02 19:33:00,3,24.42,73.26
C00134,O001547,P0189,2025-05-02 19:33:00,1,9.73,9.73
C00134,O001547,P0166,2025-05-02 19:33:00,2,12.03,24.06
C00157,O003272,P0110,2025-05-03 10:14:00,3,7.94,23.82
C00277,O002115,P0189,2025-05-03 11:19:00,1,9.09,9.09
C00150,O001082,P0214,2025-05-03 12:16:00,3,14.84,44.52
C00226,O000097,P0177,2025-05-03 14:25:00,1,46.96,46.96
C00226,O000097,P0040,2025-05-03 14:25:00,1,27.41,27.41
C00146,O002681,P0132,2025-05-03 17:48:00,1,8.73,8.73
C00439,O001332,P0153,2025-05-03 19:27:00,2,6.69,13.38
C00379,O001092,P0137,2025-05-03 19:48:00,3,25.83,77.49
C00487,O001631,P0053,2025-05-03 20:04:00,2,9.99,19.98
C00374,O002200,P0196,2025-05-03 21:31:00,4,13.06,52.24
C00374,O002200,P0075,2025-05-03 21:31:00,1,21.36,21.36
C00374,O002200,P0044,2025-05-03 21:31:00,2,24.83,49.66
C00594,O001334,P0202,2025-05-04 09:09:00,5,38.82,194.1
C00413,O003033,P0045,2025-05-04 12:28:00,2,22.42,44.84
C00413,O003033,P0184,2025-05-04 12:28:00,1,42.18,42.18
C00388,O002994,P0022,2025-05-04 16:35:00,2,14.09,28.18
C00473,O001916,P0103,2025-05-04 18:08:00,1,16.38,16.38
C00473,O001916,P0015,2025-05-04 18:08:00,1,26.73,26.73
C00473,O001916,P0184,2025-05-04 18:08:00,2,35.74,71.48
C00470,O000791,P0196,2025-05-04 18:11:00,3,12.36,37.08
C00470,O000791,P0176,2025-05-04 18:11:00,1,22.14,22.14
C00302,O002356,P0110,2025-05-04 18:31:00,1,8.45,8.45
C00322,O000413,P0208,2025-05-05 09:22:00,1,10.63,10.63
C00277,O003517,P0220,2025-05-05 22:48:00,1,14.42,14.42
C00474,O002621,P0189,2025-05-06 09:57:00,1,10.26,10.26
C00209,O000170,P0129,2025-05-06 11:29:00,2,14.89,29.78
C00383,O000577,P0094,2025-05-06 16:31:00,1,17.85,17.85
C00504,O003488,P0051,2025-05-06 17:30:00,1,22.46,22.46
C00504,O003488,P0185,2025-05-06 17:30:00,3,26.74,80.22
C00299,O002678,P0180,2025-05-06 21:07:00,1,24.27,24.27
C00079,O000249,P0065,2025-05-06 21:45:00,1,31.75,31.75
C00293,O000652,P0061,2025-05-06 22:10:00,3,7.85,23.55
C00322,O002569,P0069,2025-05-06 22:23:00,1,33.7,33.7
C00322,O002569,P0019,2025-05-06 22:23:00,1,30.21,30.21
C00580,O001617,P0180,2025-05-07 09:53:00,4,23.39,93.56
C00307,O002249,P0137,2025-05-07 12:44:00,2,24.92,49.84
C00307,O002249,P0079,2025-05-07 12:44:00,2,30.07,60.14
C00302,O003224,P0182,2025-05-07 12:59:00,1,24.21,24.21
C00302,O003224,P0075,2025-05-07 12:59:00,1,22.69,22.69
C00014,O000301,P0037,2025-05-07 14:46:00,1,17.96,17.96
C00038,O001590,P0036,2025-05-07 16:52:00,1,34.23,34.23
C00042,O002023,P0190,2025-05-08 09:26:00,1,42.0,42.0
C00593,O001628,P0004,2025-05-08 09:34:00,2,29.0,58.0
C00149,O000804,P0213,2025-05-08 12:35:00,1,22.77,22.77
C00339,O000900,P0020,2025-05-08 14:14:00,1,18.94,18.94
C00339,O000900,P0139,2025-05-08 14:14:00,1,54.97,54.97
C00448,O000797,P0083,2025-05-08 15:26:00,1,19.3,19.3
C00448,O000797,P0036,2025-05-08 15:26:00,3,38.82,116.46
C00448,O000797,P0059,2025-05-08 15:26:00,2,13.12,26.24
C00448,O000797,P0126,2025-05-08 15:26:00,3,24.77,74.31
C00533,O000752,P0128,2025-05-08 15:29:00,5,11.24,56.2
C00467,O003307,P0076,2025-05-08 17:10:00,2,29.76,59.52
C00578,O003342,P0171,2025-05-08 19:09:00,2,12.88,25.76
C00335,O000305,P0107,2025-05-08 19:38:00,1,12.35,12.35
C00335,O000305,P0116,2025-05-08 19:38:00,3,15.2,45.6
C00558,O002072,P0015,2025-05-08 21:51:00,2,28.12,56.24
C00558,O002072,P0074,2025-05-08 21:51:00,2,25.77,51.54
C00424,O002587,P0196,2025-05-08 22:29:00,2,12.79,25.58
C00307,O000854,P0093,2025-05-09 08:29:00,5,15.83,79.15
C00307,O000854,P0009,2025-05-09 08:29:00,1,20.35,20.35
C00596,O002814,P0202,2025-05-09 08:44:00,3,41.71,125.13
C00596,O002814,P0010,2025-05-09 08:44:00,3,12.82,38.46
C00144,O002053,P0195,2025-05-09 08:47:00,5,12.17,60.85
C00218,O001667,P0198,2025-05-09 10:38:00,1,16.78,16.78
C00218,O001667,P0055,2025-05-09 10:38:00,2,16.41,32.82
C00090,O001777,P0184,2025-05-09 10:46:00,1,35.63,35.63
C00198,O002633,P0007,2025-05-09 14:51:00,2,21.06,42.12
C00198,O002633,P0091,2025-05-09 14:51:00,1,27.49,27.49
C00573,O001846,P0210,2025-05-10 08:52:00,4,16.48,65.92
C00573,O001846,P0117,2025-05-10 08:52:00,1,23.05,23.05
C00071,O000154,P0045,2025-05-10 09:31:00,1,22.24,22.24
C00342,O001545,P0083,2025-05-10 18:46:00,2,17.09,34.18
C00138,O003107,P0067,2025-05-10 22:37:00,5,16.18,80.9
C00138,O003107,P0047,2025-05-10 22:37:00,1,35.77,35.77
C00391,O002802,P0194,2025-05-10 22:50:00,2,43.83,87.66
C00391,O002802,P0106,2025-05-10 22:50:00,2,19.43,38.86
C00391,O002802,P0165,2025-05-10 22:50:00,5,32.04,160.2
C00391,O002802,P0159,2025-05-10 22:50:00,5,14.1,70.5
C00324,O001988,P0019,2025-05-11 09:11:00,1,32.04,32.04
C00324,O001988,P0122,2025-05-11 09:11:00,2,23.06,46.12
C00456,O000761,P0196,2025-05-11 12:00:00,1,11.93,11.93
C00008,O003057,P0218,2025-05-11 13:01:00,5,44.54,222.7
C00008,O003057,P0196,2025-05-11 13:01:00,1,12.54,12.54
C00496,O000064,P0077,2025-05-11 13:35:00,3,13.81,41.43
C00496,O000064,P0097,2025-05-11 13:35:00,2,10.75,21.5
C00182,O000944,P0162,2025-05-12 08:16:00,1,14.27,14.27
C00182,O000944,P0202,2025-05-12 08:16:00,2,42.9,85.8
C00580,O000687,P0076,2025-05-12 14:42:00,1,33.05,33.05
C00566,O000569,P0073,2025-05-12 14:51:00,1,11.61,11.61
C00516,O001374,P0073,2025-05-12 15:16:00,2,12.25,24.5
C00306,O001040,P0052,2025-05-12 18:55:00,3,28.56,85.68
C00306,O001040,P0055,2025-05-12 18:55:00,1,15.68,15.68
C00306,O001040,P0157,2025-05-12 18:55:00,1,19.79,19.79
C00527,O001963,P0133,2025-05-12 19:41:00,1,27.47,27.47
C00527,O001963,P0220,2025-05-12 19:41:00,2,14.22,28.44
C00312,O000578,P0156,2025-05-12 22:01:00,1,57.54,57.54
C00527,O003156,P0172,2025-05-13 09:31:00,1,24.8,24.8
C00527,O003156,P0202,2025-05-13 09:31:00,2,40.09,80.18
C00527,O003156,P0176,2025-05-13 09:31:00,2,21.23,42.46
C00400,O003518,P0159,2025-05-13 12:50:00,2,13.93,27.86
C00529,O002173,P0087,2025-05-13 13:05:00,1,16.1,16.1
C00529,O002173,P0176,2025-05-13 13:05:00,4,21.53,86.12
C00529,O002173,P0005,2025-05-13 13:05:00,1,7.11,7.11
C00354,O002148,P0090,2025-05-13 15:31:00,2,24.06,48.12
C00354,O002148,P0019,2025-05-13 15:31:00,1,31.99,31.99
C00247,O002002,P0132,2025-05-13 19:07:00,1,9.85,9.85
C00203,O001642,P0189,2025-05-13 19:50:00,1,9.46,9.46
C00203,O001642,P0130,2025-05-13 19:50:00,2,12.26,24.52
C00203,O001642,P0002,2025-05-13 19:50:00,1,12.51,12.51
C00278,O002247,P0170,2025-05-13 21:48:00,2,21.09,42.18
C00028,O003031,P0044,2025-05-14 13:11:00,3,24.36,73.08
C00334,O000691,P0068,2025-05-14 20:11:00,3,16.59,49.77
C00565,O002425,P0189,2025-05-14 20:46:00,2,8.64,17.28
C00112,O001647,P0202,2025-05-15 16:36:00,2,42.21,84.42
C00355,O000693,P0068,2025-05-15 18:51:00,1,14.77,14.77
C00218,O002391,P0107,2025-05-15 20:53:00,3,11.48,34.44
C00142,O002622,P0053,2025-05-15 22:55:00,1,9.04,9.04
C00142,O002622,P0073,2025-05-15 22:55:00,1,13.75,13.75
C00304,O003053,P0200,2025-05-16 10:24:00,3,18.41,55.23
C00176,O002304,P0137,2025-05-16 10:28:00,1,22.07,22.07
C00176,O002304,P0025,2025-05-16 10:28:00,5,17.36,86.8
C00317,O002183,P0015,2025-05-16 14:54:00,1,26.05,26.05
C00061,O001639,P0219,2025-05-16 17:53:00,1,18.94,18.94
C00061,O001639,P0202,2025-05-16 17:53:00,2,45.16,90.32
C00330,O000488,P0143,2025-05-17 08:06:00,2,6.3,12.6
C00228,O001584,P0184,2025-05-17 12:08:00,1,33.37,33.37
C00228,O001584,P0174,2025-05-17 12:08:00,1,10.26,10.26
C00228,O001584,P0168,2025-05-17 12:08:00,1,25.05,25.05
C00293,O002443,P0165,2025-05-17 12:51:00,1,29.1,29.1
C00522,O002511,P0093,2025-05-17 13:24:00,1,14.68,14.68
C00522,O002511,P0077,2025-05-17 13:24:00,2,15.02,30.04
C00345,O000740,P0189,2025-05-17 15:22:00,4,9.74,38.96
C00120,O002900,P0176,2025-05-17 15:47:00,2,22.93,45.86
C00120,O002900,P0172,2025-05-17 15:47:00,4,24.84,99.36
C00120,O002900,P0195,2025-05-17 15:47:00,2,11.46,22.92
C00120,O002900,P0219,2025-05-17 15:47:00,1,18.12,18.12
C00496,O001752,P0119,2025-05-17 16:51:00,1,45.92,45.92
C00375,O003026,P0077,2025-05-17 22:38:00,1,15.11,15.11
C00333,O001919,P0111,2025-05-18 11:52:00,2,27.48,54.96
C00101,O001388,P0019,2025-05-18 17:20:00,4,31.06,124.24
C00490,O001244,P0051,2025-05-18 18:35:00,4,21.07,84.28
C00490,O001244,P0094,2025-05-18 18:35:00,1,19.28,19.28
C00595,O001656,P0190,2025-05-19 12:48:00,2,46.0,92.0
C00595,O001656,P0202,2025-05-19 12:48:00,1,46.09,46.09
C00595,O001656,P0137,2025-05-19 12:48:00,1,25.33,25.33
C00595,O001656,P0114,2025-05-19 12:48:00,1,10.4,10.4
C00028,O002084,P0002,2025-05-19 18:40:00,2,10.45,20.9
C00028,O002084,P0075,2025-05-19 18:40:00,1,21.01,21.01
C00028,O002084,P0093,2025-05-19 18:40:00,2,15.97,31.94
C00150,O001016,P0128,2025-05-19 20:50:00,1,9.42,9.42
C00150,O001016,P0088,2025-05-19 20:50:00,2,19.47,38.94
C00555,O000716,P0075,2025-05-20 08:35:00,2,21.65,43.3
C00444,O002809,P0034,2025-05-20 08:49:00,1,12.54,12.54
C00317,O001216,P0203,2025-05-20 13:52:00,4,21.72,86.88
C00317,O001216,P0114,2025-05-20 13:52:00,1,8.55,8.55
C00319,O003323,P0215,2025-05-20 17:39:00,1,16.88,16.88
C00044,O003401,P0184,2025-05-20 18:07:00,1,38.86,38.86
C00168,O000690,P0073,2025-05-21 18:04:00,1,12.87,12.87
C00168,O000690,P0032,2025-05-21 18:04:00,2,16.32,32.64
C00550,O001780,P0218,2025-05-21 18:24:00,1,45.02,45.02
C00169,O002130,P0090,2025-05-21 18:43:00,1,25.26,25.26
C00412,O000667,P0010,2025-05-21 20:50:00,1,12.69,12.69
C00286,O000004,P0033,2025-05-21 20:57:00,2,14.86,29.72
C00286,O000004,P0202,2025-05-21 20:57:00,1,41.32,41.32
C00364,O000616,P0010,2025-05-21 22:24:00,1,14.04,14.04
C00491,O001706,P0055,2025-05-22 09:49:00,5,16.61,83.05
C00294,O001918,P0129,2025-05-22 17:10:00,1,14.94,14.94
C00294,O001918,P0162,2025-05-22 17:10:00,4,13.92,55.68
C00493,O000091,P0195,2025-05-22 19:03:00,2,10.81,21.62
C00493,O000091,P0044,2025-05-22 19:03:00,3,25.16,75.48
C00376,O002821,P0196,2025-05-22 19:13:00,1,11.33,11.33
C00108,O000906,P0177,2025-05-22 19:43:00,4,49.26,197.04
C00108,O000906,P0172,2025-05-22 19:43:00,1,22.92,22.92
C00108,O000906,P0160,2025-05-22 19:43:00,3,9.36,28.08
C00552,O001636,P0053,2025-05-23 08:19:00,5,8.25,41.25
C00303,O001410,P0078,2025-05-23 11:10:00,1,19.72,19.72
C00303,O001410,P0088,2025-05-23 11:10:00,1,19.49,19.49
C00192,O000834,P0088,2025-05-23 11:58:00,5,20.82,104.1
C00192,O000834,P0165,2025-05-23 11:58:00,2,35.77,71.54
C00192,O000834,P0144,2025-05-23 11:58:00,3,22.42,67.26
C00451,O001012,P0004,2025-05-23 13:35:00,3,34.73,104.19
C00317,O000371,P0128,2025-05-23 17:33:00,2,10.62,21.24
C00191,O000452,P0027,2025-05-23 20:19:00,2,28.05,56.1
C00191,O000452,P0128,2025-05-23 20:19:00,4,10.25,41.0
C00388,O000669,P0176,2025-05-23 22:28:00,1,21.9,21.9
C00226,O000685,P0177,2025-05-24 15:06:00,4,46.98,187.92
C00226,O000685,P0077,2025-05-24 15:06:00,1,16.25,16.25
C00568,O000631,P0163,2025-05-24 16:07:00,1,63.9,63.9
C00375,O000898,P0005,2025-05-25 08:06:00,1,6.95,6.95
C00064,O000169,P0135,2025-05-25 15:27:00,1,8.7,8.7
C00064,O000169,P0176,2025-05-25 15:27:00,1,20.34,20.34
C00355,O003175,P0176,2025-05-25 16:25:00,1,22.86,22.86
C00355,O003175,P0216,2025-05-25 16:25:00,4,37.72,150.88
C00327,O002313,P0094,2025-05-25 19:00:00,2,20.35,40.7
C00327,O002313,P0025,2025-05-25 19:00:00,1,13.84,13.84
C00064,O000387,P0067,2025-05-25 20:05:00,3,16.59,49.77
C00115,O000270,P0215,2025-05-26 09:40:00,2,17.65,35.3
C00004,O002431,P0002,2025-05-26 10:47:00,1,12.72,12.72
C00401,O001217,P0155,2025-05-26 11:56:00,2,18.69,37.38
C00401,O001217,P0059,2025-05-26 11:56:00,3,13.62,40.86
C00076,O003391,P0218,2025-05-26 17:15:00,1,43.01,43.01
C00076,O003391,P0178,2025-05-26 17:15:00,2,20.69,41.38
C00479,O002783,P0200,2025-05-26 22:39:00,1,20.2,20.2
C00377,O001837,P0085,2025-05-27 09:41:00,2,11.2,22.4
C00377,O001837,P0137,2025-05-27 09:41:00,2,24.15,48.3
C00377,O001837,P0062,2025-05-27 09:41:00,1,17.8,17.8
C00360,O001815,P0175,2025-05-27 12:18:00,2,9.33,18.66
C00004,O001993,P0127,2025-05-27 18:45:00,1,41.33,41.33
C00486,O000275,P0091,2025-05-27 20:05:00,3,27.37,82.11
C00305,O000259,P0220,2025-05-27 22:32:00,3,13.86,41.58
C00305,O000259,P0044,2025-05-27 22:32:00,3,22.79,68.37
C00305,O000259,P0088,2025-05-27 22:32:00,2,21.06,42.12
C00064,O001248,P0128,2025-05-28 11:12:00,4,9.77,39.08
C00167,O001048,P0073,2025-05-28 18:21:00,1,12.6,12.6
C00167,O001048,P0032,2025-05-28 18:21:00,2,14.39,28.78
C00167,O001048,P0094,2025-05-28 18:21:00,1,19.01,19.01
C00167,O001048,P0051,2025-05-28 18:21:00,2,25.65,51.3
C00533,O002677,P0170,2025-05-28 19:38:00,1,20.33,20.33
C00533,O002677,P0112,2025-05-28 19:38:00,1,21.41,21.41
C00447,O002109,P0119,2025-05-28 21:54:00,4,54.2,216.8
C00554,O000868,P0180,2025-05-29 09:39:00,1,20.92,20.92
C00421,O000529,P0211,2025-05-29 11:02:00,2,36.08,72.16
C00421,O000529,P0171,2025-05-29 11:02:00,2,12.59,25.18
C00421,O000529,P0067,2025-05-29 11:02:00,3,16.18,48.54
C00356,O001136,P0096,2025-05-29 12:50:00,1,8.91,8.91
C00098,O000474,P0210,2025-05-29 14:49:00,4,16.65,66.6
C00098,O000474,P0215,2025-05-29 14:49:00,4,17.69,70.76
C00091,O002726,P0156,2025-05-29 16:48:00,2,56.34,112.68
C00395,O003444,P0072,2025-05-29 16:59:00,1,10.32,10.32
C00247,O002104,P0025,2025-05-29 18:58:00,1,15.55,15.55
C00247,O002104,P0160,2025-05-29 18:58:00,1,10.71,10.71
C00002,O000713,P0024,2025-05-29 20:46:00,3,19.19,57.57
C00375,O003022,P0189,2025-05-30 08:26:00,1,9.8,9.8
C00369,O001831,P0085,2025-05-30 12:38:00,3,10.13,30.39
C00474,O001730,P0025,2025-05-30 12:48:00,3,16.46,49.38
C00243,O000823,P0043,2025-05-30 13:52:00,5,14.61,73.05
C00410,O002321,P0180,2025-05-30 20:01:00,2,21.23,42.46
C00410,O002321,P0188,2025-05-30 20:01:00,3,10.7,32.1
C00172,O000307,P0073,2025-05-30 22:12:00,2,12.13,24.26
C00172,O000307,P0019,2025-05-30 22:12:00,2,32.58,65.16
C00578,O002484,P0044,2025-05-31 09:48:00,2,21.59,43.18
C00530,O002522,P0040,2025-05-31 14:07:00,2,28.74,57.48
C00530,O002522,P0062,2025-05-31 14:07:00,3,16.21,48.63
C00530,O002522,P0019,2025-05-31 14:07:00,1,31.88,31.88
C00530,O002522,P0157,2025-05-31 14:07:00,2,20.08,40.16
C00443,O002754,P0172,2025-06-01 21:49:00,1,27.5,27.5
C00443,O002754,P0125,2025-06-01 21:49:00,2,32.49,64.98
C00443,O002754,P0202,2025-06-01 21:49:00,4,46.83,187.32
C00352,O001652,P0054,2025-06-01 22:03:00,5,16.21,81.05
C00129,O003429,P0176,2025-06-02 09:09:00,2,24.07,48.14
C00389,O002499,P0176,2025-06-02 14:30:00,1,21.87,21.87
C00389,O002499,P0200,2025-06-02 14:30:00,2,18.55,37.1
C00389,O002499,P0091,2025-06-02 14:30:00,3,29.36,88.08
C00218,O001146,P0125,2025-06-02 14:50:00,2,29.7,59.4
C00049,O002465,P0186,2025-06-02 15:43:00,1,52.17,52.17
C00521,O000397,P0169,2025-06-02 16:50:00,3,18.94,56.82
C00529,O001973,P0011,2025-06-02 19:26:00,2,35.61,71.22
C00165,O003056,P0075,2025-06-02 21:32:00,1,21.59,21.59
C00433,O000148,P0074,2025-06-03 10:51:00,1,26.12,26.12
C00444,O000285,P0215,2025-06-03 11:45:00,1,17.79,17.79
C00444,O000285,P0172,2025-06-03 11:45:00,2,24.81,49.62
C00594,O002114,P0213,2025-06-03 15:37:00,1,19.93,19.93
C00527,O000041,P0214,2025-06-03 19:04:00,2,13.89,27.78
C00203,O000333,P0004,2025-06-03 19:21:00,1,35.57,35.57
C00203,O000333,P0111,2025-06-03 19:21:00,1,27.87,27.87
C00227,O002449,P0175,2025-06-03 21:40:00,4,10.58,42.32
C00493,O003411,P0137,2025-06-03 22:02:00,3,23.84,71.52
C00493,O003411,P0129,2025-06-03 22:02:00,2,12.42,24.84
C00214,O000758,P0194,2025-06-04 08:05:00,2,42.03,84.06
C00235,O001301,P0009,2025-06-04 08:19:00,2,19.62,39.24
C00235,O001301,P0194,2025-06-04 08:19:00,1,43.42,43.42
C00131,O001655,P0220,2025-06-04 08:51:00,3,15.51,46.53
C00131,O001655,P0051,2025-06-04 08:51:00,2,20.8,41.6
C00076,O002095,P0143,2025-06-04 11:33:00,1,6.23,6.23
C00076,O002095,P0085,2025-06-04 11:33:00,1,10.76,10.76
C00356,O002824,P0069,2025-06-04 20:57:00,4,33.52,134.08
C00197,O000386,P0146,2025-06-04 21:15:00,2,15.41,30.82
C00339,O001250,P0075,2025-06-05 11:22:00,4,21.07,84.28
C00360,O000608,P0220,2025-06-05 11:33:00,3,15.59,46.77
C00360,O000608,P0133,2025-06-05 11:33:00,3,31.69,95.07
C00376,O003185,P0160,2025-06-05 16:05:00,2,11.58,23.16
C00379,O001525,P0143,2025-06-05 17:18:00,1,6.31,6.31
C00299,O000957,P0157,2025-06-05 17:19:00,5,21.39,106.95
C00299,O000957,P0007,2025-06-05 17:19:00,1,26.17,26.17
C00299,O000957,P0162,2025-06-05 17:19:00,1,12.23,12.23
C00299,O000957,P0002,2025-06-05 17:19:00,1,11.41,11.41
C00026,O002022,P0092,2025-06-05 19:16:00,2,18.32,36.64
C00202,O001948,P0132,2025-06-05 19:24:00,1,9.51,9.51
C00202,O001948,P0218,2025-06-05 19:24:00,2,43.08,86.16
C00202,O001948,P0061,2025-06-05 19:24:00,1,8.62,8.62
C00202,O001948,P0119,2025-06-05 19:24:00,2,42.65,85.3
C00511,O000232,P0043,2025-06-05 20:55:00,2,13.71,27.42
C00374,O003225,P0087,2025-06-06 09:40:00,1,16.73,16.73
C00241,O001877,P0208,2025-06-06 10:26:00,2,10.56,21.12
C00241,O001877,P0055,2025-06-06 10:26:00,1,15.13,15.13
C00241,O001877,P0210,2025-06-06 10:26:00,1,17.03,17.03
C00241,O001877,P0048,2025-06-06 10:26:00,1,24.69,24.69
C00294,O002884,P0045,2025-06-06 10:29:00,2,21.47,42.94
C00488,O002153,P0170,2025-06-06 10:32:00,1,19.97,19.97
C00488,O002153,P0015,2025-06-06 10:32:00,1,24.69,24.69
C00124,O000015,P0070,2025-06-06 18:27:00,1,20.51,20.51
C00124,O000015,P0082,2025-06-06 18:27:00,2,12.61,25.22
C00521,O001043,P0048,2025-06-06 19:04:00,4,20.65,82.6
C00262,O002038,P0193,2025-06-06 19:37:00,3,17.6,52.8
C00262,O002038,P0162,2025-06-06 19:37:00,1,13.56,13.56
C00474,O000179,P0077,2025-06-07 08:03:00,1,16.48,16.48
C00474,O000179,P0149,2025-06-07 08:03:00,1,36.26,36.26
C00474,O000179,P0090,2025-06-07 08:03:00,4,27.16,108.64
C00521,O001541,P0091,2025-06-07 08:38:00,1,29.46,29.46
C00521,O001541,P0189,2025-06-07 08:38:00,2,9.62,19.24
C00513,O001380,P0175,2025-06-07 12:56:00,1,9.9,9.9
C00429,O002972,P0072,2025-06-07 21:42:00,1,12.55,12.55
C00023,O000594,P0077,2025-06-08 08:33:00,1,14.44,14.44
C00023,O000594,P0109,2025-06-08 08:33:00,4,31.92,127.68
C00023,O000594,P0215,2025-06-08 08:33:00,2,18.99,37.98
C00023,O000594,P0032,2025-06-08 08:33:00,1,17.91,17.91
C00221,O003321,P0032,2025-06-08 14:10:00,1,16.67,16.67
C00174,O000188,P0214,2025-06-08 15:57:00,2,15.96,31.92
C00174,O000188,P0218,2025-06-08 15:57:00,4,42.22,168.88
C00277,O002543,P0060,2025-06-08 16:15:00,2,35.94,71.88
C00408,O000541,P0202,2025-06-08 16:45:00,2,42.8,85.6
C00408,O000541,P0159,2025-06-08 16:45:00,2,14.57,29.14
C00262,O001205,P0009,2025-06-08 19:53:00,4,20.54,82.16
C00496,O002349,P0181,2025-06-08 22:26:00,1,44.03,44.03
C00474,O002458,P0114,2025-06-08 22:44:00,5,9.33,46.65
C00098,O002909,P0185,2025-06-09 08:28:00,1,23.0,23.0
C00224,O001309,P0159,2025-06-09 09:55:00,4,13.67,54.68
C00202,O001399,P0137,2025-06-09 19:21:00,1,24.85,24.85
C00517,O003226,P0202,2025-06-11 08:08:00,5,43.66,218.3
C00517,O003226,P0028,2025-06-11 08:08:00,3,23.46,70.38
C00455,O002667,P0176,2025-06-11 20:29:00,4,21.91,87.64
C00455,O002667,P0196,2025-06-11 20:29:00,2,12.27,24.54
C00455,O002667,P0034,2025-06-11 20:29:00,2,12.54,25.08
C00455,O002667,P0150,2025-06-11 20:29:00,1,23.44,23.44
C00154,O002209,P0185,2025-06-11 21:57:00,2,24.95,49.9
C00154,O002209,P0033,2025-06-11 21:57:00,3,14.51,43.53
C00154,O002209,P0190,2025-06-11 21:57:00,1,49.91,49.91
C00154,O002209,P0025,2025-06-11 21:57:00,3,16.22,48.66
C00474,O000402,P0177,2025-06-11 22:11:00,1,50.9,50.9
C00120,O002427,P0143,2025-06-12 08:08:00,3,6.2,18.6
C00203,O001904,P0116,2025-06-13 09:30:00,2,15.59,31.18
C00450,O002855,P0172,2025-06-13 09:52:00,1,23.33,23.33
C00450,O002855,P0073,2025-06-13 09:52:00,2,12.24,24.48
C00389,O001750,P0194,2025-06-13 11:21:00,4,47.07,188.28
C00389,O001750,P0204,2025-06-13 11:21:00,4,28.14,112.56
C00389,O001750,P0130,2025-06-13 11:21:00,4,11.82,47.28
C00355,O001047,P0019,2025-06-13 12:02:00,3,31.29,93.87
C00416,O001951,P0036,2025-06-13 19:58:00,2,39.01,78.02
C00416,O001951,P0143,2025-06-13 19:58:00,3,6.5,19.5
C00397,O002705,P0066,2025-06-14 08:21:00,2,30.57,61.14
C00087,O002374,P0162,2025-06-14 12:35:00,1,12.84,12.84
C00262,O001953,P0137,2025-06-14 18:56:00,2,23.81,47.62
C00454,O002953,P0106,2025-06-14 20:48:00,3,18.76,56.28
C00454,O002953,P0075,2025-06-14 20:48:00,4,22.02,88.08
C00499,O001500,P0214,2025-06-14 21:27:00,2,14.81,29.62
C00250,O002792,P0075,2025-06-15 09:31:00,1,23.52,23.52
C00145,O000907,P0132,2025-06-15 12:19:00,3,9.89,29.67
C00516,O003527,P0111,2025-06-16 14:00:00,1,26.32,26.32
C00590,O001484,P0064,2025-06-17 09:58:00,1,23.76,23.76
C00496,O000297,P0214,2025-06-17 14:39:00,1,15.76,15.76
C00202,O002869,P0085,2025-06-17 15:58:00,1,11.14,11.14
C00347,O002998,P0015,2025-06-17 17:33:00,2,29.48,58.96
C00311,O000846,P0194,2025-06-17 19:28:00,1,48.01,48.01
C00504,O001534,P0083,2025-06-17 20:05:00,4,15.74,62.96
C00504,O001534,P0129,2025-06-17 20:05:00,1,13.26,13.26
C00277,O001137,P0137,2025-06-18 14:42:00,3,19.46,58.38
C00193,O003219,P0204,2025-06-18 15:08:00,4,30.73,122.92
C00076,O003167,P0056,2025-06-18 16:14:00,2,13.92,27.84
C00103,O002959,P0152,2025-06-19 08:44:00,3,12.54,37.62
C00102,O002320,P0123,2025-06-19 09:45:00,1,26.14,26.14
C00299,O002272,P0139,2025-06-19 11:00:00,2,58.64,117.28
C00080,O000813,P0202,2025-06-19 16:23:00,4,43.65,174.6
C00230,O002978,P0172,2025-06-19 17:03:00,1,25.75,25.75
C00538,O003308,P0152,2025-06-19 18:14:00,1,10.61,10.61
C00578,O000650,P0137,2025-06-19 18:50:00,2,25.79,51.58
C00578,O000650,P0133,2025-06-19 18:50:00,2,27.58,55.16
C00437,O002805,P0176,2025-06-19 19:37:00,5,21.71,108.55
C00437,O002805,P0025,2025-06-19 19:37:00,1,15.72,15.72
C00205,O001138,P0019,2025-06-20 10:54:00,1,33.6,33.6
C00205,O001138,P0076,2025-06-20 10:54:00,2,28.06,56.12
C00381,O003217,P0076,2025-06-20 12:31:00,3,27.89,83.67
C00381,O003217,P0097,2025-06-20 12:31:00,1,9.68,9.68
C00381,O003217,P0214,2025-06-20 12:31:00,2,15.89,31.78
C00187,O003512,P0061,2025-06-21 08:02:00,2,8.7,17.4
C00076,O002180,P0044,2025-06-21 08:58:00,1,24.09,24.09
C00076,O002180,P0174,2025-06-21 08:58:00,2,9.48,18.96
C00549,O001949,P0038,2025-06-21 09:12:00,1,12.61,12.61
C00401,O002103,P0156,2025-06-21 09:54:00,1,56.83,56.83
C00299,O000532,P0076,2025-06-21 10:22:00,3,27.63,82.89
C00299,O000532,P0202,2025-06-21 10:22:00,2,43.65,87.3
C00269,O003310,P0128,2025-06-21 11:03:00,3,9.63,28.89
C00269,O003310,P0204,2025-06-21 11:03:00,1,28.53,28.53
C00412,O001778,P0196,2025-06-21 14:59:00,1,12.01,12.01
C00580,O003278,P0153,2025-06-21 16:13:00,1,7.48,7.48
C00580,O003278,P0172,2025-06-21 16:13:00,1,26.55,26.55
C00580,O003278,P0103,2025-06-21 16:13:00,1,16.53,16.53
C00454,O000449,P0190,2025-06-21 16:36:00,2,48.66,97.32
C00454,O000449,P0162,2025-06-21 16:36:00,1,13.51,13.51
C00330,O002471,P0125,2025-06-22 08:55:00,1,33.38,33.38
C00330,O002471,P0114,2025-06-22 08:55:00,1,9.77,9.77
C00417,O002862,P0156,2025-06-22 10:13:00,1,53.23,53.23
C00417,O002862,P0137,2025-06-22 10:13:00,2,25.86,51.72
C00417,O002862,P0088,2025-06-22 10:13:00,2,19.59,39.18
C00043,O002617,P0176,2025-06-22 13:26:00,1,21.93,21.93
C00139,O002616,P0136,2025-06-22 20:28:00,4,12.05,48.2
C00214,O003402,P0107,2025-06-22 20:43:00,1,11.94,11.94
C00214,O003402,P0073,2025-06-22 20:43:00,1,13.3,13.3
C00064,O002065,P0088,2025-06-22 22:25:00,2,20.21,40.42
C00064,O002065,P0075,2025-06-22 22:25:00,1,24.34,24.34
C00064,O002065,P0156,2025-06-22 22:25:00,1,56.83,56.83
C00064,O002065,P0176,2025-06-22 22:25:00,1,24.18,24.18
C00232,O000771,P0190,2025-06-22 22:29:00,3,47.83,143.49
C00152,O002741,P0202,2025-06-23 08:14:00,3,40.19,120.57
C00152,O002741,P0176,2025-06-23 08:14:00,4,23.17,92.68
C00035,O000469,P0057,2025-06-23 16:28:00,2,17.25,34.5
C00035,O000469,P0079,2025-06-23 16:28:00,1,30.24,30.24
C00035,O000469,P0044,2025-06-23 16:28:00,1,23.73,23.73
C00035,O000469,P0176,2025-06-23 16:28:00,2,24.32,48.64
C00134,O001868,P0200,2025-06-23 18:46:00,3,19.45,58.35
C00134,O001868,P0106,2025-06-23 18:46:00,2,21.45,42.9
C00134,O001868,P0093,2025-06-23 18:46:00,1,14.39,14.39
C00307,O003464,P0088,2025-06-23 18:52:00,2,21.88,43.76
C00155,O000703,P0202,2025-06-23 21:00:00,2,37.66,75.32
C00052,O001468,P0054,2025-06-23 22:35:00,1,14.37,14.37
C00052,O001468,P0172,2025-06-23 22:35:00,4,23.97,95.88
C00052,O001468,P0091,2025-06-23 22:35:00,1,27.05,27.05
C00302,O003148,P0172,2025-06-24 10:24:00,2,25.41,50.82
C00291,O002710,P0087,2025-06-24 12:54:00,4,15.23,60.92
C00396,O001971,P0153,2025-06-24 15:30:00,2,8.14,16.28
C00396,O001971,P0073,2025-06-24 15:30:00,1,11.72,11.72
C00037,O002052,P0010,2025-06-24 15:48:00,5,12.42,62.1
C00037,O002052,P0060,2025-06-24 15:48:00,2,35.39,70.78
C00128,O001926,P0005,2025-06-24 18:02:00,1,6.92,6.92
C00128,O001926,P0214,2025-06-24 18:02:00,4,14.79,59.16
C00025,O001910,P0192,2025-06-25 08:02:00,3,17.63,52.89
C00026,O002806,P0215,2025-06-25 14:18:00,3,16.95,50.85
C00026,O002806,P0088,2025-06-25 14:18:00,2,19.99,39.98
C00026,O002806,P0033,2025-06-25 14:18:00,1,13.75,13.75
C00352,O001818,P0194,2025-06-25 16:54:00,3,51.22,153.66
C00527,O000479,P0090,2025-06-25 17:52:00,1,30.55,30.55
C00256,O001909,P0176,2025-06-25 19:07:00,2,20.85,41.7
C00256,O001909,P0073,2025-06-25 19:07:00,3,11.76,35.28
C00256,O001909,P0213,2025-06-25 19:07:00,4,20.52,82.08
C00256,O001909,P0004,2025-06-25 19:07:00,3,35.95,107.85
C00144,O001085,P0202,2025-06-25 19:49:00,4,41.2,164.8
C00149,O002638,P0117,2025-06-26 18:08:00,2,24.91,49.82
C00566,O000773,P0004,2025-06-27 09:08:00,1,37.23,37.23
C00115,O003281,P0093,2025-06-27 11:05:00,1,16.51,16.51
C00303,O000543,P0120,2025-06-27 11:33:00,5,15.58,77.9
C00303,O000543,P0196,2025-06-27 11:33:00,1,11.31,11.31
C00303,O000543,P0067,2025-06-27 11:33:00,1,16.28,16.28
C00303,O000543,P0158,2025-06-27 11:33:00,1,34.96,34.96
C00062,O000123,P0076,2025-06-27 16:06:00,1,26.47,26.47
C00005,O002777,P0129,2025-06-27 18:46:00,5,13.94,69.7
C00370,O000369,P0074,2025-06-27 20:13:00,2,25.49,50.98
C00290,O002763,P0139,2025-06-27 22:46:00,1,63.56,63.56
C00287,O000269,P0100,2025-06-28 11:45:00,1,11.61,11.61
C00493,O000924,P0150,2025-06-28 14:10:00,1,22.09,22.09
C00574,O000857,P0194,2025-06-28 14:18:00,2,47.69,95.38
C00068,O000972,P0189,2025-06-28 19:57:00,2,9.98,19.96
C00068,O000972,P0202,2025-06-28 19:57:00,4,39.12,156.48
C00068,O000972,P0044,2025-06-28 19:57:00,1,21.53,21.53
C00061,O001690,P0004,2025-06-29 11:32:00,1,32.59,32.59
C00061,O001690,P0076,2025-06-29 11:32:00,2,28.57,57.14
C00355,O003333,P0044,2025-06-29 15:16:00,1,24.38,24.38
C00419,O000514,P0073,2025-06-29 15:52:00,4,11.99,47.96
C00419,O000514,P0100,2025-06-29 15:52:00,2,12.02,24.04
C00419,O000514,P0200,2025-06-29 15:52:00,2,19.46,38.92
C00500,O001392,P0085,2025-06-30 09:48:00,4,10.34,41.36
C00011,O000271,P0200,2025-06-30 13:29:00,2,17.37,34.74
C00504,O002028,P0208,2025-06-30 17:03:00,2,10.3,20.6
C00504,O002028,P0162,2025-06-30 17:03:00,1,12.92,12.92
C00370,O001191,P0120,2025-06-30 21:13:00,1,17.6,17.6
C00169,O000134,P0066,2025-07-01 11:35:00,4,36.27,145.08
C00541,O001767,P0137,2025-07-01 18:42:00,1,23.49,23.49
C00541,O001767,P0171,2025-07-01 18:42:00,2,14.1,28.2
C00541,O001767,P0088,2025-07-01 18:42:00,5,20.53,102.65
C00433,O003577,P0041,2025-07-01 22:12:00,1,31.1,31.1
C00264,O000367,P0176,2025-07-01 22:49:00,1,23.62,23.62
C00194,O001751,P0166,2025-07-01 22:56:00,2,12.26,24.52
C00194,O001751,P0128,2025-07-01 22:56:00,2,10.53,21.06
C00194,O001751,P0004,2025-07-01 22:56:00,1,33.27,33.27
C00163,O002875,P0167,2025-07-02 09:20:00,1,32.59,32.59
C00163,O002875,P0202,2025-07-02 09:20:00,2,42.75,85.5
C00163,O002875,P0091,2025-07-02 09:20:00,1,31.6,31.6
C00317,O000943,P0053,2025-07-02 09:47:00,4,9.35,37.4
C00369,O000186,P0176,2025-07-02 13:07:00,1,23.99,23.99
C00369,O000186,P0168,2025-07-02 13:07:00,1,26.46,26.46
C00552,O001535,P0077,2025-07-02 17:48:00,4,16.26,65.04
C00552,O001535,P0196,2025-07-02 17:48:00,2,13.79,27.58
C00028,O000113,P0067,2025-07-02 17:53:00,1,15.84,15.84
C00103,O003545,P0101,2025-07-02 19:57:00,2,19.01,38.02
C00103,O003545,P0061,2025-07-02 19:57:00,1,8.96,8.96
C00103,O003545,P0176,2025-07-02 19:57:00,1,21.58,21.58
C00103,O003545,P0175,2025-07-02 19:57:00,2,9.87,19.74
C00028,O000945,P0127,2025-07-02 20:39:00,5,42.34,211.7
C00028,O000945,P0002,2025-07-02 20:39:00,2,11.98,23.96
C00174,O000130,P0025,2025-07-02 21:42:00,1,13.07,13.07
C00174,O000130,P0076,2025-07-02 21:42:00,2,27.27,54.54
C00174,O000130,P0061,2025-07-02 21:42:00,1,8.02,8.02
C00460,O003471,P0137,2025-07-02 21:58:00,2,21.7,43.4
C00460,O003471,P0075,2025-07-02 21:58:00,1,21.64,21.64
C00276,O002252,P0123,2025-07-03 15:19:00,1,25.17,25.17
C00276,O002252,P0176,2025-07-03 15:19:00,1,23.5,23.5
C00527,O002258,P0004,2025-07-03 16:02:00,1,33.0,33.0
C00527,O002258,P0041,2025-07-03 16:02:00,3,28.06,84.18
C00527,O002258,P0186,2025-07-03 16:02:00,1,46.56,46.56
C00419,O003367,P0194,2025-07-03 18:38:00,2,46.26,92.52
C00504,O001622,P0213,2025-07-03 21:47:00,1,18.76,18.76
C00330,O000956,P0137,2025-07-03 22:00:00,2,21.36,42.72
C00229,O000933,P0149,2025-07-04 10:28:00,2,36.53,73.06
C00395,O001967,P0198,2025-07-04 13:00:00,2,16.48,32.96
C00557,O000315,P0137,2025-07-04 17:55:00,3,22.11,66.33
C00583,O002886,P0083,2025-07-05 09:29:00,4,16.52,66.08
C00551,O003409,P0137,2025-07-05 10:25:00,2,24.02,48.04
C00551,O003409,P0213,2025-07-05 10:25:00,1,19.93,19.93
C00551,O003409,P0091,2025-07-05 10:25:00,4,30.51,122.04
C00452,O001428,P0168,2025-07-05 11:38:00,2,23.74,47.48
C00452,O001428,P0157,2025-07-05 11:38:00,2,21.87,43.74
C00526,O000310,P0195,2025-07-05 20:09:00,1,10.36,10.36
C00021,O001125,P0137,2025-07-06 10:58:00,2,22.65,45.3
C00021,O001125,P0194,2025-07-06 10:58:00,2,50.43,100.86
C00446,O000327,P0140,2025-07-06 18:11:00,1,112.59,112.59
C00363,O002680,P0083,2025-07-06 21:38:00,1,16.98,16.98
C00247,O001075,P0213,2025-07-06 22:24:00,1,20.42,20.42
C00247,O001075,P0075,2025-07-06 22:24:00,2,22.51,45.02
C00247,O001075,P0076,2025-07-06 22:24:00,1,29.85,29.85
C00002,O000182,P0204,2025-07-07 08:02:00,3,28.47,85.41
C00002,O000182,P0005,2025-07-07 08:02:00,3,6.12,18.36
C00002,O000182,P0202,2025-07-07 08:02:00,1,43.49,43.49
C00002,O000182,P0177,2025-07-07 08:02:00,3,54.16,162.48
C00049,O003541,P0118,2025-07-07 10:27:00,2,20.62,41.24
C00516,O002546,P0156,2025-07-07 12:41:00,2,58.86,117.72
C00369,O000881,P0143,2025-07-07 15:42:00,1,7.16,7.16
C00369,O000881,P0077,2025-07-07 15:42:00,5,14.68,73.4
C00322,O000044,P0202,2025-07-07 16:25:00,1,43.98,43.98
C00322,O000044,P0220,2025-07-07 16:25:00,1,14.16,14.16
C00293,O001096,P0067,2025-07-07 22:14:00,2,15.44,30.88
C00365,O002700,P0075,2025-07-08 09:11:00,1,23.6,23.6
C00474,O001624,P0103,2025-07-08 09:29:00,1,15.96,15.96
C00388,O001739,P0202,2025-07-08 13:16:00,3,48.58,145.74
C00388,O001739,P0094,2025-07-08 13:16:00,1,19.25,19.25
C00521,O002404,P0046,2025-07-08 17:13:00,2,21.39,42.78
C00521,O002404,P0198,2025-07-08 17:13:00,1,15.85,15.85
C00309,O002233,P0137,2025-07-09 13:36:00,5,21.88,109.4
C00309,O002233,P0026,2025-07-09 13:36:00,2,16.99,33.98
C00082,O001700,P0137,2025-07-09 14:59:00,2,23.91,47.82
C00082,O001700,P0107,2025-07-09 14:59:00,1,13.59,13.59
C00119,O002011,P0051,2025-07-09 15:34:00,1,25.79,25.79
C00111,O001681,P0049,2025-07-09 18:42:00,1,32.57,32.57
C00294,O000745,P0085,2025-07-09 19:49:00,1,10.03,10.03
C00294,O000745,P0152,2025-07-09 19:49:00,5,11.27,56.35
C00011,O002758,P0044,2025-07-10 10:37:00,1,23.22,23.22
C00240,O003166,P0100,2025-07-10 11:46:00,2,13.69,27.38
C00011,O001336,P0202,2025-07-10 13:27:00,1,40.22,40.22
C00011,O001336,P0012,2025-07-10 13:27:00,1,31.97,31.97
C00224,O002502,P0076,2025-07-10 13:55:00,3,28.77,86.31
C00224,O002502,P0137,2025-07-10 13:55:00,3,23.01,69.03
C00224,O002502,P0061,2025-07-10 13:55:00,1,7.97,7.97
C00202,O001705,P0087,2025-07-10 19:11:00,3,16.95,50.85
C00202,O001705,P0073,2025-07-10 19:11:00,2,12.02,24.04
C00202,O001705,P0177,2025-07-10 19:11:00,3,50.61,151.83
C00202,O001705,P0083,2025-07-10 19:11:00,1,14.9,14.9
C00031,O000225,P0143,2025-07-10 19:26:00,2,6.16,12.32
C00031,O000225,P0145,2025-07-10 19:26:00,3,13.2,39.6
C00553,O001689,P0032,2025-07-10 19:53:00,4,16.05,64.2
C00026,O001054,P0101,2025-07-11 09:03:00,1,17.55,17.55
C00026,O001054,P0214,2025-07-11 09:03:00,1,14.76,14.76
C00179,O003479,P0033,2025-07-11 16:01:00,2,15.18,30.36
C00548,O001195,P0033,2025-07-11 16:12:00,1,15.5,15.5
C00548,O001195,P0119,2025-07-11 16:12:00,3,49.24,147.72
C00548,O001195,P0088,2025-07-11 16:12:00,3,17.89,53.67
C00077,O001745,P0220,2025-07-11 18:56:00,4,14.45,57.8
C00142,O001882,P0143,2025-07-11 19:29:00,1,6.14,6.14
C00204,O001711,P0133,2025-07-11 19:33:00,2,27.33,54.66
C00204,O001711,P0125,2025-07-11 19:33:00,3,31.18,93.54
C00530,O001414,P0162,2025-07-11 19:46:00,1,12.44,12.44
C00571,O000891,P0202,2025-07-11 21:36:00,1,39.69,39.69
C00571,O000891,P0135,2025-07-11 21:36:00,1,9.27,9.27
C00571,O000891,P0023,2025-07-11 21:36:00,1,43.24,43.24
C00580,O001445,P0083,2025-07-12 08:44:00,1,16.1,16.1
C00580,O001445,P0202,2025-07-12 08:44:00,1,45.47,45.47
C00424,O002645,P0134,2025-07-12 10:03:00,1,19.85,19.85
C00187,O001115,P0093,2025-07-12 13:24:00,2,17.76,35.52
C00187,O001115,P0199,2025-07-12 13:24:00,2,19.63,39.26
C00258,O000046,P0218,2025-07-12 19:04:00,1,47.44,47.44
C00526,O001635,P0137,2025-07-12 22:06:00,1,21.6,21.6
C00566,O001161,P0159,2025-07-13 08:01:00,2,15.15,30.3
C00488,O001241,P0194,2025-07-13 13:51:00,3,43.16,129.48
C00474,O002033,P0125,2025-07-13 17:35:00,4,34.19,136.76
C00474,O002033,P0090,2025-07-13 17:35:00,1,28.37,28.37
C00474,O002033,P0192,2025-07-13 17:35:00,3,20.78,62.34
C00012,O001825,P0202,2025-07-13 22:40:00,3,39.59,118.77
C00218,O002501,P0143,2025-07-14 16:20:00,4,6.07,24.28
C00474,O002299,P0220,2025-07-14 17:53:00,1,14.49,14.49
C00474,O002299,P0134,2025-07-14 17:53:00,1,18.11,18.11
C00474,O002299,P0176,2025-07-14 17:53:00,1,21.96,21.96
C00235,O001660,P0190,2025-07-14 18:20:00,1,45.51,45.51
C00235,O001660,P0073,2025-07-14 18:20:00,1,11.44,11.44
C00235,O001660,P0045,2025-07-14 18:20:00,1,21.99,21.99
C00374,O001510,P0092,2025-07-14 18:34:00,2,17.99,35.98
C00374,O001510,P0033,2025-07-14 18:34:00,3,15.01,45.03
C00202,O003486,P0170,2025-07-14 18:44:00,4,19.09,76.36
C00202,O003486,P0152,2025-07-14 18:44:00,5,10.79,53.95
C00202,O003486,P0074,2025-07-14 18:44:00,1,29.83,29.83
C00527,O001704,P0202,2025-07-14 19:20:00,1,44.92,44.92
C00047,O000697,P0137,2025-07-14 22:51:00,4,22.7,90.8
C00564,O003320,P0137,2025-07-15 08:44:00,5,23.14,115.7
C00146,O003536,P0202,2025-07-15 12:30:00,2,47.48,94.96
C00146,O003536,P0088,2025-07-15 12:30:00,1,19.71,19.71
C00026,O000571,P0196,2025-07-15 16:22:00,2,13.97,27.94
C00508,O001285,P0073,2025-07-16 12:55:00,1,12.33,12.33
C00513,O003232,P0202,2025-07-16 13:55:00,1,37.76,37.76
C00317,O001021,P0137,2025-07-16 15:10:00,1,22.7,22.7
C00317,O001021,P0214,2025-07-16 15:10:00,1,14.87,14.87
C00377,O001465,P0015,2025-07-16 16:24:00,2,25.0,50.0
C00517,O003285,P0139,2025-07-16 17:32:00,1,61.56,61.56
C00517,O003285,P0120,2025-07-16 17:32:00,1,17.55,17.55
C00199,O002283,P0087,2025-07-16 19:26:00,1,16.73,16.73
C00253,O000676,P0033,2025-07-16 19:51:00,1,14.12,14.12
C00158,O000604,P0072,2025-07-16 20:34:00,1,10.92,10.92
C00530,O002098,P0177,2025-07-17 14:22:00,1,45.56,45.56
C00394,O000568,P0202,2025-07-18 12:29:00,3,44.17,132.51
C00370,O001634,P0184,2025-07-18 15:26:00,3,36.61,109.83
C00370,O001634,P0032,2025-07-18 15:26:00,2,16.34,32.68
C00370,O001634,P0168,2025-07-18 15:26:00,1,23.1,23.1
C00325,O000768,P0128,2025-07-19 08:09:00,1,11.26,11.26
C00325,O000768,P0004,2025-07-19 08:09:00,2,35.03,70.06
C00325,O000768,P0177,2025-07-19 08:09:00,2,43.19,86.38
C00137,O002787,P0014,2025-07-19 11:00:00,2,38.0,76.0
C00359,O000201,P0189,2025-07-19 14:28:00,1,10.07,10.07
C00006,O002899,P0037,2025-07-19 19:10:00,1,16.55,16.55
C00010,O001985,P0202,2025-07-19 20:55:00,4,36.91,147.64
C00010,O001985,P0176,2025-07-19 20:55:00,1,22.62,22.62
C00078,O002532,P0123,2025-07-20 08:05:00,2,23.8,47.6
C00450,O002527,P0094,2025-07-20 08:27:00,2,19.14,38.28
C00150,O001186,P0067,2025-07-20 10:04:00,4,16.29,65.16
C00290,O003171,P0004,2025-07-20 12:20:00,3,30.96,92.88
C00226,O003594,P0215,2025-07-20 12:27:00,1,17.98,17.98
C00049,O002557,P0168,2025-07-20 12:50:00,5,25.68,128.4
C00359,O002585,P0073,2025-07-20 12:55:00,1,10.34,10.34
C00399,O000710,P0064,2025-07-21 09:21:00,3,30.81,92.43
C00055,O002958,P0083,2025-07-21 10:55:00,1,16.83,16.83
C00014,O002165,P0073,2025-07-21 12:33:00,3,11.4,34.2
C00533,O000324,P0079,2025-07-21 14:34:00,2,28.42,56.84
C00098,O000122,P0202,2025-07-21 15:00:00,3,41.54,124.62
C00415,O002176,P0211,2025-07-21 16:43:00,1,39.07,39.07
C00032,O002472,P0053,2025-07-21 20:00:00,2,9.49,18.98
C00331,O001442,P0202,2025-07-22 17:54:00,1,38.58,38.58
C00331,O001442,P0033,2025-07-22 17:54:00,3,14.74,44.22
C00331,O001442,P0170,2025-07-22 17:54:00,3,18.06,54.18
C00494,O003046,P0075,2025-07-23 09:02:00,4,23.84,95.36
C00494,O003046,P0196,2025-07-23 09:02:00,4,12.62,50.48
C00494,O003046,P0083,2025-07-23 09:02:00,2,17.0,34.0
C00134,O001519,P0157,2025-07-23 11:39:00,1,22.28,22.28
C00496,O000800,P0072,2025-07-23 12:08:00,1,10.54,10.54
C00243,O001383,P0137,2025-07-23 13:35:00,3,24.51,73.53
C00243,O001383,P0034,2025-07-23 13:35:00,2,11.71,23.42
C00243,O001383,P0109,2025-07-23 13:35:00,4,30.8,123.2
C00243,O001383,P0125,2025-07-23 13:35:00,2,34.47,68.94
C00411,O000799,P0169,2025-07-23 20:00:00,1,17.81,17.81
C00149,O002069,P0215,2025-07-24 11:53:00,1,15.76,15.76
C00580,O001006,P0162,2025-07-24 18:39:00,1,12.59,12.59
C00235,O002490,P0019,2025-07-24 19:20:00,1,31.82,31.82
C00060,O002290,P0204,2025-07-24 20:36:00,3,27.57,82.71
C00230,O002215,P0046,2025-07-24 21:16:00,2,21.89,43.78
C00277,O000515,P0208,2025-07-25 12:53:00,2,11.34,22.68
C00303,O000646,P0202,2025-07-25 14:16:00,2,43.78,87.56
C00035,O000065,P0208,2025-07-26 10:22:00,2,11.58,23.16
C00145,O002054,P0200,2025-07-26 11:05:00,2,17.61,35.22
C00145,O002054,P0202,2025-07-26 11:05:00,4,43.22,172.88
C00145,O002054,P0066,2025-07-26 11:05:00,2,26.86,53.72
C00375,O002107,P0106,2025-07-26 12:26:00,1,16.96,16.96
C00375,O002107,P0204,2025-07-26 12:26:00,2,31.05,62.1
C00597,O002076,P0130,2025-07-26 14:10:00,1,11.71,11.71
C00597,O002076,P0218,2025-07-26 14:10:00,3,42.0,126.0
C00597,O002076,P0196,2025-07-26 14:10:00,3,10.06,30.18
C00597,O002076,P0176,2025-07-26 14:10:00,1,21.74,21.74
C00302,O003360,P0133,2025-07-26 14:58:00,3,26.65,79.95
C00302,O003360,P0176,2025-07-26 14:58:00,1,23.88,23.88
C00302,O003360,P0181,2025-07-26 14:58:00,4,37.6,150.4
C00082,O003254,P0139,2025-07-26 15:33:00,2,62.25,124.5
C00094,O000677,P0064,2025-07-26 17:51:00,3,27.29,81.87
C00456,O002447,P0129,2025-07-26 21:38:00,1,15.14,15.14
C00595,O002133,P0218,2025-07-27 13:28:00,1,41.12,41.12
C00112,O003387,P0200,2025-07-27 15:46:00,4,17.57,70.28
C00280,O002524,P0198,2025-07-28 08:32:00,1,15.76,15.76
C00474,O000982,P0075,2025-07-28 09:58:00,1,21.71,21.71
C00474,O000982,P0157,2025-07-28 09:58:00,4,23.47,93.88
C00474,O000982,P0202,2025-07-28 09:58:00,5,42.67,213.35
C00048,O001760,P0204,2025-07-28 10:46:00,1,29.08,29.08
C00048,O001760,P0220,2025-07-28 10:46:00,1,13.86,13.86
C00209,O000826,P0085,2025-07-28 10:58:00,2,10.68,21.36
C00389,O000936,P0083,2025-07-28 11:14:00,3,14.87,44.61
C00071,O002368,P0204,2025-07-28 12:50:00,2,27.56,55.12
C00179,O002406,P0012,2025-07-28 17:19:00,1,29.59,29.59
C00309,O000665,P0007,2025-07-28 22:33:00,4,23.77,95.08
C00419,O001801,P0208,2025-07-29 12:24:00,3,10.97,32.91
C00578,O002177,P0172,2025-07-29 12:30:00,2,27.13,54.26
C00578,O002177,P0211,2025-07-29 12:30:00,1,36.82,36.82
C00469,O002151,P0182,2025-07-29 13:10:00,2,24.22,48.44
C00469,O002151,P0177,2025-07-29 13:10:00,1,50.25,50.25
C00469,O002151,P0189,2025-07-29 13:10:00,1,9.13,9.13
C00121,O000840,P0137,2025-07-29 13:36:00,2,21.9,43.8
C00556,O001425,P0192,2025-07-29 14:08:00,4,17.52,70.08
C00028,O002926,P0085,2025-07-29 15:26:00,1,8.94,8.94
C00496,O000767,P0208,2025-07-29 16:22:00,2,10.82,21.64
C00496,O000767,P0019,2025-07-29 16:22:00,4,33.63,134.52
C00496,O000767,P0184,2025-07-29 16:22:00,4,40.96,163.84
C00533,O000680,P0202,2025-07-29 16:50:00,1,45.25,45.25
C00331,O001873,P0053,2025-07-29 21:57:00,2,8.92,17.84
C00408,O002639,P0075,2025-07-29 22:39:00,3,23.08,69.24
C00118,O001666,P0075,2025-07-30 10:37:00,1,20.86,20.86
C00118,O001666,P0202,2025-07-30 10:37:00,1,41.33,41.33
C00521,O000475,P0083,2025-07-30 10:43:00,5,16.48,82.4
C00521,O000475,P0047,2025-07-30 10:43:00,1,31.87,31.87
C00521,O000475,P0101,2025-07-30 10:43:00,4,16.97,67.88
C00314,O000570,P0034,2025-07-30 13:11:00,4,11.86,47.44
C00314,O000570,P0053,2025-07-30 13:11:00,5,8.71,43.55
C00574,O002457,P0022,2025-07-30 13:17:00,2,14.22,28.44
C00082,O000153,P0143,2025-07-30 20:58:00,2,5.88,11.76
C00552,O003151,P0125,2025-07-31 12:02:00,1,30.55,30.55
C00022,O000760,P0176,2025-07-31 14:52:00,1,21.43,21.43
C00022,O000760,P0177,2025-07-31 14:52:00,4,49.25,197.0
C00565,O000648,P0032,2025-07-31 14:59:00,3,17.89,53.67
C00565,O000648,P0202,2025-07-31 14:59:00,2,44.1,88.2
C00312,O001356,P0076,2025-07-31 17:19:00,1,28.74,28.74
C00355,O001134,P0145,2025-07-31 17:20:00,1,11.96,11.96
C00570,O001294,P0075,2025-07-31 19:08:00,4,21.19,84.76
C00570,O001294,P0161,2025-07-31 19:08:00,1,11.15,11.15
C00570,O001294,P0176,2025-07-31 19:08:00,1,22.24,22.24
C00475,O001415,P0097,2025-07-31 20:42:00,4,10.31,41.24
C00475,O001415,P0202,2025-07-31 20:42:00,5,43.46,217.3
C00475,O001415,P0180,2025-07-31 20:42:00,1,23.12,23.12
C00172,O003027,P0185,2025-08-01 12:57:00,1,23.69,23.69
C00351,O001132,P0170,2025-08-01 19:02:00,1,16.5,16.5
C00302,O000426,P0202,2025-08-01 22:31:00,4,45.0,180.0
C00566,O001024,P0053,2025-08-01 22:46:00,4,8.93,35.72
C00156,O002516,P0032,2025-08-02 09:28:00,1,17.24,17.24
C00156,O002516,P0085,2025-08-02 09:28:00,1,10.62,10.62
C00156,O002516,P0213,2025-08-02 09:28:00,2,21.81,43.62
C00156,O002516,P0067,2025-08-02 09:28:00,5,16.52,82.6
C00375,O002326,P0202,2025-08-02 12:31:00,4,48.17,192.68
C00375,O002326,P0113,2025-08-02 12:31:00,2,13.63,27.26
C00375,O002326,P0009,2025-08-02 12:31:00,2,19.67,39.34
C00305,O003230,P0044,2025-08-02 12:37:00,3,22.72,68.16
C00305,O003230,P0149,2025-08-02 12:37:00,1,40.61,40.61
C00305,O003230,P0066,2025-08-02 12:37:00,3,27.11,81.33
C00038,O002676,P0114,2025-08-02 15:01:00,1,9.75,9.75
C00247,O000550,P0077,2025-08-02 17:01:00,1,15.6,15.6
C00247,O000550,P0053,2025-08-02 17:01:00,2,7.68,15.36
C00596,O001352,P0032,2025-08-02 18:47:00,1,18.2,18.2
C00596,O001352,P0176,2025-08-02 18:47:00,4,21.67,86.68
C00596,O001352,P0019,2025-08-02 18:47:00,1,28.83,28.83
C00522,O002372,P0202,2025-08-03 17:56:00,1,41.23,41.23
C00043,O000701,P0055,2025-08-04 10:15:00,1,14.1,14.1
C00217,O000575,P0033,2025-08-04 11:10:00,1,15.62,15.62
C00493,O001756,P0025,2025-08-04 11:48:00,2,15.67,31.34
C00493,O001756,P0032,2025-08-04 11:48:00,2,15.22,30.44
C00493,O001756,P0200,2025-08-04 11:48:00,2,17.09,34.18
C00365,O001964,P0202,2025-08-04 13:23:00,1,42.49,42.49
C00004,O002541,P0172,2025-08-04 13:41:00,2,27.0,54.0
C00004,O002541,P0075,2025-08-04 13:41:00,4,20.45,81.8
C00346,O001596,P0137,2025-08-04 14:13:00,2,22.81,45.62
C00346,O001596,P0025,2025-08-04 14:13:00,1,15.83,15.83
C00424,O003355,P0005,2025-08-04 16:36:00,4,6.82,27.28
C00541,O003529,P0048,2025-08-04 16:46:00,1,22.81,22.81
C00134,O003155,P0002,2025-08-04 21:55:00,3,11.12,33.36
C00521,O002334,P0052,2025-08-05 09:12:00,1,26.24,26.24
C00521,O002334,P0219,2025-08-05 09:12:00,1,18.02,18.02
C00140,O001722,P0076,2025-08-05 14:30:00,1,30.57,30.57
C00571,O000602,P0184,2025-08-05 19:48:00,3,42.92,128.76
C00571,O000602,P0054,2025-08-05 19:48:00,1,16.15,16.15
C00571,O000602,P0139,2025-08-05 19:48:00,1,69.24,69.24
C00289,O000592,P0002,2025-08-05 20:48:00,2,10.93,21.86
C00201,O000248,P0189,2025-08-05 20:50:00,1,9.42,9.42
C00271,O000260,P0005,2025-08-06 10:30:00,2,6.18,12.36
C00357,O003521,P0015,2025-08-06 13:16:00,1,28.65,28.65
C00125,O001848,P0088,2025-08-06 14:44:00,1,22.56,22.56
C00125,O001848,P0072,2025-08-06 14:44:00,1,10.95,10.95
C00354,O001776,P0129,2025-08-06 15:50:00,3,13.09,39.27
C00354,O001776,P0012,2025-08-06 15:50:00,2,27.69,55.38
C00245,O001176,P0093,2025-08-06 20:57:00,1,15.58,15.58
C00162,O001905,P0004,2025-08-06 22:04:00,1,35.88,35.88
C00431,O001052,P0139,2025-08-07 15:53:00,2,64.33,128.66
C00035,O003580,P0192,2025-08-07 17:55:00,2,18.4,36.8
C00035,O003580,P0213,2025-08-07 17:55:00,2,19.05,38.1
C00322,O001080,P0144,2025-08-07 18:06:00,2,23.67,47.34
C00023,O001633,P0122,2025-08-07 18:08:00,2,20.01,40.02
C00526,O000888,P0044,2025-08-08 13:01:00,5,27.99,139.95
C00077,O002828,P0101,2025-08-08 17:44:00,2,16.23,32.46
C00379,O000095,P0041,2025-08-08 22:04:00,3,28.48,85.44
C00097,O000580,P0137,2025-08-09 09:07:00,2,21.58,43.16
C00097,O000580,P0210,2025-08-09 09:07:00,2,17.5,35.0
C00097,O000580,P0004,2025-08-09 09:07:00,1,33.45,33.45
C00035,O002756,P0140,2025-08-09 11:06:00,2,93.97,187.94
C00476,O000766,P0185,2025-08-09 14:26:00,1,26.7,26.7
C00108,O001959,P0180,2025-08-09 17:16:00,2,21.92,43.84
C00399,O003473,P0034,2025-08-09 21:13:00,1,13.55,13.55
C00476,O001938,P0088,2025-08-10 10:06:00,2,20.09,40.18
C00476,O001938,P0157,2025-08-10 10:06:00,4,23.33,93.32
C00476,O001938,P0007,2025-08-10 10:06:00,2,23.22,46.44
C00370,O000081,P0202,2025-08-10 11:47:00,3,37.2,111.6
C00468,O002688,P0174,2025-08-10 15:14:00,2,10.36,20.72
C00468,O002688,P0167,2025-08-10 15:14:00,1,33.99,33.99
C00468,O002688,P0062,2025-08-10 15:14:00,5,17.12,85.6
C00596,O000198,P0094,2025-08-10 16:52:00,1,18.24,18.24
C00596,O000198,P0210,2025-08-10 16:52:00,1,16.72,16.72
C00596,O000198,P0073,2025-08-10 16:52:00,1,11.85,11.85
C00013,O001239,P0143,2025-08-10 16:53:00,2,6.11,12.22
C00013,O001239,P0094,2025-08-10 16:53:00,2,17.7,35.4
C00013,O001239,P0060,2025-08-10 16:53:00,3,31.1,93.3
C00436,O002976,P0044,2025-08-10 19:10:00,1,20.5,20.5
C00436,O002976,P0024,2025-08-10 19:10:00,1,19.9,19.9
C00436,O002976,P0094,2025-08-10 19:10:00,1,17.61,17.61
C00024,O000228,P0210,2025-08-10 21:40:00,1,17.25,17.25
C00583,O002108,P0168,2025-08-11 08:31:00,1,27.14,27.14
C00583,O002108,P0139,2025-08-11 08:31:00,3,63.54,190.62
C00583,O002108,P0195,2025-08-11 08:31:00,3,10.82,32.46
C00583,O002108,P0083,2025-08-11 08:31:00,2,16.29,32.58
C00125,O003437,P0002,2025-08-11 08:39:00,4,11.7,46.8
C00125,O003437,P0185,2025-08-11 08:39:00,1,30.86,30.86
C00056,O001638,P0202,2025-08-11 09:42:00,2,45.91,91.82
C00056,O001638,P0085,2025-08-11 09:42:00,2,11.48,22.96
C00056,O001638,P0091,2025-08-11 09:42:00,1,30.46,30.46
C00056,O001638,P0214,2025-08-11 09:42:00,1,13.23,13.23
C00496,O002318,P0214,2025-08-11 11:29:00,2,15.63,31.26
C00496,O002318,P0032,2025-08-11 11:29:00,3,16.93,50.79
C00496,O002318,P0176,2025-08-11 11:29:00,2,23.18,46.36
C00393,O001677,P0062,2025-08-11 17:46:00,3,15.85,47.55
C00393,O001677,P0132,2025-08-11 17:46:00,2,9.56,19.12
C00078,O001000,P0213,2025-08-11 18:31:00,2,17.42,34.84
C00199,O000293,P0132,2025-08-11 21:48:00,2,10.43,20.86
C00320,O003140,P0096,2025-08-11 22:19:00,1,8.91,8.91
C00320,O003140,P0195,2025-08-11 22:19:00,1,11.84,11.84
C00005,O000719,P0054,2025-08-12 11:31:00,1,16.28,16.28
C00005,O000719,P0137,2025-08-12 11:31:00,4,22.87,91.48
C00005,O000719,P0133,2025-08-12 11:31:00,1,30.07,30.07
C00005,O000719,P0022,2025-08-12 11:31:00,2,13.1,26.2
C00277,O001538,P0075,2025-08-12 12:26:00,3,21.46,64.38
C00174,O000341,P0176,2025-08-13 15:07:00,2,20.19,40.38
C00416,O002071,P0185,2025-08-13 17:07:00,2,28.14,56.28
C00370,O000997,P0075,2025-08-14 08:54:00,2,22.0,44.0
C00370,O000997,P0140,2025-08-14 08:54:00,1,94.82,94.82
C00520,O002738,P0175,2025-08-14 09:31:00,3,10.04,30.12
C00520,O002738,P0181,2025-08-14 09:31:00,1,38.21,38.21
C00148,O002416,P0071,2025-08-14 10:37:00,1,10.32,10.32
C00062,O000157,P0022,2025-08-14 12:16:00,2,13.11,26.22
C00160,O001795,P0172,2025-08-14 13:42:00,1,22.17,22.17
C00160,O001795,P0196,2025-08-14 13:42:00,1,10.93,10.93
C00558,O003196,P0068,2025-08-14 14:38:00,2,13.21,26.42
C00171,O001811,P0017,2025-08-14 16:11:00,1,24.62,24.62
C00333,O000189,P0032,2025-08-14 19:31:00,1,17.3,17.3
C00333,O000189,P0087,2025-08-14 19:31:00,1,15.06,15.06
C00333,O000189,P0118,2025-08-14 19:31:00,2,19.56,39.12
C00201,O002785,P0045,2025-08-14 21:11:00,1,21.56,21.56
C00097,O002282,P0067,2025-08-14 22:27:00,3,17.26,51.78
C00097,O002282,P0137,2025-08-14 22:27:00,3,25.76,77.28
C00097,O002282,P0170,2025-08-14 22:27:00,1,18.36,18.36
C00513,O000482,P0132,2025-08-15 09:11:00,1,8.44,8.44
C00285,O002512,P0195,2025-08-15 16:57:00,3,11.09,33.27
C00477,O001838,P0195,2025-08-15 19:35:00,1,12.61,12.61
C00144,O000363,P0034,2025-08-15 20:58:00,1,13.17,13.17
C00144,O000363,P0129,2025-08-15 20:58:00,2,14.82,29.64
C00144,O000363,P0092,2025-08-15 20:58:00,2,19.37,38.74
C00144,O000363,P0060,2025-08-15 20:58:00,3,33.29,99.87
C00286,O000410,P0174,2025-08-16 08:00:00,1,10.62,10.62
C00355,O000191,P0059,2025-08-16 10:13:00,1,10.82,10.82
C00355,O000191,P0202,2025-08-16 10:13:00,2,49.85,99.7
C00355,O000191,P0127,2025-08-16 10:13:00,1,40.58,40.58
C00314,O002636,P0127,2025-08-16 10:26:00,1,38.64,38.64
C00064,O000356,P0137,2025-08-16 14:00:00,2,22.03,44.06
C00064,O000356,P0162,2025-08-16 14:00:00,1,13.06,13.06
C00064,O000356,P0082,2025-08-16 14:00:00,2,14.53,29.06
C00335,O002018,P0208,2025-08-16 20:45:00,1,11.18,11.18
C00335,O002018,P0112,2025-08-16 20:45:00,1,22.82,22.82
C00335,O002018,P0120,2025-08-16 20:45:00,4,15.64,62.56
C00307,O000916,P0194,2025-08-17 11:15:00,1,50.68,50.68
C00121,O002902,P0171,2025-08-17 15:58:00,2,14.42,28.84
C00071,O002795,P0193,2025-08-17 17:33:00,1,16.06,16.06
C00071,O002795,P0194,2025-08-17 17:33:00,3,39.59,118.77
C00041,O003314,P0202,2025-08-17 18:01:00,1,42.52,42.52
C00041,O003314,P0124,2025-08-17 18:01:00,1,41.79,41.79
C00043,O002759,P0194,2025-08-17 19:39:00,2,44.51,89.02
C00043,O002759,P0019,2025-08-17 19:39:00,2,31.62,63.24
C00485,O002822,P0032,2025-08-17 22:58:00,3,16.1,48.3
C00485,O002822,P0074,2025-08-17 22:58:00,1,26.45,26.45
C00485,O002822,P0176,2025-08-17 22:58:00,1,21.33,21.33
C00533,O003250,P0200,2025-08-18 14:01:00,1,17.65,17.65
C00533,O003250,P0211,2025-08-18 14:01:00,2,32.42,64.84
C00550,O003349,P0007,2025-08-18 14:12:00,4,17.2,68.8
C00550,O003349,P0206,2025-08-18 14:12:00,2,19.72,39.44
C00594,O002464,P0210,2025-08-18 14:25:00,1,15.02,15.02
C00024,O000253,P0044,2025-08-18 14:26:00,1,21.02,21.02
C00127,O001359,P0133,2025-08-18 16:28:00,1,27.91,27.91
C00127,O001359,P0108,2025-08-18 16:28:00,2,17.93,35.86
C00525,O002394,P0156,2025-08-19 08:40:00,1,49.64,49.64
C00517,O003494,P0129,2025-08-19 08:42:00,1,15.95,15.95
C00051,O001970,P0013,2025-08-19 09:43:00,1,19.09,19.09
C00280,O002554,P0129,2025-08-19 09:56:00,2,14.06,28.12
C00280,O002554,P0075,2025-08-19 09:56:00,1,20.49,20.49
C00530,O001061,P0117,2025-08-19 13:08:00,1,23.98,23.98
C00530,O001061,P0169,2025-08-19 13:08:00,1,20.99,20.99
C00076,O000030,P0076,2025-08-19 13:56:00,1,27.42,27.42
C00076,O000030,P0135,2025-08-19 13:56:00,5,9.3,46.5
C00076,O000030,P0052,2025-08-19 13:56:00,2,26.94,53.88
C00435,O002778,P0215,2025-08-19 14:09:00,2,16.98,33.96
C00435,O002778,P0075,2025-08-19 14:09:00,3,22.38,67.14
C00435,O002778,P0002,2025-08-19 14:09:00,2,12.01,24.02
C00005,O003532,P0077,2025-08-19 20:08:00,2,14.01,28.02
C00526,O000177,P0118,2025-08-19 20:24:00,1,19.76,19.76
C00371,O000847,P0079,2025-08-19 20:36:00,1,27.9,27.9
C00371,O000847,P0213,2025-08-19 20:36:00,1,21.71,21.71
C00371,O000847,P0196,2025-08-19 20:36:00,1,12.77,12.77
C00371,O000847,P0199,2025-08-19 20:36:00,1,20.83,20.83
C00035,O001684,P0075,2025-08-20 13:59:00,2,20.27,40.54
C00035,O001684,P0103,2025-08-20 13:59:00,2,16.29,32.58
C00209,O002573,P0189,2025-08-20 16:34:00,1,9.37,9.37
C00554,O000998,P0143,2025-08-20 16:34:00,1,6.77,6.77
C00566,O001742,P0053,2025-08-20 18:38:00,2,9.71,19.42
C00080,O002008,P0137,2025-08-20 20:32:00,3,23.07,69.21
C00125,O001366,P0032,2025-08-21 09:51:00,1,14.98,14.98
C00077,O000079,P0091,2025-08-21 12:43:00,4,29.93,119.72
C00031,O002116,P0199,2025-08-21 21:56:00,3,21.06,63.18
C00035,O001544,P0202,2025-08-21 22:27:00,1,43.57,43.57
C00322,O001152,P0144,2025-08-22 16:04:00,2,21.67,43.34
C00211,O003241,P0153,2025-08-22 21:10:00,2,7.67,15.34
C00332,O002661,P0160,2025-08-23 08:48:00,1,11.29,11.29
C00164,O003149,P0110,2025-08-23 17:06:00,1,8.8,8.8
C00164,O003149,P0194,2025-08-23 17:06:00,1,42.61,42.61
C00107,O003132,P0077,2025-08-23 21:01:00,1,15.16,15.16
C00107,O003132,P0079,2025-08-23 21:01:00,1,26.55,26.55
C00263,O001156,P0044,2025-08-24 10:54:00,1,23.02,23.02
C00397,O001144,P0060,2025-08-24 16:40:00,1,31.46,31.46
C00025,O003045,P0007,2025-08-24 17:11:00,3,20.09,60.27
C00025,O003045,P0034,2025-08-24 17:11:00,4,13.49,53.96
C00556,O001784,P0110,2025-08-26 12:53:00,1,7.95,7.95
C00513,O002172,P0075,2025-08-27 08:37:00,4,21.78,87.12
C00252,O000836,P0074,2025-08-27 09:53:00,4,27.69,110.76
C00021,O000219,P0176,2025-08-27 10:06:00,1,20.88,20.88
C00021,O000219,P0143,2025-08-27 10:06:00,1,6.16,6.16
C00077,O001471,P0162,2025-08-27 10:13:00,2,12.08,24.16
C00314,O003173,P0185,2025-08-27 13:00:00,3,22.67,68.01
C00314,O003173,P0111,2025-08-27 13:00:00,1,25.96,25.96
C00176,O001467,P0075,2025-08-27 21:20:00,1,21.76,21.76
C00176,O001467,P0139,2025-08-27 21:20:00,1,61.53,61.53
C00176,O001467,P0202,2025-08-27 21:20:00,1,47.51,47.51
C00361,O001034,P0091,2025-08-28 13:52:00,2,31.06,62.12
C00361,O001034,P0043,2025-08-28 13:52:00,2,14.38,28.76
C00361,O001034,P0176,2025-08-28 13:52:00,2,23.52,47.04
C00510,O002808,P0023,2025-08-28 19:22:00,2,34.3,68.6
C00510,O002808,P0056,2025-08-28 19:22:00,1,13.63,13.63
C00400,O002526,P0192,2025-08-29 15:19:00,1,18.41,18.41
C00504,O002340,P0114,2025-08-29 15:45:00,3,8.56,25.68
C00125,O000889,P0153,2025-08-29 17:55:00,1,7.96,7.96
C00443,O002402,P0132,2025-08-29 19:09:00,2,9.13,18.26
C00443,O002402,P0185,2025-08-29 19:09:00,1,27.32,27.32
C00356,O001559,P0044,2025-08-29 19:52:00,2,20.95,41.9
C00205,O002332,P0044,2025-08-30 08:33:00,1,25.69,25.69
C00205,O002332,P0177,2025-08-30 08:33:00,1,50.6,50.6
C00149,O000294,P0011,2025-08-30 12:17:00,1,32.65,32.65
C00062,O002014,P0075,2025-08-30 13:35:00,1,20.41,20.41
C00062,O002014,P0129,2025-08-30 13:35:00,2,14.56,29.12
C00049,O001792,P0220,2025-08-30 16:37:00,2,14.88,29.76
C00342,O002817,P0137,2025-08-30 16:53:00,3,25.14,75.42
C00290,O000467,P0020,2025-08-31 08:31:00,1,19.26,19.26
C00290,O000467,P0127,2025-08-31 08:31:00,2,40.74,81.48
C00043,O001966,P0133,2025-08-31 10:21:00,1,27.41,27.41
C00061,O001912,P0075,2025-08-31 15:13:00,1,21.03,21.03
C00328,O002706,P0178,2025-08-31 15:34:00,1,23.71,23.71
C00328,O002706,P0103,2025-08-31 15:34:00,1,16.16,16.16
C00242,O001422,P0189,2025-08-31 17:17:00,2,9.42,18.84
C00138,O003187,P0019,2025-08-31 18:21:00,1,33.21,33.21
C00445,O000581,P0174,2025-08-31 20:48:00,2,9.68,19.36
C00227,O003204,P0176,2025-09-01 10:21:00,1,25.15,25.15
C00209,O002945,P0069,2025-09-01 13:27:00,3,34.61,103.83
C00383,O003231,P0220,2025-09-01 14:19:00,3,13.61,40.83
C00049,O000311,P0181,2025-09-01 15:35:00,5,42.31,211.55
C00049,O000311,P0195,2025-09-01 15:35:00,3,10.9,32.7
C00527,O001358,P0139,2025-09-02 14:03:00,1,58.65,58.65
C00067,O000640,P0114,2025-09-02 15:11:00,3,9.37,28.11
C00028,O001120,P0077,2025-09-02 15:43:00,1,15.53,15.53
C00028,O001120,P0126,2025-09-02 15:43:00,3,26.87,80.61
C00028,O001120,P0120,2025-09-02 15:43:00,1,17.68,17.68
C00332,O003540,P0007,2025-09-02 18:15:00,5,18.8,94.0
C00332,O003540,P0097,2025-09-02 18:15:00,2,9.49,18.98
C00332,O003540,P0156,2025-09-02 18:15:00,1,58.51,58.51
C00332,O003540,P0042,2025-09-02 18:15:00,2,24.99,49.98
C00354,O002068,P0137,2025-09-02 18:58:00,1,21.59,21.59
C00354,O002068,P0124,2025-09-02 18:58:00,1,43.26,43.26
C00354,O002068,P0156,2025-09-02 18:58:00,1,49.44,49.44
C00408,O002121,P0202,2025-09-03 11:06:00,1,40.37,40.37
C00408,O002121,P0176,2025-09-03 11:06:00,1,23.3,23.3
C00408,O002121,P0045,2025-09-03 11:06:00,1,20.23,20.23
C00150,O000983,P0075,2025-09-03 12:47:00,3,24.89,74.67
C00501,O002179,P0067,2025-09-03 21:32:00,5,15.34,76.7
C00284,O002253,P0184,2025-09-03 22:22:00,1,32.73,32.73
C00192,O002523,P0213,2025-09-03 22:28:00,2,18.88,37.76
C00192,O002523,P0189,2025-09-03 22:28:00,1,10.45,10.45
C00192,O002523,P0171,2025-09-03 22:28:00,1,14.52,14.52
C00334,O002021,P0110,2025-09-04 08:29:00,2,6.84,13.68
C00113,O001296,P0018,2025-09-04 10:12:00,2,11.11,22.22
C00113,O001296,P0028,2025-09-04 10:12:00,1,26.03,26.03
C00113,O001296,P0139,2025-09-04 10:12:00,2,62.76,125.52
C00209,O000489,P0051,2025-09-04 11:16:00,1,21.13,21.13
C00127,O002600,P0137,2025-09-04 14:44:00,1,28.02,28.02
C00517,O002693,P0129,2025-09-04 16:12:00,2,14.3,28.6
C00517,O002693,P0032,2025-09-04 16:12:00,2,15.98,31.96
C00517,O002693,P0189,2025-09-04 16:12:00,1,9.22,9.22
C00566,O001769,P0015,2025-09-04 20:13:00,2,29.04,58.08
C00137,O001945,P0202,2025-09-05 16:03:00,1,42.63,42.63
C00497,O002205,P0156,2025-09-05 20:40:00,3,56.87,170.61
C00497,O002205,P0097,2025-09-05 20:40:00,2,10.91,21.82
C00322,O000233,P0090,2025-09-05 21:56:00,1,26.41,26.41
C00307,O001976,P0202,2025-09-06 10:39:00,1,39.56,39.56
C00307,O001976,P0032,2025-09-06 10:39:00,4,16.03,64.12
C00307,O001976,P0203,2025-09-06 10:39:00,1,22.38,22.38
C00309,O000931,P0165,2025-09-06 14:41:00,1,28.89,28.89
C00309,O000931,P0059,2025-09-06 14:41:00,2,13.85,27.7
C00008,O002674,P0061,2025-09-06 18:57:00,1,8.88,8.88
C00399,O002598,P0157,2025-09-07 08:23:00,1,20.28,20.28
C00263,O000337,P0156,2025-09-07 19:47:00,3,54.18,162.54
C00263,O000337,P0075,2025-09-07 19:47:00,3,23.04,69.12
C00474,O002903,P0159,2025-09-08 08:21:00,2,15.82,31.64
C00205,O001812,P0007,2025-09-08 16:13:00,2,21.56,43.12
C00205,O001812,P0189,2025-09-08 16:13:00,1,10.38,10.38
C00205,O001812,P0202,2025-09-08 16:13:00,1,49.57,49.57
C00035,O001154,P0051,2025-09-08 18:27:00,5,20.61,103.05
C00035,O001154,P0160,2025-09-08 18:27:00,3,10.48,31.44
C00076,O002408,P0081,2025-09-08 19:41:00,1,29.17,29.17
C00411,O001791,P0062,2025-09-08 22:08:00,1,18.32,18.32
C00334,O002784,P0090,2025-09-09 09:54:00,2,27.63,55.26
C00334,O002784,P0195,2025-09-09 09:54:00,1,12.11,12.11
C00529,O000986,P0036,2025-09-09 10:53:00,1,37.42,37.42
C00240,O003017,P0097,2025-09-09 11:24:00,1,10.74,10.74
C00240,O003017,P0110,2025-09-09 11:24:00,3,8.62,25.86
C00450,O001184,P0032,2025-09-09 19:14:00,2,15.43,30.86
C00467,O002965,P0076,2025-09-09 20:17:00,5,32.36,161.8
C00343,O000880,P0152,2025-09-09 21:51:00,2,10.93,21.86
C00343,O000880,P0153,2025-09-09 21:51:00,2,7.85,15.7
C00037,O002144,P0176,2025-09-10 08:24:00,2,21.81,43.62
C00037,O002144,P0115,2025-09-10 08:24:00,1,22.54,22.54
C00504,O001475,P0155,2025-09-10 08:41:00,1,19.52,19.52
C00504,O001475,P0195,2025-09-10 08:41:00,2,11.5,23.0
C00314,O002235,P0043,2025-09-10 09:25:00,2,14.63,29.26
C00314,O002235,P0186,2025-09-10 09:25:00,3,47.87,143.61
C00314,O002235,P0085,2025-09-10 09:25:00,1,8.95,8.95
C00596,O001595,P0076,2025-09-10 10:56:00,1,27.81,27.81
C00596,O001595,P0032,2025-09-10 10:56:00,5,17.81,89.05
C00596,O001595,P0157,2025-09-10 10:56:00,1,23.67,23.67
C00240,O003474,P0055,2025-09-10 22:34:00,3,16.63,49.89
C00240,O003474,P0060,2025-09-10 22:34:00,2,32.94,65.88
C00584,O000733,P0085,2025-09-11 11:42:00,1,9.17,9.17
C00375,O003211,P0157,2025-09-11 15:03:00,1,22.21,22.21
C00375,O003211,P0189,2025-09-11 15:03:00,5,9.62,48.1
C00375,O003211,P0044,2025-09-11 15:03:00,1,22.24,22.24
C00443,O003274,P0178,2025-09-11 15:20:00,1,20.4,20.4
C00441,O003325,P0025,2025-09-11 17:18:00,5,15.83,79.15
C00009,O002181,P0044,2025-09-11 17:53:00,4,22.47,89.88
C00009,O002181,P0073,2025-09-11 17:53:00,5,12.57,62.85
C00009,O002181,P0213,2025-09-11 17:53:00,2,22.36,44.72
C00249,O003485,P0033,2025-09-11 22:05:00,1,16.55,16.55
C00249,O003485,P0208,2025-09-11 22:05:00,1,10.51,10.51
C00113,O002897,P0176,2025-09-11 22:49:00,2,19.6,39.2
C00113,O002897,P0116,2025-09-11 22:49:00,5,16.04,80.2
C00113,O002897,P0004,2025-09-11 22:49:00,2,33.76,67.52
C00346,O000811,P0048,2025-09-12 13:20:00,1,23.05,23.05
C00346,O000811,P0170,2025-09-12 13:20:00,2,18.74,37.48
C00355,O001987,P0200,2025-09-12 14:09:00,3,17.07,51.21
C00245,O000913,P0056,2025-09-12 14:14:00,1,16.68,16.68
C00416,O001292,P0033,2025-09-12 15:49:00,2,16.2,32.4
C00342,O000180,P0066,2025-09-13 10:33:00,1,30.95,30.95
C00342,O000180,P0020,2025-09-13 10:33:00,2,19.83,39.66
C00342,O000180,P0129,2025-09-13 10:33:00,1,14.61,14.61
C00342,O000180,P0076,2025-09-13 10:33:00,1,29.42,29.42
C00510,O001104,P0067,2025-09-13 10:46:00,4,16.83,67.32
C00147,O000821,P0091,2025-09-13 13:16:00,1,30.12,30.12
C00147,O000821,P0094,2025-09-13 13:16:00,1,18.5,18.5
C00536,O002646,P0034,2025-09-13 14:11:00,2,13.62,27.24
C00536,O002646,P0182,2025-09-13 14:11:00,2,19.86,39.72
C00168,O000131,P0181,2025-09-13 20:00:00,1,41.27,41.27
C00005,O000361,P0137,2025-09-13 20:04:00,1,24.04,24.04
C00228,O002718,P0103,2025-09-13 22:04:00,4,15.49,61.96
C00474,O000736,P0072,2025-09-14 13:19:00,1,11.18,11.18
C00474,O000736,P0159,2025-09-14 13:19:00,1,15.12,15.12
C00474,O000736,P0040,2025-09-14 13:19:00,2,30.42,60.84
C00317,O001505,P0083,2025-09-14 19:18:00,1,16.66,16.66
C00317,O001505,P0103,2025-09-14 19:18:00,1,16.44,16.44
C00317,O001505,P0188,2025-09-14 19:18:00,4,10.34,41.36
C00508,O001524,P0018,2025-09-14 21:24:00,2,12.28,24.56
C00508,O001524,P0032,2025-09-14 21:24:00,1,16.6,16.6
C00508,O001524,P0010,2025-09-14 21:24:00,1,13.26,13.26
C00320,O001899,P0213,2025-09-14 21:27:00,1,17.69,17.69
C00320,O001899,P0083,2025-09-14 21:27:00,3,15.65,46.95
C00527,O002046,P0202,2025-09-15 15:43:00,1,43.65,43.65
C00527,O002046,P0215,2025-09-15 15:43:00,2,18.61,37.22
C00527,O002046,P0196,2025-09-15 15:43:00,1,13.01,13.01
C00406,O001070,P0176,2025-09-15 16:25:00,3,23.15,69.45
C00406,O001070,P0065,2025-09-15 16:25:00,4,29.63,118.52
C00406,O001070,P0213,2025-09-15 16:25:00,2,20.93,41.86
C00204,O002260,P0102,2025-09-15 16:27:00,1,36.23,36.23
C00028,O003339,P0202,2025-09-15 18:55:00,2,37.08,74.16
C00090,O002874,P0197,2025-09-15 20:27:00,1,29.58,29.58
C00179,O000419,P0211,2025-09-15 21:55:00,3,29.14,87.42
C00268,O003263,P0050,2025-09-15 22:43:00,1,19.71,19.71
C00268,O003263,P0103,2025-09-15 22:43:00,2,15.05,30.1
C00268,O003263,P0024,2025-09-15 22:43:00,4,16.07,64.28
C00198,O002518,P0010,2025-09-16 09:30:00,2,12.47,24.94
C00168,O001763,P0045,2025-09-16 10:32:00,2,19.94,39.88
C00306,O001943,P0092,2025-09-16 12:18:00,3,19.26,57.78
C00306,O001943,P0096,2025-09-16 12:18:00,2,9.9,19.8
C00306,O001943,P0176,2025-09-16 12:18:00,4,23.36,93.44
C00554,O003413,P0177,2025-09-16 15:43:00,1,50.86,50.86
C00554,O003413,P0157,2025-09-16 15:43:00,2,23.2,46.4
C00150,O001607,P0044,2025-09-16 15:56:00,1,23.06,23.06
C00071,O002147,P0077,2025-09-17 15:49:00,2,15.67,31.34
C00060,O000438,P0125,2025-09-17 20:03:00,4,28.32,113.28
C00060,O000438,P0092,2025-09-17 20:03:00,1,20.53,20.53
C00322,O001126,P0032,2025-09-18 09:57:00,1,16.18,16.18
C00322,O001126,P0061,2025-09-18 09:57:00,1,7.85,7.85
C00322,O001126,P0171,2025-09-18 09:57:00,1,12.53,12.53
C00103,O002679,P0073,2025-09-18 10:02:00,5,13.54,67.7
C00100,O002692,P0088,2025-09-18 10:14:00,1,19.23,19.23
C00049,O000911,P0203,2025-09-18 19:16:00,4,21.79,87.16
C00049,O000911,P0198,2025-09-18 19:16:00,1,18.53,18.53
C00049,O000911,P0073,2025-09-18 19:16:00,2,13.22,26.44
C00049,O000911,P0213,2025-09-18 19:16:00,1,19.83,19.83
C00202,O003463,P0075,2025-09-18 21:13:00,2,22.52,45.04
C00352,O003410,P0176,2025-09-18 22:51:00,2,19.99,39.98
C00352,O003410,P0032,2025-09-18 22:51:00,3,15.49,46.47
C00142,O001766,P0189,2025-09-19 10:10:00,2,9.72,19.44
C00142,O001766,P0216,2025-09-19 10:10:00,1,39.4,39.4
C00142,O001766,P0195,2025-09-19 10:10:00,3,11.34,34.02
C00179,O001434,P0142,2025-09-19 11:24:00,4,10.85,43.4
C00060,O001318,P0032,2025-09-19 22:03:00,3,15.71,47.13
C00417,O003302,P0202,2025-09-20 11:36:00,2,45.67,91.34
C00544,O003153,P0168,2025-09-20 11:53:00,1,25.89,25.89
C00386,O002728,P0218,2025-09-20 12:21:00,1,44.52,44.52
C00437,O003294,P0088,2025-09-20 14:14:00,1,21.84,21.84
C00327,O000014,P0075,2025-09-20 21:58:00,1,21.89,21.89
C00049,O003513,P0189,2025-09-21 11:06:00,1,10.15,10.15
C00026,O002773,P0073,2025-09-21 12:45:00,2,13.57,27.14
C00113,O001536,P0133,2025-09-21 15:20:00,3,31.33,93.99
C00113,O001536,P0200,2025-09-21 15:20:00,1,19.41,19.41
C00369,O001367,P0068,2025-09-21 20:01:00,1,16.94,16.94
C00111,O002514,P0044,2025-09-22 10:10:00,1,21.17,21.17
C00395,O000171,P0075,2025-09-22 12:10:00,2,22.14,44.28
C00395,O000171,P0137,2025-09-22 12:10:00,1,22.15,22.15
C00508,O000987,P0093,2025-09-22 13:49:00,1,14.37,14.37
C00508,O000987,P0172,2025-09-22 13:49:00,2,21.7,43.4
C00098,O001406,P0189,2025-09-22 17:07:00,4,8.38,33.52
C00098,O001406,P0039,2025-09-22 17:07:00,1,13.02,13.02
C00557,O002811,P0012,2025-09-23 08:52:00,1,32.64,32.64
C00557,O002811,P0088,2025-09-23 08:52:00,1,18.91,18.91
C00527,O000810,P0213,2025-09-23 16:52:00,4,18.85,75.4
C00527,O000810,P0050,2025-09-23 16:52:00,2,20.01,40.02
C00327,O003035,P0103,2025-09-23 22:49:00,3,15.51,46.53
C00327,O003035,P0195,2025-09-23 22:49:00,2,10.68,21.36
C00266,O000977,P0129,2025-09-24 08:01:00,1,15.07,15.07
C00266,O000977,P0158,2025-09-24 08:01:00,2,36.4,72.8
C00431,O001570,P0032,2025-09-24 08:30:00,1,16.8,16.8
C00431,O001570,P0052,2025-09-24 08:30:00,1,27.79,27.79
C00431,O001570,P0053,2025-09-24 08:30:00,3,10.13,30.39
C00521,O003269,P0128,2025-09-24 13:34:00,1,10.87,10.87
C00370,O001491,P0218,2025-09-24 15:03:00,3,42.73,128.19
C00370,O001491,P0052,2025-09-24 15:03:00,2,26.84,53.68
C00318,O002041,P0031,2025-09-24 16:52:00,4,62.18,248.72
C00191,O002060,P0202,2025-09-24 19:20:00,2,43.3,86.6
C00191,O002060,P0186,2025-09-24 19:20:00,1,48.73,48.73
C00191,O002060,P0197,2025-09-24 19:20:00,4,31.56,126.24
C00294,O002226,P0080,2025-09-24 21:47:00,3,16.66,49.98
C00021,O002510,P0168,2025-09-25 22:37:00,1,28.47,28.47
C00264,O003105,P0067,2025-09-26 12:47:00,1,15.9,15.9
C00264,O003105,P0075,2025-09-26 12:47:00,3,19.06,57.18
C00264,O003105,P0190,2025-09-26 12:47:00,4,52.29,209.16
C00264,O003105,P0192,2025-09-26 12:47:00,1,15.76,15.76
C00555,O001736,P0032,2025-09-26 19:22:00,2,13.88,27.76
C00339,O003002,P0011,2025-09-26 19:58:00,2,31.65,63.3
C00530,O001181,P0126,2025-09-26 22:29:00,1,22.13,22.13
C00530,O001181,P0101,2025-09-26 22:29:00,1,16.42,16.42
C00307,O001522,P0004,2025-09-27 10:05:00,1,36.41,36.41
C00307,O001522,P0176,2025-09-27 10:05:00,3,23.4,70.2
C00112,O003405,P0053,2025-09-27 13:00:00,1,9.08,9.08
C00112,O003405,P0093,2025-09-27 13:00:00,2,15.77,31.54
C00112,O003405,P0218,2025-09-27 13:00:00,2,44.44,88.88
C00037,O003330,P0025,2025-09-27 16:10:00,2,16.5,33.0
C00037,O003330,P0125,2025-09-27 16:10:00,1,35.21,35.21
C00443,O001920,P0137,2025-09-27 16:41:00,1,25.75,25.75
C00443,O001920,P0102,2025-09-27 16:41:00,1,39.11,39.11
C00171,O001896,P0028,2025-09-27 16:53:00,2,26.31,52.62
C00376,O000299,P0176,2025-09-27 19:42:00,2,23.03,46.06
C00376,O000299,P0073,2025-09-27 19:42:00,1,11.79,11.79
C00376,O000299,P0032,2025-09-27 19:42:00,5,17.86,89.3
C00512,O002238,P0153,2025-09-27 20:19:00,5,8.05,40.25
C00152,O002152,P0220,2025-09-27 20:36:00,3,14.12,42.36
C00475,O003422,P0044,2025-09-27 22:32:00,1,22.15,22.15
C00552,O002201,P0192,2025-09-27 22:51:00,4,17.65,70.6
C00552,O002201,P0148,2025-09-27 22:51:00,2,16.59,33.18
C00158,O003383,P0182,2025-09-28 09:50:00,3,19.3,57.9
C00158,O003383,P0102,2025-09-28 09:50:00,2,41.32,82.64
C00158,O003383,P0143,2025-09-28 09:50:00,1,6.23,6.23
C00158,O003383,P0128,2025-09-28 09:50:00,1,10.95,10.95
C00279,O002857,P0172,2025-09-28 10:27:00,1,27.34,27.34
C00279,O002857,P0100,2025-09-28 10:27:00,1,12.71,12.71
C00530,O001477,P0032,2025-09-28 12:25:00,1,16.08,16.08
C00530,O001477,P0202,2025-09-28 12:25:00,2,43.23,86.46
C00530,O001477,P0103,2025-09-28 12:25:00,4,18.77,75.08
C00530,O001477,P0066,2025-09-28 12:25:00,4,26.89,107.56
C00054,O000923,P0176,2025-09-28 13:33:00,2,21.45,42.9
C00054,O000923,P0127,2025-09-28 13:33:00,1,53.42,53.42
C00455,O001058,P0044,2025-09-28 14:01:00,1,22.92,22.92
C00076,O000833,P0100,2025-09-28 16:51:00,2,12.05,24.1
C00526,O003563,P0121,2025-09-28 22:17:00,1,11.35,11.35
C00397,O002398,P0137,2025-09-28 22:20:00,4,21.45,85.8
C00397,O002398,P0120,2025-09-28 22:20:00,3,16.62,49.86
C00318,O001866,P0011,2025-09-30 11:56:00,3,33.99,101.97
C00028,O001549,P0092,2025-09-30 15:02:00,3,17.06,51.18
C00028,O001549,P0096,2025-09-30 15:02:00,2,9.25,18.5
C00028,O001549,P0073,2025-09-30 15:02:00,2,12.71,25.42
C00302,O003458,P0100,2025-09-30 20:15:00,1,12.78,12.78
C00302,O003458,P0214,2025-09-30 20:15:00,1,16.12,16.12
C00388,O003258,P0054,2025-09-30 22:59:00,1,17.11,17.11
C00388,O003258,P0040,2025-09-30 22:59:00,2,29.8,59.6
C00051,O002353,P0090,2025-10-01 08:19:00,5,25.02,125.1
C00258,O000663,P0170,2025-10-01 20:20:00,1,16.63,16.63
C00258,O000663,P0194,2025-10-01 20:20:00,1,45.22,45.22
C00452,O002873,P0188,2025-10-02 09:29:00,2,9.84,19.68
C00109,O002074,P0004,2025-10-02 10:12:00,4,31.87,127.48
C00375,O001969,P0153,2025-10-02 10:32:00,4,7.04,28.16
C00375,O001969,P0204,2025-10-02 10:32:00,1,28.99,28.99
C00227,O001589,P0176,2025-10-02 15:29:00,1,21.39,21.39
C00533,O003329,P0046,2025-10-03 09:25:00,1,23.37,23.37
C00533,O003329,P0074,2025-10-03 09:25:00,2,27.84,55.68
C00214,O002275,P0143,2025-10-03 15:46:00,3,6.28,18.84
C00214,O002275,P0093,2025-10-03 15:46:00,3,16.71,50.13
C00214,O002275,P0177,2025-10-03 15:46:00,1,45.66,45.66
C00429,O001503,P0125,2025-10-03 17:03:00,4,25.6,102.4
C00429,O001503,P0032,2025-10-03 17:03:00,3,13.98,41.94
C00295,O000348,P0175,2025-10-04 08:23:00,1,9.94,9.94
C00295,O000348,P0188,2025-10-04 08:23:00,1,10.26,10.26
C00295,O000348,P0076,2025-10-04 08:23:00,2,28.44,56.88
C00305,O001715,P0137,2025-10-04 11:20:00,3,21.21,63.63
C00132,O000968,P0012,2025-10-04 12:44:00,1,30.28,30.28
C00132,O000968,P0083,2025-10-04 12:44:00,1,17.87,17.87
C00264,O001517,P0046,2025-10-04 13:16:00,1,20.33,20.33
C00130,O001731,P0218,2025-10-04 17:16:00,1,41.3,41.3
C00400,O002145,P0127,2025-10-04 22:04:00,4,48.52,194.08
C00262,O002796,P0103,2025-10-05 08:44:00,2,14.68,29.36
C00262,O002796,P0180,2025-10-05 08:44:00,1,26.6,26.6
C00262,O002796,P0218,2025-10-05 08:44:00,3,40.6,121.8
C00262,O002796,P0104,2025-10-05 08:44:00,4,34.27,137.08
C00077,O002265,P0103,2025-10-05 11:48:00,2,17.26,34.52
C00273,O002423,P0110,2025-10-05 11:58:00,1,7.82,7.82
C00162,O000013,P0073,2025-10-05 15:43:00,3,12.28,36.84
C00226,O003328,P0043,2025-10-06 18:00:00,1,10.96,10.96
C00446,O003178,P0012,2025-10-06 22:58:00,1,27.35,27.35
C00302,O002571,P0076,2025-10-07 10:08:00,1,31.49,31.49
C00302,O002571,P0023,2025-10-07 10:08:00,5,35.54,177.7
C00583,O000859,P0013,2025-10-07 12:04:00,5,20.54,102.7
C00583,O000859,P0189,2025-10-07 12:04:00,3,9.51,28.53
C00448,O001179,P0174,2025-10-08 10:59:00,2,9.95,19.9
C00399,O001564,P0137,2025-10-08 11:37:00,4,24.43,97.72
C00399,O001564,P0073,2025-10-08 11:37:00,3,10.88,32.64
C00281,O002308,P0103,2025-10-08 11:48:00,1,15.67,15.67
C00281,O002308,P0204,2025-10-08 11:48:00,2,30.05,60.1
C00354,O001413,P0195,2025-10-08 15:33:00,1,12.13,12.13
C00242,O001507,P0053,2025-10-08 16:08:00,3,9.09,27.27
C00489,O003382,P0040,2025-10-08 17:39:00,3,27.45,82.35
C00489,O003382,P0120,2025-10-08 17:39:00,5,16.71,83.55
C00489,O003382,P0169,2025-10-08 17:39:00,5,17.26,86.3
C00489,O003382,P0197,2025-10-08 17:39:00,3,30.54,91.62
C00280,O002269,P0210,2025-10-08 19:41:00,1,16.03,16.03
C00280,O002269,P0076,2025-10-08 19:41:00,1,27.67,27.67
C00280,O002269,P0073,2025-10-08 19:41:00,3,11.43,34.29
C00295,O001165,P0169,2025-10-08 21:06:00,2,19.13,38.26
C00542,O000390,P0196,2025-10-09 10:29:00,3,12.71,38.13
C00542,O000390,P0087,2025-10-09 10:29:00,1,13.22,13.22
C00542,O000390,P0189,2025-10-09 10:29:00,2,8.88,17.76
C00542,O000390,P0200,2025-10-09 10:29:00,3,20.1,60.3
C00188,O000342,P0140,2025-10-09 13:14:00,1,89.77,89.77
C00408,O002727,P0002,2025-10-09 15:38:00,1,11.08,11.08
C00035,O003261,P0038,2025-10-09 20:50:00,4,12.19,48.76
C00290,O003386,P0068,2025-10-10 13:39:00,2,13.67,27.34
C00028,O001037,P0137,2025-10-11 10:26:00,2,26.76,53.52
C00028,O001037,P0202,2025-10-11 10:26:00,1,42.31,42.31
C00028,O001037,P0168,2025-10-11 10:26:00,2,23.45,46.9
C00028,O001037,P0176,2025-10-11 10:26:00,1,23.83,23.83
C00197,O000195,P0189,2025-10-11 14:16:00,1,10.12,10.12
C00461,O003280,P0143,2025-10-11 15:32:00,2,6.35,12.7
C00043,O001512,P0122,2025-10-11 18:36:00,2,22.38,44.76
C00043,O001512,P0004,2025-10-11 18:36:00,4,33.5,134.0
C00187,O000347,P0132,2025-10-12 10:53:00,1,9.8,9.8
C00187,O000347,P0200,2025-10-12 10:53:00,1,14.36,14.36
C00263,O000942,P0053,2025-10-12 13:06:00,1,10.53,10.53
C00263,O000942,P0125,2025-10-12 13:06:00,5,32.69,163.45
C00263,O000942,P0137,2025-10-12 13:06:00,1,25.47,25.47
C00467,O000439,P0053,2025-10-12 16:19:00,1,8.66,8.66
C00467,O000439,P0032,2025-10-12 16:19:00,3,17.75,53.25
C00312,O000051,P0107,2025-10-12 22:24:00,1,12.25,12.25
C00312,O000051,P0202,2025-10-12 22:24:00,1,42.74,42.74
C00312,O000051,P0015,2025-10-12 22:24:00,2,26.64,53.28
C00111,O000377,P0117,2025-10-13 08:14:00,2,22.21,44.42
C00492,O003229,P0176,2025-10-13 09:29:00,1,23.1,23.1
C00468,O000589,P0053,2025-10-13 13:42:00,1,9.04,9.04
C00468,O000589,P0189,2025-10-13 13:42:00,1,9.69,9.69
C00468,O000589,P0007,2025-10-13 13:42:00,5,22.72,113.6
C00468,O000589,P0129,2025-10-13 13:42:00,3,15.21,45.63
C00043,O001308,P0066,2025-10-13 15:22:00,1,31.21,31.21
C00395,O001869,P0202,2025-10-14 10:33:00,1,39.59,39.59
C00395,O001869,P0061,2025-10-14 10:33:00,1,8.14,8.14
C00395,O001869,P0127,2025-10-14 10:33:00,1,44.9,44.9
C00071,O001592,P0055,2025-10-14 17:18:00,2,15.49,30.98
C00202,O001387,P0055,2025-10-15 08:34:00,1,16.5,16.5
C00389,O003094,P0176,2025-10-15 09:02:00,2,21.67,43.34
C00385,O000658,P0083,2025-10-15 09:56:00,1,15.03,15.03
C00187,O001577,P0202,2025-10-15 20:47:00,4,45.37,181.48
C00187,O001577,P0156,2025-10-15 20:47:00,2,51.02,102.04
C00532,O001997,P0074,2025-10-15 22:19:00,3,24.87,74.61
C00532,O001997,P0067,2025-10-15 22:19:00,3,16.4,49.2
C00322,O002644,P0184,2025-10-15 22:39:00,1,36.81,36.81
C00322,O002644,P0166,2025-10-15 22:39:00,1,11.82,11.82
C00322,O002644,P0019,2025-10-15 22:39:00,2,30.53,61.06
C00493,O002745,P0053,2025-10-16 16:32:00,1,7.85,7.85
C00493,O002745,P0042,2025-10-16 16:32:00,2,30.19,60.38
C00137,O000995,P0218,2025-10-16 19:21:00,1,41.67,41.67
C00293,O003331,P0034,2025-10-16 20:45:00,2,15.81,31.62
C00456,O001068,P0011,2025-10-17 08:32:00,1,34.06,34.06
C00456,O001068,P0200,2025-10-17 08:32:00,2,15.96,31.92
C00456,O001068,P0185,2025-10-17 08:32:00,5,23.04,115.2
C00377,O002912,P0177,2025-10-17 15:41:00,3,48.61,145.83
C00377,O002912,P0054,2025-10-17 15:41:00,1,16.16,16.16
C00377,O002912,P0004,2025-10-17 15:41:00,2,33.73,67.46
C00377,O002912,P0007,2025-10-17 15:41:00,1,19.31,19.31
C00338,O001623,P0051,2025-10-17 16:39:00,2,23.15,46.3
C00338,O001623,P0022,2025-10-17 16:39:00,2,14.37,28.74
C00449,O003476,P0137,2025-10-17 19:44:00,2,23.51,47.02
C00016,O000921,P0124,2025-10-18 17:37:00,1,42.07,42.07
C00016,O000921,P0021,2025-10-18 17:37:00,1,21.13,21.13
C00326,O002039,P0067,2025-10-18 18:00:00,2,16.99,33.98
C00504,O001155,P0083,2025-10-18 21:00:00,2,15.92,31.84
C00504,O001155,P0166,2025-10-18 21:00:00,5,11.99,59.95
C00121,O000316,P0098,2025-10-19 10:15:00,1,11.42,11.42
C00475,O002789,P0156,2025-10-19 11:43:00,1,53.73,53.73
C00415,O000864,P0166,2025-10-19 11:51:00,2,12.61,25.22
C00354,O001688,P0026,2025-10-19 14:38:00,1,18.7,18.7
C00436,O001151,P0088,2025-10-19 15:24:00,1,20.16,20.16
C00436,O001151,P0177,2025-10-19 15:24:00,1,49.57,49.57
C00038,O003177,P0159,2025-10-20 09:24:00,1,15.52,15.52
C00090,O003273,P0055,2025-10-20 10:11:00,1,14.85,14.85
C00309,O002962,P0037,2025-10-20 10:30:00,4,17.25,69.0
C00309,O002962,P0165,2025-10-20 10:30:00,1,36.83,36.83
C00309,O002962,P0100,2025-10-20 10:30:00,1,12.14,12.14
C00309,O002962,P0083,2025-10-20 10:30:00,2,16.41,32.82
C00245,O000653,P0088,2025-10-20 10:41:00,1,21.1,21.1
C00474,O002939,P0033,2025-10-20 17:52:00,2,14.71,29.42
C00474,O002939,P0204,2025-10-20 17:52:00,2,28.68,57.36
C00322,O002122,P0143,2025-10-20 18:41:00,1,6.36,6.36
C00325,O000979,P0177,2025-10-20 19:25:00,1,44.47,44.47
C00474,O003257,P0103,2025-10-20 20:09:00,1,14.32,14.32
C00474,O003257,P0202,2025-10-20 20:09:00,2,45.19,90.38
C00596,O003042,P0050,2025-10-20 20:36:00,3,23.1,69.3
C00596,O003042,P0088,2025-10-20 20:36:00,1,18.08,18.08
C00596,O003042,P0200,2025-10-20 20:36:00,1,18.8,18.8
C00416,O002760,P0210,2025-10-21 14:54:00,1,14.56,14.56
C00487,O002770,P0210,2025-10-21 14:55:00,4,16.73,66.92
C00487,O002770,P0094,2025-10-21 14:55:00,3,17.35,52.05
C00164,O002980,P0168,2025-10-21 20:27:00,2,26.89,53.78
C00241,O002536,P0198,2025-10-21 20:50:00,3,15.2,45.6
C00335,O000655,P0033,2025-10-22 12:28:00,1,15.23,15.23
C00098,O000277,P0024,2025-10-22 21:59:00,1,15.81,15.81
C00098,O000277,P0019,2025-10-22 21:59:00,2,30.72,61.44
C00098,O000277,P0137,2025-10-22 21:59:00,3,24.34,73.02
C00098,O000277,P0132,2025-10-22 21:59:00,2,9.78,19.56
C00349,O001135,P0053,2025-10-23 09:56:00,5,10.21,51.05
C00307,O001245,P0088,2025-10-23 20:46:00,1,18.82,18.82
C00307,O001245,P0101,2025-10-23 20:46:00,1,14.23,14.23
C00307,O001245,P0061,2025-10-23 20:46:00,4,7.52,30.08
C00218,O001924,P0170,2025-10-24 08:48:00,1,18.49,18.49
C00360,O000662,P0202,2025-10-24 08:59:00,3,39.15,117.45
C00360,O000662,P0120,2025-10-24 08:59:00,3,17.43,52.29
C00360,O000662,P0132,2025-10-24 08:59:00,1,9.55,9.55
C00360,O000662,P0218,2025-10-24 08:59:00,2,40.94,81.88
C00281,O001749,P0202,2025-10-24 11:50:00,2,45.38,90.76
C00219,O001901,P0061,2025-10-24 13:07:00,2,7.7,15.4
C00037,O002166,P0149,2025-10-24 13:57:00,1,34.11,34.11
C00334,O003128,P0214,2025-10-24 16:59:00,2,18.5,37.0
C00530,O000442,P0153,2025-10-24 19:09:00,3,8.13,24.39
C00530,O000442,P0137,2025-10-24 19:09:00,2,23.51,47.02
C00530,O000442,P0087,2025-10-24 19:09:00,1,14.78,14.78
C00530,O000442,P0202,2025-10-24 19:09:00,2,46.37,92.74
C00250,O003288,P0208,2025-10-25 10:27:00,5,10.25,51.25
C00250,O003288,P0137,2025-10-25 10:27:00,1,22.76,22.76
C00211,O001214,P0155,2025-10-25 13:08:00,1,18.77,18.77
C00211,O001214,P0015,2025-10-25 13:08:00,3,24.72,74.16
C00176,O000264,P0140,2025-10-25 15:51:00,1,98.22,98.22
C00134,O002062,P0077,2025-10-25 21:01:00,2,15.83,31.66
C00539,O000633,P0189,2025-10-25 21:29:00,4,10.02,40.08
C00539,O000633,P0125,2025-10-25 21:29:00,1,29.55,29.55
C00539,O000633,P0127,2025-10-25 21:29:00,1,46.61,46.61
C00442,O003306,P0172,2025-10-25 22:57:00,1,26.95,26.95
C00442,O003306,P0092,2025-10-25 22:57:00,3,19.73,59.19
C00191,O000206,P0200,2025-10-26 08:20:00,2,18.94,37.88
C00191,O000206,P0076,2025-10-26 08:20:00,1,34.48,34.48
C00337,O003130,P0072,2025-10-26 09:36:00,1,9.79,9.79
C00527,O002816,P0072,2025-10-26 09:53:00,3,10.79,32.37
C00009,O000338,P0200,2025-10-26 20:07:00,1,18.68,18.68
C00060,O000588,P0047,2025-10-26 21:33:00,2,31.65,63.3
C00342,O000038,P0119,2025-10-27 08:07:00,3,48.78,146.34
C00342,O000038,P0169,2025-10-27 08:07:00,2,18.54,37.08
C00302,O001842,P0049,2025-10-27 22:32:00,1,26.24,26.24
C00520,O001892,P0019,2025-10-28 08:27:00,2,30.75,61.5
C00412,O002189,P0009,2025-10-28 10:17:00,2,23.97,47.94
C00412,O002189,P0012,2025-10-28 10:17:00,1,37.21,37.21
C00348,O000584,P0202,2025-10-28 12:41:00,1,48.95,48.95
C00348,O000584,P0162,2025-10-28 12:41:00,2,15.25,30.5
C00120,O000801,P0152,2025-10-28 16:00:00,1,10.97,10.97
C00446,O003108,P0019,2025-10-28 17:03:00,1,33.5,33.5
C00504,O002896,P0176,2025-10-28 17:31:00,2,22.01,44.02
C00112,O003408,P0005,2025-10-28 21:48:00,2,6.68,13.36
C00112,O003408,P0062,2025-10-28 21:48:00,3,16.93,50.79
C00379,O002050,P0177,2025-10-29 09:43:00,1,48.91,48.91
C00394,O001683,P0215,2025-10-29 10:58:00,2,16.26,32.52
C00394,O001683,P0220,2025-10-29 10:58:00,1,13.88,13.88
C00394,O001683,P0020,2025-10-29 10:58:00,4,18.44,73.76
C00249,O000089,P0185,2025-10-29 13:33:00,4,26.9,107.6
C00355,O001095,P0040,2025-10-29 14:02:00,1,28.7,28.7
C00355,O001095,P0182,2025-10-29 14:02:00,2,21.13,42.26
C00303,O002662,P0126,2025-10-29 15:33:00,3,25.48,76.44
C00303,O002662,P0129,2025-10-29 15:33:00,1,13.55,13.55
C00242,O002178,P0214,2025-10-29 15:48:00,2,15.96,31.92
C00242,O002178,P0053,2025-10-29 15:48:00,2,7.96,15.92
C00242,O002178,P0132,2025-10-29 15:48:00,4,9.38,37.52
C00395,O003192,P0015,2025-10-29 17:24:00,1,22.63,22.63
C00309,O002762,P0025,2025-10-29 18:49:00,3,17.57,52.71
C00326,O000904,P0088,2025-10-29 19:11:00,4,20.13,80.52
C00326,O000904,P0051,2025-10-29 19:11:00,2,27.97,55.94
C00262,O000080,P0176,2025-10-29 20:40:00,1,21.61,21.61
C00296,O001256,P0137,2025-10-29 22:09:00,3,24.07,72.21
C00286,O000135,P0004,2025-10-30 14:39:00,2,30.04,60.08
C00286,O000135,P0100,2025-10-30 14:39:00,5,12.8,64.0
C00578,O003237,P0044,2025-10-30 17:22:00,3,23.14,69.42
C00376,O001450,P0051,2025-10-30 18:25:00,3,23.34,70.02
C00227,O002254,P0121,2025-10-30 18:36:00,5,12.03,60.15
C00458,O002765,P0033,2025-10-31 13:14:00,2,14.06,28.12
C00458,O002765,P0007,2025-10-31 13:14:00,1,20.58,20.58
C00322,O001488,P0129,2025-10-31 16:44:00,3,15.48,46.44
C00322,O001488,P0197,2025-10-31 16:44:00,4,29.07,116.28
C00548,O000174,P0156,2025-10-31 17:33:00,2,51.23,102.46
C00530,O003083,P0067,2025-10-31 18:11:00,4,16.74,66.96
C00530,O003083,P0112,2025-10-31 18:11:00,1,22.89,22.89
C00530,O003083,P0143,2025-10-31 18:11:00,2,5.99,11.98
C00364,O000737,P0123,2025-10-31 21:00:00,1,23.25,23.25
C00364,O000737,P0153,2025-10-31 21:00:00,5,7.45,37.25
C00364,O000737,P0085,2025-10-31 21:00:00,4,11.14,44.56
C00317,O002285,P0213,2025-11-01 08:23:00,1,19.14,19.14
C00165,O002702,P0109,2025-11-01 08:47:00,1,30.36,30.36
C00045,O002019,P0170,2025-11-01 13:45:00,1,21.78,21.78
C00411,O000683,P0166,2025-11-01 20:40:00,2,11.76,23.52
C00521,O000329,P0083,2025-11-02 09:55:00,2,15.25,30.5
C00413,O001305,P0133,2025-11-02 19:18:00,2,28.31,56.62
C00374,O001734,P0072,2025-11-03 08:24:00,1,11.33,11.33
C00374,O001734,P0211,2025-11-03 08:24:00,2,30.82,61.64
C00578,O001786,P0196,2025-11-03 11:16:00,1,12.34,12.34
C00158,O002932,P0061,2025-11-03 11:16:00,2,8.42,16.84
C00578,O001786,P0218,2025-11-03 11:16:00,4,41.79,167.16
C00207,O001888,P0157,2025-11-03 12:01:00,3,21.61,64.83
C00504,O000282,P0007,2025-11-03 18:04:00,2,22.52,45.04
C00413,O000506,P0010,2025-11-03 18:27:00,1,12.31,12.31
C00413,O000506,P0184,2025-11-03 18:27:00,1,39.35,39.35
C00413,O000506,P0019,2025-11-03 18:27:00,1,37.11,37.11
C00578,O003374,P0038,2025-11-03 20:15:00,1,13.04,13.04
C00578,O003374,P0102,2025-11-03 20:15:00,3,43.43,130.29
C00578,O003374,P0062,2025-11-03 20:15:00,2,14.3,28.6
C00556,O000963,P0076,2025-11-03 20:48:00,4,25.68,102.72
C00522,O000699,P0204,2025-11-03 21:46:00,3,26.68,80.04
C00522,O000699,P0093,2025-11-03 21:46:00,3,14.82,44.46
C00522,O000699,P0015,2025-11-03 21:46:00,2,25.74,51.48
C00101,O002482,P0137,2025-11-03 22:29:00,2,24.53,49.06
C00216,O001018,P0138,2025-11-03 22:31:00,3,34.27,102.81
C00216,O001018,P0053,2025-11-03 22:31:00,1,9.53,9.53
C00290,O003403,P0137,2025-11-04 09:02:00,1,23.6,23.6
C00112,O001221,P0208,2025-11-04 12:09:00,2,10.87,21.74
C00112,O001221,P0097,2025-11-04 12:09:00,2,9.89,19.78
C00590,O002950,P0075,2025-11-04 13:26:00,3,22.96,68.88
C00467,O001271,P0159,2025-11-04 16:03:00,1,14.05,14.05
C00467,O001271,P0153,2025-11-04 16:03:00,1,7.81,7.81
C00202,O000032,P0092,2025-11-05 12:21:00,1,19.48,19.48
C00263,O002428,P0129,2025-11-05 13:37:00,1,13.65,13.65
C00289,O003398,P0044,2025-11-05 14:49:00,1,20.82,20.82
C00184,O000314,P0097,2025-11-05 16:08:00,2,10.35,20.7
C00025,O002553,P0125,2025-11-05 16:18:00,1,28.56,28.56
C00322,O003351,P0091,2025-11-05 16:39:00,2,29.62,59.24
C00083,O002384,P0097,2025-11-06 08:31:00,2,9.46,18.92
C00527,O000119,P0025,2025-11-06 18:47:00,1,16.0,16.0
C00423,O002325,P0203,2025-11-07 08:32:00,2,22.06,44.12
C00504,O000539,P0195,2025-11-07 09:48:00,1,10.92,10.92
C00054,O001443,P0200,2025-11-07 12:37:00,2,20.08,40.16
C00120,O001232,P0051,2025-11-07 18:09:00,1,21.46,21.46
C00005,O000798,P0169,2025-11-07 18:39:00,2,18.82,37.64
C00309,O002707,P0169,2025-11-08 09:36:00,2,18.37,36.74
C00309,O002707,P0087,2025-11-08 09:36:00,3,16.81,50.43
C00309,O002707,P0192,2025-11-08 09:36:00,2,21.28,42.56
C00494,O002907,P0047,2025-11-08 14:56:00,3,27.83,83.49
C00494,O002907,P0097,2025-11-08 14:56:00,2,10.21,20.42
C00494,O002907,P0128,2025-11-08 14:56:00,5,10.26,51.3
C00541,O001886,P0015,2025-11-09 12:33:00,3,24.31,72.93
C00376,O001907,P0181,2025-11-09 15:11:00,1,39.38,39.38
C00530,O003181,P0025,2025-11-09 17:05:00,1,15.06,15.06
C00444,O002556,P0172,2025-11-09 17:16:00,2,26.78,53.56
C00444,O002556,P0053,2025-11-09 17:16:00,4,9.13,36.52
C00444,O002556,P0137,2025-11-09 17:16:00,1,22.92,22.92
C00533,O000059,P0139,2025-11-09 18:06:00,3,63.56,190.68
C00533,O000059,P0176,2025-11-09 18:06:00,2,21.29,42.58
C00584,O000107,P0186,2025-11-09 19:03:00,3,52.47,157.41
C00171,O000020,P0053,2025-11-09 20:01:00,1,9.04,9.04
C00374,O002090,P0019,2025-11-09 20:11:00,1,31.26,31.26
C00374,O002090,P0140,2025-11-09 20:11:00,1,104.5,104.5
C00271,O001278,P0037,2025-11-09 20:43:00,1,19.26,19.26
C00525,O000121,P0202,2025-11-10 10:05:00,2,41.07,82.14
C00095,O001427,P0094,2025-11-10 11:23:00,2,20.9,41.8
C00330,O000523,P0200,2025-11-11 10:05:00,2,17.1,34.2
C00224,O001995,P0157,2025-11-11 18:30:00,3,20.35,61.05
C00412,O001322,P0175,2025-11-11 20:00:00,1,9.79,9.79
C00385,O003199,P0196,2025-11-12 09:24:00,2,13.17,26.34
C00113,O001167,P0054,2025-11-12 11:37:00,2,17.86,35.72
C00076,O003493,P0202,2025-11-12 14:32:00,4,43.15,172.6
C00299,O002456,P0075,2025-11-12 18:43:00,2,20.74,41.48
C00566,O001284,P0009,2025-11-12 20:17:00,1,22.13,22.13
C00566,O001284,P0151,2025-11-12 20:17:00,1,19.33,19.33
C00225,O000446,P0065,2025-11-12 20:44:00,1,30.92,30.92
C00225,O000446,P0200,2025-11-12 20:44:00,2,19.84,39.68
C00386,O003375,P0052,2025-11-12 20:44:00,4,28.7,114.8
C00182,O003427,P0195,2025-11-12 21:05:00,4,9.74,38.96
C00182,O003427,P0200,2025-11-12 21:05:00,1,20.0,20.0
C00549,O000067,P0054,2025-11-12 21:38:00,3,19.92,59.76
C00389,O002606,P0204,2025-11-13 15:49:00,1,32.33,32.33
C00333,O000939,P0202,2025-11-13 20:32:00,2,43.55,87.1
C00333,O000939,P0158,2025-11-13 20:32:00,1,31.76,31.76
C00157,O003088,P0092,2025-11-14 08:47:00,2,20.14,40.28
C00157,O003088,P0085,2025-11-14 08:47:00,1,9.1,9.1
C00150,O002293,P0220,2025-11-14 17:17:00,3,13.81,41.43
C00150,O002293,P0036,2025-11-14 17:17:00,1,38.89,38.89
C00178,O001074,P0202,2025-11-15 13:13:00,1,41.86,41.86
C00114,O002102,P0127,2025-11-15 13:36:00,2,48.12,96.24
C00127,O000509,P0169,2025-11-15 15:50:00,1,18.17,18.17
C00064,O003583,P0128,2025-11-16 08:18:00,1,10.5,10.5
C00035,O001361,P0143,2025-11-16 09:15:00,1,6.47,6.47
C00035,O001361,P0100,2025-11-16 09:15:00,3,13.28,39.84
C00203,O000073,P0143,2025-11-16 12:33:00,4,5.98,23.92
C00393,O002440,P0124,2025-11-16 14:01:00,4,40.67,162.68
C00393,O002440,P0114,2025-11-16 14:01:00,1,9.58,9.58
C00230,O003423,P0220,2025-11-16 15:14:00,1,11.88,11.88
C00230,O003423,P0015,2025-11-16 15:14:00,3,26.6,79.8
C00580,O002005,P0046,2025-11-16 19:48:00,1,22.05,22.05
C00235,O001560,P0055,2025-11-16 20:37:00,2,14.51,29.02
C00235,O001560,P0153,2025-11-16 20:37:00,1,8.0,8.0
C00450,O003531,P0059,2025-11-16 21:08:00,2,11.78,23.56
C00083,O000159,P0165,2025-11-16 22:18:00,3,34.44,103.32
C00083,O000159,P0162,2025-11-16 22:18:00,2,14.52,29.04
C00478,O000625,P0083,2025-11-17 09:19:00,1,14.73,14.73
C00376,O002401,P0200,2025-11-17 09:32:00,2,18.67,37.34
C00242,O000453,P0103,2025-11-17 12:36:00,4,15.59,62.36
C00065,O000112,P0091,2025-11-17 14:24:00,2,27.23,54.46
C00194,O001911,P0042,2025-11-18 15:00:00,2,27.65,55.3
C00194,O001911,P0083,2025-11-18 15:00:00,3,15.64,46.92
C00309,O001143,P0054,2025-11-18 18:01:00,5,16.12,80.6
C00262,O002983,P0092,2025-11-18 19:21:00,1,20.53,20.53
C00076,O001090,P0143,2025-11-18 19:39:00,1,6.0,6.0
C00076,O001090,P0137,2025-11-18 19:39:00,1,27.18,27.18
C00224,O001637,P0213,2025-11-19 11:10:00,4,20.74,82.96
C00035,O000164,P0137,2025-11-19 21:03:00,1,25.32,25.32
C00399,O002170,P0032,2025-11-20 12:23:00,1,16.39,16.39
C00413,O003142,P0156,2025-11-20 14:11:00,2,54.37,108.74
C00098,O000778,P0125,2025-11-20 14:35:00,1,36.08,36.08
C00375,O002163,P0019,2025-11-20 15:55:00,3,32.04,96.12
C00375,O002163,P0087,2025-11-20 15:55:00,1,16.65,16.65
C00309,O003575,P0213,2025-11-20 18:50:00,1,19.66,19.66
C00309,O003575,P0085,2025-11-20 18:50:00,3,11.45,34.35
C00309,O003575,P0177,2025-11-20 18:50:00,1,48.5,48.5
C00365,O002838,P0053,2025-11-20 18:52:00,4,8.98,35.92
C00397,O002555,P0202,2025-11-20 19:25:00,3,46.8,140.4
C00035,O001673,P0184,2025-11-21 08:21:00,1,34.85,34.85
C00035,O001673,P0210,2025-11-21 08:21:00,1,14.54,14.54
C00245,O001007,P0061,2025-11-21 10:19:00,2,8.11,16.22
C00339,O002769,P0170,2025-11-21 13:07:00,2,19.43,38.86
C00290,O002542,P0002,2025-11-21 16:04:00,1,11.46,11.46
C00043,O001783,P0184,2025-11-21 19:42:00,1,36.01,36.01
C00590,O001480,P0181,2025-11-22 16:57:00,2,41.29,82.58
C00590,O001480,P0215,2025-11-22 16:57:00,1,17.74,17.74
C00153,O002171,P0204,2025-11-22 18:07:00,1,27.36,27.36
C00153,O002171,P0075,2025-11-22 18:07:00,2,21.35,42.7
C00153,O002171,P0137,2025-11-22 18:07:00,2,22.66,45.32
C00530,O002056,P0075,2025-11-22 19:39:00,1,22.24,22.24
C00454,O001219,P0002,2025-11-23 08:13:00,2,9.93,19.86
C00454,O001219,P0162,2025-11-23 08:13:00,3,14.19,42.57
C00454,O001219,P0075,2025-11-23 08:13:00,1,24.03,24.03
C00448,O001204,P0088,2025-11-23 08:49:00,3,20.77,62.31
C00448,O001204,P0143,2025-11-23 08:49:00,1,6.61,6.61
C00082,O002187,P0111,2025-11-23 16:11:00,3,26.58,79.74
C00082,O002187,P0208,2025-11-23 16:11:00,1,8.91,8.91
C00408,O003180,P0125,2025-11-23 19:34:00,1,30.72,30.72
C00353,O002230,P0134,2025-11-23 20:15:00,3,17.75,53.25
C00353,O002230,P0210,2025-11-23 20:15:00,2,16.45,32.9
C00322,O001375,P0149,2025-11-23 22:25:00,1,34.54,34.54
C00322,O001375,P0122,2025-11-23 22:25:00,2,26.11,52.22
C00004,O003497,P0093,2025-11-23 22:40:00,1,17.11,17.11
C00242,O000391,P0075,2025-11-24 10:46:00,1,25.11,25.11
C00242,O000391,P0128,2025-11-24 10:46:00,2,9.65,19.3
C00478,O003555,P0189,2025-11-24 17:18:00,1,7.84,7.84
C00478,O003555,P0094,2025-11-24 17:18:00,5,21.53,107.65
C00120,O001773,P0075,2025-11-24 19:45:00,1,23.09,23.09
C00120,O001773,P0015,2025-11-24 19:45:00,2,27.65,55.3
C00293,O002359,P0213,2025-11-25 08:22:00,1,21.79,21.79
C00293,O002359,P0143,2025-11-25 08:22:00,3,5.88,17.64
C00293,O002359,P0052,2025-11-25 08:22:00,3,26.41,79.23
C00309,O002657,P0019,2025-11-25 10:40:00,4,30.57,122.28
C00243,O001210,P0204,2025-11-25 11:18:00,2,29.26,58.52
C00243,O001210,P0139,2025-11-25 11:18:00,1,62.65,62.65
C00282,O002461,P0032,2025-11-25 12:40:00,3,16.13,48.39
C00493,O002369,P0180,2025-11-25 15:13:00,3,22.68,68.04
C00493,O002369,P0108,2025-11-25 15:13:00,1,15.99,15.99
C00339,O003598,P0218,2025-11-25 22:16:00,1,38.92,38.92
C00339,O003598,P0202,2025-11-25 22:16:00,3,38.71,116.13
C00268,O001981,P0076,2025-11-26 10:57:00,2,27.36,54.72
C00551,O003114,P0126,2025-11-26 14:04:00,1,22.4,22.4
C00165,O002830,P0132,2025-11-26 17:52:00,1,11.01,11.01
C00361,O000883,P0157,2025-11-26 19:32:00,3,19.45,58.35
C00317,O001779,P0107,2025-11-27 12:46:00,1,12.23,12.23
C00113,O003588,P0094,2025-11-27 15:33:00,3,22.23,66.69
C00113,O003588,P0177,2025-11-27 15:33:00,2,43.69,87.38
C00355,O003290,P0195,2025-11-27 18:15:00,5,11.48,57.4
C00167,O001680,P0019,2025-11-27 19:20:00,1,35.25,35.25
C00342,O002649,P0179,2025-11-27 21:35:00,1,18.38,18.38
C00342,O002649,P0193,2025-11-27 21:35:00,1,14.85,14.85
C00249,O002941,P0190,2025-11-28 12:06:00,1,46.44,46.44
C00249,O002941,P0092,2025-11-28 12:06:00,5,18.6,93.0
C00019,O002845,P0210,2025-11-28 12:48:00,1,17.04,17.04
C00320,O001588,P0071,2025-11-28 19:28:00,4,9.33,37.32
C00320,O001588,P0150,2025-11-28 19:28:00,3,20.54,61.62
C00320,O001588,P0076,2025-11-28 19:28:00,1,26.2,26.2
C00335,O003311,P0188,2025-11-28 20:33:00,3,11.17,33.51
C00126,O000242,P0112,2025-11-28 21:03:00,2,22.47,44.94
C00073,O000783,P0049,2025-11-29 17:45:00,4,28.56,114.24
C00073,O000783,P0170,2025-11-29 17:45:00,1,19.4,19.4
C00510,O001908,P0015,2025-11-30 11:50:00,2,27.68,55.36
C00510,O001908,P0043,2025-11-30 11:50:00,1,13.37,13.37
C00510,O001908,P0168,2025-11-30 11:50:00,1,28.3,28.3
C00130,O002517,P0075,2025-11-30 16:03:00,2,21.7,43.4
C00098,O000490,P0137,2025-11-30 19:05:00,3,25.31,75.93
C00098,O000490,P0143,2025-11-30 19:05:00,4,4.92,19.68
C00226,O002424,P0189,2025-11-30 21:46:00,1,8.72,8.72
C00226,O002424,P0094,2025-11-30 21:46:00,1,17.84,17.84
C00270,O001454,P0049,2025-11-30 22:22:00,3,27.06,81.18
C00384,O002916,P0033,2025-12-01 08:26:00,2,14.75,29.5
C00384,O002916,P0177,2025-12-01 08:26:00,1,41.47,41.47
C00317,O000895,P0024,2025-12-01 09:55:00,3,18.14,54.42
C00004,O002995,P0004,2025-12-01 11:53:00,3,35.26,105.78
C00235,O001733,P0202,2025-12-01 15:15:00,2,39.12,78.24
C00235,O001733,P0088,2025-12-01 15:15:00,1,19.73,19.73
C00492,O002858,P0036,2025-12-01 19:11:00,2,36.12,72.24
C00383,O000317,P0057,2025-12-02 08:51:00,2,16.16,32.32
C00383,O000317,P0048,2025-12-02 08:51:00,1,22.7,22.7
C00005,O000561,P0124,2025-12-02 09:21:00,2,42.9,85.8
C00005,O000561,P0101,2025-12-02 09:21:00,1,16.15,16.15
C00340,O000084,P0065,2025-12-02 13:20:00,1,32.76,32.76
C00536,O002905,P0178,2025-12-02 18:06:00,4,21.98,87.92
C00194,O000140,P0100,2025-12-02 18:15:00,2,12.38,24.76
C00194,O000140,P0148,2025-12-02 18:15:00,2,17.43,34.86
C00246,O001810,P0166,2025-12-02 19:58:00,5,10.78,53.9
C00104,O001027,P0019,2025-12-03 12:47:00,2,30.96,61.92
C00104,O001027,P0140,2025-12-03 12:47:00,5,98.37,491.85
C00482,O002591,P0166,2025-12-03 14:03:00,1,12.15,12.15
C00197,O003327,P0157,2025-12-03 15:23:00,3,20.96,62.88
C00197,O003327,P0075,2025-12-03 15:23:00,1,24.03,24.03
C00030,O001758,P0125,2025-12-03 19:37:00,1,29.76,29.76
C00278,O001539,P0195,2025-12-03 21:47:00,2,10.97,21.94
C00278,O001539,P0007,2025-12-03 21:47:00,4,21.35,85.4
C00278,O001539,P0079,2025-12-03 21:47:00,2,26.45,52.9
C00550,O001992,P0042,2025-12-03 22:51:00,1,27.89,27.89
C00550,O001992,P0036,2025-12-03 22:51:00,2,39.66,79.32
C00307,O001941,P0040,2025-12-04 09:25:00,4,29.06,116.24
C00454,O003093,P0067,2025-12-04 13:14:00,1,15.91,15.91
C00454,O003093,P0073,2025-12-04 13:14:00,1,11.03,11.03
C00128,O002455,P0075,2025-12-04 13:29:00,2,21.17,42.34
C00128,O002455,P0109,2025-12-04 13:29:00,2,30.4,60.8
C00128,O002455,P0202,2025-12-04 13:29:00,2,41.59,83.18
C00268,O002311,P0033,2025-12-04 20:50:00,1,15.43,15.43
C00538,O001809,P0204,2025-12-05 12:25:00,1,29.53,29.53
C00538,O001809,P0162,2025-12-05 12:25:00,2,13.22,26.44
C00538,O001809,P0053,2025-12-05 12:25:00,2,9.72,19.44
C00098,O001015,P0213,2025-12-05 13:10:00,1,20.09,20.09
C00098,O001015,P0122,2025-12-05 13:10:00,4,20.41,81.64
C00240,O000672,P0093,2025-12-05 14:22:00,1,15.1,15.1
C00454,O002207,P0137,2025-12-05 15:36:00,2,24.9,49.8
C00583,O002560,P0004,2025-12-05 20:10:00,2,32.78,65.56
C00248,O000829,P0022,2025-12-05 20:50:00,1,13.94,13.94
C00557,O002888,P0128,2025-12-06 11:31:00,3,10.47,31.41
C00557,O002888,P0176,2025-12-06 11:31:00,1,21.26,21.26
C00348,O000912,P0196,2025-12-06 12:01:00,1,11.39,11.39
C00348,O000912,P0074,2025-12-06 12:01:00,3,29.8,89.4
C00348,O000912,P0004,2025-12-06 12:01:00,1,29.8,29.8
C00348,O000912,P0042,2025-12-06 12:01:00,1,24.41,24.41
C00112,O003554,P0059,2025-12-06 13:32:00,1,12.91,12.91
C00112,O003554,P0072,2025-12-06 13:32:00,2,9.76,19.52
C00112,O003554,P0004,2025-12-06 13:32:00,2,35.21,70.42
C00112,O003554,P0012,2025-12-06 13:32:00,2,30.97,61.94
C00186,O001640,P0137,2025-12-06 13:49:00,1,25.33,25.33
C00186,O001640,P0204,2025-12-06 13:49:00,1,31.06,31.06
C00527,O003007,P0053,2025-12-06 15:19:00,1,8.2,8.2
C00245,O003182,P0004,2025-12-06 18:51:00,2,35.65,71.3
C00287,O003183,P0168,2025-12-06 20:07:00,1,22.84,22.84
C00290,O001934,P0041,2025-12-06 21:55:00,2,27.92,55.84
C00290,O001934,P0022,2025-12-06 21:55:00,1,13.06,13.06
C00290,O001934,P0075,2025-12-06 21:55:00,1,24.3,24.3
C00290,O000497,P0129,2025-12-06 22:03:00,1,13.6,13.6
C00333,O002433,P0088,2025-12-07 11:38:00,3,18.33,54.99
C00337,O000184,P0202,2025-12-07 18:25:00,2,41.39,82.78
C00337,O000184,P0204,2025-12-07 18:25:00,2,25.58,51.16
C00399,O003286,P0090,2025-12-07 18:40:00,1,26.38,26.38
C00399,O003286,P0022,2025-12-07 18:40:00,2,14.84,29.68
C00399,O003286,P0103,2025-12-07 18:40:00,2,16.86,33.72
C00043,O001913,P0075,2025-12-07 20:55:00,1,20.05,20.05
C00043,O001913,P0028,2025-12-07 20:55:00,3,25.69,77.07
C00538,O000252,P0143,2025-12-07 21:10:00,1,6.56,6.56
C00150,O000563,P0143,2025-12-08 08:15:00,1,6.32,6.32
C00150,O000563,P0156,2025-12-08 08:15:00,3,57.82,173.46
C00150,O000563,P0076,2025-12-08 08:15:00,3,28.73,86.19
C00488,O002609,P0208,2025-12-08 11:52:00,1,10.16,10.16
C00264,O003454,P0034,2025-12-08 17:32:00,3,11.58,34.74
C00264,O003454,P0202,2025-12-08 17:32:00,1,47.04,47.04
C00098,O002411,P0091,2025-12-08 18:59:00,1,29.2,29.2
C00098,O002411,P0105,2025-12-08 18:59:00,2,12.16,24.32
C00354,O003080,P0141,2025-12-09 09:03:00,3,25.24,75.72
C00580,O002766,P0214,2025-12-09 12:28:00,2,14.81,29.62
C00322,O001218,P0092,2025-12-09 15:41:00,1,19.06,19.06
C00429,O001193,P0203,2025-12-09 16:20:00,1,20.14,20.14
C00429,O001193,P0015,2025-12-09 16:20:00,2,25.72,51.44
C00134,O000002,P0195,2025-12-09 22:51:00,1,10.32,10.32
C00272,O000747,P0204,2025-12-10 08:01:00,3,25.57,76.71
C00303,O001059,P0007,2025-12-10 11:13:00,4,22.36,89.44
C00303,O001059,P0185,2025-12-10 11:13:00,2,26.32,52.64
C00594,O000055,P0128,2025-12-10 11:23:00,2,10.9,21.8
C00076,O001669,P0189,2025-12-10 13:36:00,1,9.36,9.36
C00552,O000731,P0153,2025-12-10 13:40:00,4,8.14,32.56
C00552,O000731,P0184,2025-12-10 13:40:00,3,33.5,100.5
C00339,O003568,P0079,2025-12-10 15:37:00,2,30.79,61.58
C00247,O003443,P0176,2025-12-10 16:47:00,3,21.35,64.05
C00247,O003443,P0195,2025-12-10 16:47:00,3,9.93,29.79
C00412,O000151,P0174,2025-12-10 19:58:00,1,10.08,10.08
C00142,O001105,P0048,2025-12-11 14:02:00,1,24.77,24.77
C00138,O002388,P0055,2025-12-11 18:17:00,4,16.97,67.88
C00375,O002289,P0196,2025-12-12 08:02:00,2,12.08,24.16
C00375,O002289,P0044,2025-12-12 08:02:00,2,22.73,45.46
C00375,O001641,P0051,2025-12-12 13:36:00,2,23.33,46.66
C00375,O001641,P0189,2025-12-12 13:36:00,1,8.54,8.54
C00474,O000621,P0195,2025-12-12 17:36:00,2,11.38,22.76
C00517,O001761,P0202,2025-12-13 12:19:00,1,39.72,39.72
C00327,O003359,P0024,2025-12-13 14:47:00,1,18.7,18.7
C00527,O002277,P0073,2025-12-13 15:31:00,1,12.07,12.07
C00527,O002277,P0195,2025-12-13 15:31:00,2,11.42,22.84
C00398,O003296,P0055,2025-12-13 21:21:00,1,17.0,17.0
C00113,O000948,P0218,2025-12-14 10:31:00,1,44.56,44.56
C00113,O000948,P0025,2025-12-14 10:31:00,1,16.11,16.11
C00496,O003236,P0137,2025-12-14 13:01:00,1,23.44,23.44
C00493,O001490,P0166,2025-12-14 13:02:00,1,12.55,12.55
C00528,O003215,P0206,2025-12-14 17:36:00,2,19.2,38.4
C00528,O003215,P0053,2025-12-14 17:36:00,1,8.04,8.04
C00528,O003215,P0202,2025-12-14 17:36:00,4,38.89,155.56
C00277,O001620,P0075,2025-12-14 17:42:00,3,18.0,54.0
C00277,O001620,P0032,2025-12-14 17:42:00,2,18.94,37.88
C00358,O000831,P0088,2025-12-14 19:30:00,1,20.82,20.82
C00358,O000831,P0008,2025-12-14 19:30:00,1,13.68,13.68
C00358,O000831,P0202,2025-12-14 19:30:00,3,48.7,146.1
C00358,O000831,P0051,2025-12-14 19:30:00,5,22.97,114.85
C00325,O000063,P0136,2025-12-14 21:33:00,1,10.33,10.33
C00568,O002248,P0147,2025-12-15 12:27:00,1,15.03,15.03
C00568,O002248,P0092,2025-12-15 12:27:00,5,20.29,101.45
C00568,O002248,P0032,2025-12-15 12:27:00,2,15.56,31.12
C00554,O003078,P0019,2025-12-15 19:49:00,1,32.3,32.3
C00554,O003078,P0075,2025-12-15 19:49:00,2,21.7,43.4
C00100,O002648,P0091,2025-12-15 20:20:00,2,31.39,62.78
C00100,O002648,P0137,2025-12-15 20:20:00,1,23.28,23.28
C00011,O003589,P0210,2025-12-16 15:07:00,1,15.74,15.74
C00536,O000471,P0188,2025-12-16 16:05:00,3,9.5,28.5
C00536,O000471,P0196,2025-12-16 16:05:00,1,11.88,11.88
C00077,O002338,P0202,2025-12-16 16:13:00,2,44.07,88.14
C00437,O003065,P0053,2025-12-16 17:57:00,2,9.35,18.7
C00261,O002203,P0071,2025-12-16 19:53:00,2,9.37,18.74
C00319,O000617,P0019,2025-12-16 19:56:00,1,35.18,35.18
C00319,O000617,P0188,2025-12-16 19:56:00,2,9.31,18.62
C00166,O000720,P0196,2025-12-16 21:59:00,1,11.83,11.83
C00333,O002929,P0180,2025-12-17 17:10:00,1,23.59,23.59
C00115,O000700,P0158,2025-12-17 18:26:00,1,35.85,35.85
C00520,O002887,P0210,2025-12-17 18:54:00,4,18.52,74.08
C00513,O001840,P0044,2025-12-17 20:04:00,2,24.1,48.2
C00204,O003001,P0133,2025-12-17 21:06:00,3,30.94,92.82
C00201,O002812,P0156,2025-12-18 08:59:00,3,60.27,180.81
C00510,O001141,P0140,2025-12-18 09:54:00,1,101.99,101.99
C00510,O001141,P0032,2025-12-18 09:54:00,1,16.17,16.17
C00510,O001141,P0088,2025-12-18 09:54:00,3,19.74,59.22
C00510,O001141,P0053,2025-12-18 09:54:00,1,8.99,8.99
C00216,O000010,P0100,2025-12-18 09:59:00,3,12.74,38.22
C00035,O002390,P0169,2025-12-18 10:02:00,2,20.57,41.14
C00035,O002390,P0053,2025-12-18 10:02:00,4,8.76,35.04
C00035,O002390,P0032,2025-12-18 10:02:00,1,16.31,16.31
C00320,O000961,P0185,2025-12-18 11:39:00,2,24.06,48.12
C00320,O000961,P0189,2025-12-18 11:39:00,3,9.51,28.53
C00320,O000961,P0148,2025-12-18 11:39:00,1,16.44,16.44
C00320,O000961,P0159,2025-12-18 11:39:00,1,15.42,15.42
C00026,O003431,P0165,2025-12-18 18:55:00,1,32.01,32.01
C00134,O001492,P0188,2025-12-18 20:02:00,3,10.11,30.33
C00134,O001492,P0044,2025-12-18 20:02:00,1,22.73,22.73
C00134,O001492,P0143,2025-12-18 20:02:00,2,5.66,11.32
C00284,O003205,P0091,2025-12-18 21:43:00,5,29.81,149.05
C00309,O002743,P0007,2025-12-18 22:17:00,2,18.87,37.74
C00309,O002743,P0124,2025-12-18 22:17:00,1,43.1,43.1
C00147,O001327,P0052,2025-12-18 22:38:00,1,26.47,26.47
C00147,O001327,P0137,2025-12-18 22:38:00,3,24.64,73.92
C00147,O001327,P0045,2025-12-18 22:38:00,1,20.97,20.97
C00339,O002063,P0220,2025-12-19 11:04:00,2,12.83,25.66
C00339,O002063,P0186,2025-12-19 11:04:00,2,46.41,92.82
C00339,O002063,P0015,2025-12-19 11:04:00,1,25.59,25.59
C00455,O000440,P0202,2025-12-19 12:03:00,3,43.76,131.28
C00532,O002208,P0025,2025-12-19 12:33:00,1,15.51,15.51
C00568,O000574,P0165,2025-12-19 13:59:00,1,31.25,31.25
C00056,O000375,P0002,2025-12-19 15:39:00,1,10.17,10.17
C00431,O000351,P0015,2025-12-19 17:31:00,2,27.35,54.7
C00431,O000351,P0218,2025-12-19 17:31:00,2,45.68,91.36
C00431,O000351,P0137,2025-12-19 17:31:00,2,23.11,46.22
C00189,O002420,P0013,2025-12-19 22:43:00,4,19.91,79.64
C00401,O003304,P0150,2025-12-20 08:30:00,1,23.81,23.81
C00094,O003000,P0184,2025-12-20 09:28:00,1,40.91,40.91
C00094,O003000,P0115,2025-12-20 09:28:00,3,18.74,56.22
C00179,O001262,P0170,2025-12-20 10:44:00,4,17.69,70.76
C00456,O001139,P0055,2025-12-20 12:52:00,4,16.27,65.08
C00456,O001139,P0214,2025-12-20 12:52:00,1,14.05,14.05
C00456,O001139,P0176,2025-12-20 12:52:00,1,24.83,24.83
C00335,O001103,P0200,2025-12-20 15:31:00,2,18.36,36.72
C00335,O001103,P0171,2025-12-20 15:31:00,5,14.32,71.6
C00404,O003322,P0103,2025-12-20 18:21:00,2,17.76,35.52
C00404,O003322,P0194,2025-12-20 18:21:00,1,43.84,43.84
C00404,O003322,P0175,2025-12-20 18:21:00,1,11.24,11.24
C00041,O003415,P0144,2025-12-21 09:29:00,1,23.4,23.4
C00041,O003415,P0170,2025-12-21 09:29:00,1,19.44,19.44
C00287,O002191,P0075,2025-12-21 11:51:00,4,21.75,87.0
C00287,O002191,P0200,2025-12-21 11:51:00,1,20.84,20.84
C00287,O002191,P0137,2025-12-21 11:51:00,1,21.61,21.61
C00482,O003592,P0082,2025-12-21 19:01:00,1,16.87,16.87
C00444,O000582,P0073,2025-12-22 09:44:00,2,11.43,22.86
C00444,O000582,P0079,2025-12-22 09:44:00,2,28.3,56.6
C00444,O000582,P0146,2025-12-22 09:44:00,3,16.76,50.28
C00339,O001423,P0170,2025-12-22 13:16:00,1,20.04,20.04
C00339,O001423,P0176,2025-12-22 13:16:00,1,19.89,19.89
C00429,O001038,P0188,2025-12-22 17:22:00,1,10.06,10.06
C00429,O001038,P0007,2025-12-22 17:22:00,2,18.78,37.56
C00429,O001038,P0180,2025-12-22 17:22:00,3,23.21,69.63
C00202,O002214,P0184,2025-12-23 09:35:00,2,31.14,62.28
C00202,O002214,P0200,2025-12-23 09:35:00,3,16.2,48.6
C00202,O002214,P0155,2025-12-23 09:35:00,2,19.71,39.42
C00202,O002214,P0203,2025-12-23 09:35:00,2,20.1,40.2
C00520,O002234,P0143,2025-12-23 14:30:00,3,6.8,20.4
C00369,O002261,P0180,2025-12-23 17:55:00,2,21.92,43.84
C00435,O000043,P0110,2025-12-23 22:18:00,1,7.13,7.13
C00210,O001579,P0197,2025-12-23 22:40:00,1,29.17,29.17
C00596,O002185,P0129,2025-12-24 09:04:00,1,14.39,14.39
C00338,O002723,P0190,2025-12-24 10:18:00,3,46.27,138.81
C00338,O002723,P0219,2025-12-24 10:18:00,2,17.83,35.66
C00338,O002723,P0127,2025-12-24 10:18:00,1,40.73,40.73
C00338,O002723,P0097,2025-12-24 10:18:00,2,11.08,22.16
C00325,O002786,P0023,2025-12-24 12:33:00,4,36.68,146.72
C00412,O001028,P0140,2025-12-24 16:50:00,3,97.86,293.58
C00412,O001028,P0215,2025-12-24 16:50:00,1,14.93,14.93
C00173,O002315,P0102,2025-12-25 09:02:00,2,42.3,84.6
C00173,O002315,P0189,2025-12-25 09:02:00,5,9.05,45.25
C00026,O001651,P0069,2025-12-25 11:14:00,1,33.98,33.98
C00448,O000209,P0007,2025-12-25 14:17:00,1,21.75,21.75
C00110,O000207,P0025,2025-12-25 14:43:00,1,14.33,14.33
C00179,O002538,P0053,2025-12-25 19:27:00,3,9.85,29.55
C00024,O002376,P0185,2025-12-25 20:01:00,1,24.95,24.95
C00294,O000531,P0005,2025-12-25 21:47:00,1,6.75,6.75
C00294,O000531,P0202,2025-12-25 21:47:00,5,43.19,215.95
C00294,O000531,P0149,2025-12-25 21:47:00,1,39.74,39.74
C00294,O000531,P0067,2025-12-25 21:47:00,2,17.76,35.52
C00530,O001759,P0076,2025-12-26 09:15:00,1,27.38,27.38
C00551,O000088,P0032,2025-12-26 11:23:00,1,17.65,17.65
C00023,O002204,P0092,2025-12-26 12:32:00,5,17.37,86.85
C00023,O002204,P0084,2025-12-26 12:32:00,3,16.54,49.62
C00435,O002771,P0152,2025-12-26 15:50:00,1,12.49,12.49
C00376,O000212,P0189,2025-12-26 16:30:00,2,9.4,18.8
C00376,O000212,P0184,2025-12-26 16:30:00,4,36.2,144.8
C00376,O000212,P0094,2025-12-26 16:30:00,5,17.13,85.65
C00369,O001473,P0037,2025-12-26 17:24:00,4,19.63,78.52
C00369,O001473,P0152,2025-12-26 17:24:00,1,11.68,11.68
C00071,O002596,P0092,2025-12-26 17:48:00,1,16.77,16.77
C00077,O002914,P0023,2025-12-26 20:10:00,4,41.07,164.28
C00070,O003134,P0176,2025-12-27 08:47:00,1,23.91,23.91
C00070,O003134,P0075,2025-12-27 08:47:00,2,20.75,41.5
C00211,O002366,P0185,2025-12-27 10:06:00,2,24.02,48.04
C00153,O003309,P0132,2025-12-27 10:10:00,1,10.09,10.09
C00068,O000319,P0101,2025-12-27 16:27:00,1,17.21,17.21
C00068,O000319,P0202,2025-12-27 16:27:00,1,44.66,44.66
C00320,O002529,P0047,2025-12-27 18:02:00,2,30.29,60.58
C00320,O002529,P0012,2025-12-27 18:02:00,2,28.17,56.34
C00129,O002637,P0143,2025-12-28 08:20:00,1,6.4,6.4
C00129,O002637,P0103,2025-12-28 08:20:00,2,17.52,35.04
C00129,O002637,P0214,2025-12-28 08:20:00,2,16.14,32.28
C00530,O003243,P0130,2025-12-28 11:19:00,2,12.99,25.98
C00530,O003243,P0170,2025-12-28 11:19:00,1,17.93,17.93
C00530,O003243,P0202,2025-12-28 11:19:00,2,41.35,82.7
C00180,O003252,P0045,2025-12-28 12:37:00,1,21.93,21.93
C00021,O003341,P0192,2025-12-28 13:44:00,3,18.75,56.25
C00021,O003341,P0033,2025-12-28 13:44:00,2,14.82,29.64
C00021,O003341,P0202,2025-12-28 13:44:00,1,42.48,42.48
C00021,O003341,P0172,2025-12-28 13:44:00,1,27.5,27.5
C00262,O003453,P0177,2025-12-28 15:53:00,2,53.08,106.16
C00242,O000470,P0032,2025-12-28 16:57:00,2,15.11,30.22
C00339,O002222,P0204,2025-12-29 11:24:00,2,30.52,61.04
C00339,O002222,P0055,2025-12-29 11:24:00,2,16.92,33.84
C00339,O002222,P0166,2025-12-29 11:24:00,3,12.29,36.87
C00386,O000441,P0073,2025-12-29 12:24:00,4,11.5,46.0
C00127,O001351,P0058,2025-12-29 19:11:00,3,50.18,150.54
C00127,O001351,P0100,2025-12-29 19:11:00,1,13.3,13.3
C00127,O001351,P0067,2025-12-29 19:11:00,1,16.91,16.91
C00002,O003024,P0158,2025-12-30 17:18:00,1,35.77,35.77
C00578,O001741,P0202,2025-12-30 20:52:00,2,39.33,78.66
C00578,O001741,P0143,2025-12-30 20:52:00,2,5.91,11.82
C00035,O001166,P0076,2025-12-30 22:27:00,2,30.34,60.68
C00035,O001166,P0177,2025-12-30 22:27:00,1,43.46,43.46
C00498,O001509,P0202,2025-12-31 09:15:00,1,41.48,41.48
C00071,O003012,P0155,2025-12-31 16:41:00,1,18.84,18.84
C00071,O003012,P0092,2025-12-31 16:41:00,4,18.52,74.08
